Student_ID,Gender,Study_Hours,Attendance_Percent,Previous_Marks,Assignment_Score,Quiz_Score,Internal_Marks,Internet_Access,Extracurricular,Sleep_Hours,Final_Marks
1001,Female,6.2,85,75,75,67,28,Yes,Yes,6.9,78
1002,Male,7.9,65,70,61,32,21,Yes,Yes,7.9,64
1003,Male,7.0,84,88,66,53,23,Yes,No,5.1,74
1004,Female,6.5,90,58,73,68,19,Yes,Yes,6.3,71
1005,Male,9.3,98,82,81,65,26,Yes,No,5.7,80
1006,Male,8.1,79,70,81,31,24,Yes,Yes,6.5,68
1007,Male,9.3,77,56,84,34,22,Yes,No,7.6,72
1008,Male,6.5,71,83,80,73,26,Yes,No,7.9,81
1009,Female,7.9,84,81,42,83,24,Yes,Yes,6.9,73
1010,Female,6.1,67,65,77,84,23,Yes,Yes,5.6,72
1011,Male,7.8,91,82,46,63,26,Yes,Yes,7.4,74
1012,Female,8.4,71,90,48,82,21,Yes,No,7.2,74
1013,Male,6.1,67,78,66,41,11,Yes,Yes,7.8,61
1014,Male,6.5,94,77,93,74,16,Yes,No,6.2,68
1015,Female,3.2,86,57,86,38,29,Yes,Yes,6.9,61
1016,Male,5.5,85,95,70,98,16,Yes,Yes,6.7,76
1017,Male,7.9,61,89,46,58,25,Yes,Yes,6.9,69
1018,Male,4.4,85,55,56,81,16,Yes,Yes,7.4,62
1019,Female,7.0,90,42,46,56,22,Yes,Yes,6.2,55
1020,Male,6.3,70,40,61,83,19,Yes,No,6.3,55
1021,Female,7.5,54,79,75,70,10,Yes,No,7.0,70
1022,Male,5.2,90,68,72,65,22,Yes,Yes,5.1,67
1023,Male,6.4,77,65,95,43,18,Yes,No,5.9,66
1024,Female,8.3,77,43,48,77,24,Yes,No,6.5,59
1025,Male,1.6,75,75,88,65,19,Yes,No,5.7,64
1026,Female,9.4,87,72,74,96,12,Yes,Yes,7.1,74
1027,Male,4.2,80,90,50,85,27,Yes,Yes,7.9,74
1028,Male,9.6,80,73,63,48,25,Yes,Yes,6.1,73
1029,Male,1.3,86,51,63,98,21,Yes,No,6.7,61
1030,Female,8.2,61,95,44,82,22,Yes,Yes,6.2,74
1031,Female,6.0,79,54,59,43,12,Yes,Yes,6.9,52
1032,Female,9.7,61,57,59,34,16,Yes,Yes,7.8,65
1033,Female,1.0,92,82,84,72,22,Yes,Yes,5.7,70
1034,Male,1.7,72,74,56,69,26,Yes,Yes,6.8,63
1035,Female,6.8,68,88,91,89,22,No,Yes,7.7,84
1036,Female,7.6,58,70,77,74,21,Yes,Yes,6.4,67
1037,Male,3.8,87,44,86,40,20,Yes,Yes,6.4,58
1038,Male,2.3,80,60,69,31,29,Yes,No,5.7,54
1039,Female,3.0,90,49,79,85,22,Yes,No,6.0,61
1040,Female,7.0,83,76,84,63,29,Yes,No,5.3,78
1041,Female,3.8,82,73,99,89,26,Yes,No,6.8,81
1042,Female,4.7,78,60,57,56,23,Yes,Yes,6.3,62
1043,Male,9.3,87,63,72,94,30,Yes,Yes,6.4,81
1044,Male,9.8,57,62,95,57,23,Yes,No,6.4,71
1045,Female,6.2,70,67,89,55,26,Yes,No,7.6,68
1046,Male,4.0,53,39,76,85,11,Yes,Yes,5.6,50
1047,Female,4.5,64,81,55,82,25,Yes,Yes,6.0,69
1048,Female,2.3,85,72,45,81,17,Yes,Yes,6.7,65
1049,Female,3.1,68,53,86,44,24,Yes,Yes,6.6,62
1050,Female,6.3,81,76,85,87,11,Yes,Yes,7.6,66
1051,Female,2.2,67,81,86,60,15,Yes,Yes,6.6,65
1052,Female,3.0,54,70,60,81,16,Yes,No,5.4,58
1053,Male,7.4,100,88,81,43,29,Yes,Yes,4.5,76
1054,Male,6.0,82,56,55,69,23,Yes,Yes,6.5,66
1055,Male,7.1,89,30,96,85,17,Yes,Yes,5.8,66
1056,Male,4.7,81,34,89,78,25,Yes,No,6.7,67
1057,Female,6.4,86,81,41,57,16,Yes,Yes,7.2,62
1058,Male,9.8,74,89,62,86,17,Yes,Yes,7.6,77
1059,Female,6.9,84,65,93,51,25,Yes,Yes,6.7,73
1060,Female,6.5,91,57,43,51,18,Yes,Yes,5.6,61
1061,Male,7.9,57,59,74,81,25,Yes,No,5.8,68
1062,Male,2.7,66,45,51,82,27,Yes,No,5.9,59
1063,Male,1.8,60,72,49,84,26,Yes,Yes,6.0,61
1064,Female,5.7,78,62,74,58,26,Yes,Yes,7.7,66
1065,Male,8.9,87,43,76,85,17,Yes,No,5.5,68
1066,Female,6.0,91,50,81,79,24,Yes,Yes,7.2,74
1067,Male,5.1,82,65,55,77,21,Yes,Yes,6.3,65
1068,Female,6.7,96,68,85,83,16,Yes,Yes,6.6,75
1069,Female,5.1,74,57,44,38,24,Yes,No,4.8,57
1070,Female,2.1,93,66,76,77,22,No,Yes,7.3,67
1071,Male,7.9,81,91,87,85,26,Yes,Yes,5.1,85
1072,Female,9.7,55,69,61,53,23,Yes,No,6.6,73
1073,Female,9.0,94,33,80,80,12,Yes,Yes,7.7,62
1074,Male,8.0,93,50,76,71,26,Yes,Yes,6.8,76
1075,Male,7.3,79,33,87,33,29,Yes,No,6.4,54
1076,Female,7.3,86,74,81,99,26,Yes,Yes,7.9,85
1077,Female,8.6,68,48,84,81,25,Yes,Yes,5.8,70
1078,Male,4.1,81,73,73,97,23,Yes,Yes,6.2,73
1079,Female,6.2,90,92,70,41,24,Yes,Yes,5.9,74
1080,Female,5.9,80,86,57,65,25,Yes,Yes,6.1,67
1081,Male,4.6,82,47,49,30,22,Yes,Yes,7.1,53
1082,Female,4.0,90,81,98,93,12,Yes,Yes,7.3,75
1083,Female,4.7,58,30,82,85,19,Yes,No,6.1,61
1084,Male,7.9,63,80,65,84,22,Yes,Yes,6.8,73
1085,Female,4.4,79,43,72,64,19,Yes,Yes,6.2,55
1086,Female,6.1,82,41,87,44,22,Yes,Yes,5.9,59
1087,Female,6.8,64,76,59,76,29,Yes,No,6.0,77
1088,Male,9.9,93,59,89,84,24,Yes,Yes,5.3,78
1089,Female,1.6,76,72,77,84,21,Yes,Yes,7.1,67
1090,Female,5.0,83,76,77,79,17,Yes,Yes,6.0,71
1091,Female,5.9,100,81,77,56,25,Yes,Yes,6.6,76
1092,Male,8.3,80,78,66,46,24,Yes,Yes,4.2,72
1093,Male,8.0,61,36,72,70,24,Yes,No,6.2,60
1094,Male,6.1,82,87,55,82,19,Yes,Yes,6.3,71
1095,Female,9.3,84,57,75,80,20,Yes,Yes,6.4,70
1096,Female,2.9,89,80,53,78,23,Yes,Yes,6.2,65
1097,Male,3.2,86,72,74,97,21,Yes,No,7.1,73
1098,Male,4.5,68,79,86,44,22,Yes,Yes,6.5,69
1099,Male,9.9,89,53,53,70,20,Yes,Yes,7.3,67
1100,Male,9.3,73,66,42,84,18,Yes,Yes,6.8,67
1101,Female,6.8,83,73,55,54,29,Yes,Yes,5.6,66
1102,Female,6.1,88,78,78,45,26,Yes,Yes,5.9,71
1103,Male,6.4,84,77,65,59,11,Yes,Yes,6.7,63
1104,Male,2.9,50,38,60,60,16,Yes,Yes,7.8,47
1105,Female,8.0,83,31,82,30,18,Yes,Yes,6.4,54
1106,Male,8.8,69,47,61,90,23,Yes,Yes,7.3,70
1107,Female,6.7,82,93,87,50,25,Yes,Yes,6.5,84
1108,Female,7.5,86,33,57,83,21,Yes,Yes,6.8,62
1109,Female,2.4,83,55,72,50,24,Yes,No,5.0,60
1110,Male,7.0,59,89,47,95,25,Yes,No,6.2,76
1111,Female,7.5,82,93,66,36,21,Yes,No,5.7,65
1112,Female,6.8,81,68,74,62,26,Yes,No,6.9,72
1113,Male,5.7,71,94,79,62,21,Yes,Yes,4.8,73
1114,Female,8.6,86,64,54,52,24,Yes,No,6.4,75
1115,Female,6.3,77,50,56,60,13,Yes,Yes,6.1,54
1116,Male,5.3,69,71,49,70,10,Yes,No,6.6,59
1117,Male,6.5,92,71,77,95,25,Yes,Yes,7.0,79
1118,Female,7.9,71,73,90,63,29,Yes,Yes,6.0,74
1119,Male,9.4,84,73,64,61,13,Yes,No,4.3,68
1120,Female,7.4,64,54,97,93,17,Yes,Yes,6.7,72
1121,Male,7.0,81,71,72,83,19,Yes,Yes,6.3,74
1122,Male,6.6,63,82,78,83,15,Yes,No,6.7,69
1123,Female,1.9,93,44,46,76,26,Yes,Yes,6.7,63
1124,Female,8.4,65,84,46,84,26,Yes,Yes,6.2,71
1125,Male,7.1,74,75,73,56,30,Yes,No,6.9,77
1126,Female,2.5,70,61,40,54,18,Yes,Yes,6.8,60
1127,Male,6.1,65,66,71,85,21,Yes,Yes,6.9,67
1128,Female,1.9,91,77,69,83,18,Yes,Yes,4.2,64
1129,Female,4.3,60,71,87,69,12,Yes,Yes,6.9,63
1130,Female,3.1,79,76,88,53,24,Yes,No,7.5,69
1131,Female,1.4,83,79,68,76,14,Yes,Yes,7.0,59
1132,Male,4.5,96,82,58,38,18,Yes,Yes,7.7,66
1133,Female,7.9,92,43,80,80,21,Yes,Yes,6.6,65
1134,Female,6.9,92,81,55,91,26,Yes,Yes,6.7,80
1135,Female,5.5,90,60,87,36,17,Yes,No,7.6,60
1136,Female,4.1,73,44,87,82,26,Yes,Yes,5.0,70
1137,Male,1.4,63,76,63,77,16,Yes,Yes,5.4,58
1138,Male,4.9,90,68,57,82,22,Yes,Yes,6.9,68
1139,Male,7.3,85,91,42,63,28,Yes,No,7.1,79
1140,Male,9.5,86,80,53,99,26,Yes,No,5.6,77
1141,Female,4.9,80,85,93,85,28,No,Yes,6.2,83
1142,Male,5.3,61,71,92,53,27,Yes,Yes,6.8,75
1143,Male,1.4,73,64,93,65,21,Yes,Yes,5.3,58
1144,Male,3.7,69,71,72,30,26,Yes,No,5.8,63
1145,Female,1.6,85,87,69,66,12,Yes,Yes,6.5,64
1146,Male,5.6,86,82,60,81,17,Yes,No,4.7,71
1147,Female,5.0,70,62,80,90,20,Yes,No,7.8,66
1148,Male,5.5,82,80,42,53,22,Yes,No,6.4,61
1149,Female,3.2,89,69,99,70,15,Yes,Yes,7.3,70
1150,Male,6.8,54,88,78,37,25,Yes,Yes,6.1,72
1151,Male,8.0,68,37,60,75,25,Yes,Yes,4.6,62
1152,Female,4.5,65,78,40,73,17,Yes,Yes,5.9,62
1153,Male,2.4,65,49,93,81,22,Yes,No,6.0,61
1154,Male,1.8,84,78,85,98,23,Yes,No,4.7,74
1155,Male,7.5,71,62,86,52,22,No,No,6.5,69
1156,Female,8.7,72,66,65,48,18,Yes,Yes,6.1,62
1157,Male,4.9,95,75,63,53,24,Yes,Yes,6.5,75
1158,Male,5.8,66,71,73,72,23,Yes,No,6.3,71
1159,Female,4.7,85,53,68,52,16,Yes,Yes,6.8,54
1160,Female,9.0,66,35,80,93,24,Yes,Yes,5.5,69
1161,Male,7.3,69,74,62,70,27,Yes,Yes,5.6,69
1162,Male,5.6,87,31,45,55,25,Yes,Yes,6.2,57
1163,Male,6.3,87,76,40,94,16,Yes,Yes,6.7,72
1164,Female,7.9,61,54,63,54,27,Yes,Yes,6.4,63
1165,Female,9.0,72,57,85,57,24,Yes,Yes,6.7,73
1166,Male,3.1,73,52,56,58,22,Yes,No,6.9,59
1167,Male,7.7,89,46,59,87,23,Yes,Yes,7.5,71
1168,Male,6.6,96,84,54,65,23,Yes,Yes,7.4,80
1169,Male,5.1,68,56,80,76,17,Yes,Yes,7.5,63
1170,Male,6.9,73,63,67,44,18,Yes,No,6.3,59
1171,Male,4.8,60,77,85,84,22,Yes,Yes,7.6,71
1172,Male,6.2,61,83,79,84,16,Yes,Yes,6.1,69
1173,Male,6.9,96,30,88,76,26,Yes,Yes,7.3,68
1174,Female,4.7,89,31,42,55,22,Yes,Yes,7.3,54
1175,Male,9.4,96,56,63,49,22,Yes,Yes,5.1,67
1176,Female,5.1,67,52,70,77,24,Yes,No,6.9,68
1177,Male,4.9,83,81,84,36,12,Yes,No,6.6,63
1178,Female,5.4,52,57,76,70,22,Yes,Yes,6.4,68
1179,Female,9.3,66,51,86,76,21,Yes,Yes,7.7,70
1180,Female,6.3,100,71,81,69,21,Yes,No,5.6,81
1181,Male,2.3,76,76,58,65,17,Yes,Yes,5.8,63
1182,Male,4.4,75,35,87,43,16,Yes,No,6.7,50
1183,Male,6.6,79,54,67,67,25,Yes,Yes,7.7,65
1184,Female,9.4,89,63,87,51,17,Yes,No,7.9,72
1185,Female,5.5,89,89,97,72,17,Yes,No,5.0,75
1186,Male,3.7,86,40,58,48,11,Yes,No,6.1,50
1187,Male,3.7,89,64,100,35,18,Yes,No,4.4,63
1188,Male,3.5,94,70,55,66,12,Yes,Yes,6.9,60
1189,Male,9.6,82,82,93,50,22,Yes,No,6.1,75
1190,Female,6.2,65,46,75,83,17,Yes,Yes,6.1,57
1191,Male,10.0,53,38,83,47,26,Yes,Yes,6.5,62
1192,Female,3.9,87,61,43,75,27,Yes,No,5.3,67
1193,Female,5.3,88,49,73,63,27,Yes,No,6.8,67
1194,Male,2.0,80,56,76,85,22,Yes,No,6.6,61
1195,Male,6.7,89,86,78,82,26,Yes,Yes,8.0,83
1196,Female,7.3,90,73,69,57,16,Yes,No,7.1,69
1197,Female,7.4,81,74,77,65,16,Yes,No,6.6,67
1198,Female,5.1,50,92,67,94,29,Yes,Yes,7.6,81
1199,Male,5.7,86,78,67,72,16,Yes,Yes,6.9,69
1200,Male,1.1,82,40,74,59,22,Yes,Yes,7.2,52
1201,Male,4.6,80,82,42,58,30,Yes,Yes,4.0,69
1202,Male,8.0,51,45,99,95,21,Yes,No,5.3,70
1203,Male,5.0,82,51,74,72,23,Yes,No,7.9,70
1204,Male,2.3,90,89,51,51,21,Yes,No,6.3,69
1205,Female,5.2,90,93,81,75,24,Yes,No,6.7,76
1206,Female,6.4,66,80,60,71,23,Yes,Yes,4.5,66
1207,Male,7.8,100,78,86,87,17,Yes,No,6.3,79
1208,Female,5.1,57,80,83,45,26,Yes,Yes,7.0,72
1209,Female,5.3,82,68,65,89,24,Yes,No,6.5,74
1210,Female,6.8,72,82,72,67,19,Yes,Yes,6.3,83
1211,Male,3.8,94,79,86,70,23,Yes,No,7.6,77
1212,Male,7.4,75,50,72,62,24,Yes,Yes,6.6,69
1213,Female,4.4,59,87,53,73,23,Yes,Yes,7.9,73
1214,Female,6.7,80,69,84,43,20,Yes,No,4.6,67
1215,Male,3.4,87,31,98,34,26,Yes,Yes,5.3,56
1216,Female,6.2,87,73,88,86,26,Yes,Yes,7.7,83
1217,Male,2.0,73,36,44,88,12,Yes,Yes,7.4,47
1218,Male,8.7,77,88,75,58,29,Yes,No,7.8,81
1219,Male,5.3,87,80,80,100,25,Yes,Yes,5.7,78
1220,Female,7.9,71,64,98,55,22,Yes,Yes,4.8,70
1221,Female,6.9,90,82,67,82,22,Yes,Yes,7.7,85
1222,Female,9.2,93,68,76,96,11,Yes,Yes,7.0,67
1223,Male,2.1,81,91,87,81,16,Yes,Yes,7.1,75
1224,Male,5.1,100,49,70,42,12,Yes,Yes,5.7,49
1225,Male,7.2,100,84,58,69,21,Yes,Yes,6.9,74
1226,Female,5.0,85,82,63,97,28,Yes,Yes,7.1,83
1227,Female,7.5,97,86,71,74,28,Yes,Yes,6.4,82
1228,Male,7.8,83,74,52,73,23,Yes,No,6.7,69
1229,Female,9.5,85,77,58,58,18,Yes,Yes,5.7,67
1230,Female,6.2,56,51,96,54,13,Yes,Yes,7.8,62
1231,Female,9.9,97,74,78,46,22,Yes,No,6.1,72
1232,Male,4.0,95,51,56,37,17,Yes,Yes,7.2,55
1233,Male,7.8,83,82,72,70,25,Yes,No,7.9,79
1234,Male,1.3,95,53,95,83,21,Yes,Yes,5.1,63
1235,Male,9.1,94,87,82,70,21,Yes,Yes,6.2,87
1236,Female,5.9,90,58,66,83,20,Yes,Yes,6.0,69
1237,Female,4.5,78,78,86,77,18,Yes,No,7.8,67
1238,Male,9.8,76,83,78,86,26,Yes,No,6.7,84
1239,Male,3.9,87,82,70,78,21,Yes,Yes,7.7,71
1240,Female,1.7,79,80,53,35,20,Yes,Yes,6.2,61
1241,Male,6.8,88,49,58,75,20,Yes,No,7.7,62
1242,Male,8.2,80,67,64,97,22,Yes,Yes,7.0,75
1243,Male,4.0,83,62,40,97,26,Yes,Yes,6.8,69
1244,Female,3.2,80,79,73,76,22,Yes,No,5.8,73
1245,Female,6.2,96,80,85,84,14,Yes,No,6.3,70
1246,Male,7.9,73,60,55,76,26,Yes,Yes,6.5,69
1247,Female,6.6,92,77,73,83,28,Yes,No,5.9,78
1248,Male,7.0,89,80,43,63,26,Yes,No,7.7,71
1249,Female,7.7,89,80,45,84,22,Yes,Yes,6.0,79
1250,Male,1.1,74,69,54,95,19,Yes,Yes,5.8,64
1251,Female,2.5,93,44,48,50,22,Yes,Yes,6.4,50
1252,Female,4.4,98,74,72,87,16,Yes,No,6.4,73
1253,Male,6.5,73,58,65,33,19,Yes,No,6.0,64
1254,Female,7.2,95,81,52,80,27,Yes,Yes,5.7,80
1255,Female,6.6,50,65,43,84,16,Yes,No,5.7,55
1256,Female,7.6,58,55,62,69,22,Yes,Yes,7.6,64
1257,Male,4.4,62,59,88,76,25,Yes,Yes,5.7,72
1258,Female,7.7,69,79,61,88,30,Yes,Yes,5.0,76
1259,Male,8.1,83,82,88,46,11,Yes,Yes,7.2,70
1260,Female,8.2,63,79,51,57,16,Yes,No,5.3,66
1261,Male,6.5,66,74,66,94,21,Yes,Yes,6.6,70
1262,Male,7.5,80,82,76,90,22,No,No,5.8,78
1263,Male,6.3,85,73,75,53,13,Yes,Yes,5.4,54
1264,Female,1.9,85,73,69,72,26,Yes,Yes,6.6,66
1265,Male,7.8,80,65,48,82,23,Yes,No,6.3,69
1266,Female,7.8,94,35,43,44,10,Yes,Yes,5.5,44
1267,Male,7.4,88,87,77,81,19,Yes,Yes,5.4,82
1268,Male,7.0,90,81,86,91,19,Yes,Yes,5.2,73
1269,Female,5.7,62,77,56,45,19,Yes,No,6.2,60
1270,Male,9.5,66,76,88,94,11,Yes,Yes,7.5,75
1271,Female,8.6,80,75,61,77,22,Yes,Yes,7.3,79
1272,Male,6.8,69,50,72,50,23,Yes,Yes,6.8,58
1273,Female,2.5,78,72,69,83,30,Yes,Yes,6.5,76
1274,Female,9.6,70,66,70,97,26,Yes,No,6.7,78
1275,Female,7.6,78,70,86,85,17,Yes,Yes,6.5,70
1276,Female,5.5,81,69,66,76,18,Yes,Yes,5.7,68
1277,Female,7.7,85,82,97,74,22,Yes,Yes,6.8,81
1278,Female,6.4,83,75,75,62,30,Yes,Yes,7.4,75
1279,Female,3.0,74,80,85,59,14,Yes,No,7.0,65
1280,Female,6.8,57,59,85,53,16,Yes,Yes,7.2,61
1281,Male,2.2,79,81,82,44,16,Yes,No,7.3,64
1282,Female,2.5,87,90,55,63,21,Yes,Yes,7.5,71
1283,Male,8.8,83,40,41,82,25,Yes,Yes,6.5,69
1284,Female,7.9,52,58,65,56,17,Yes,No,7.1,57
1285,Female,7.7,79,80,86,57,26,Yes,Yes,6.5,84
1286,Male,4.9,75,44,72,84,22,Yes,No,7.1,58
1287,Female,6.0,93,92,75,51,23,Yes,No,7.1,76
1288,Female,3.7,80,49,77,70,19,Yes,Yes,6.2,62
1289,Male,7.2,84,49,74,80,18,Yes,Yes,6.6,66
1290,Male,9.8,73,64,59,68,21,Yes,No,6.5,67
1291,Male,9.9,75,73,47,76,18,Yes,Yes,7.8,70
1292,Female,5.8,60,82,77,83,10,Yes,Yes,6.6,65
1293,Male,6.3,82,77,73,89,19,Yes,Yes,5.9,71
1294,Male,7.3,99,91,86,74,18,Yes,Yes,7.3,83
1295,Male,4.6,64,78,99,66,29,Yes,No,7.1,79
1296,Female,8.8,55,81,63,73,21,Yes,Yes,5.5,69
1297,Female,6.2,65,61,48,88,16,Yes,Yes,4.4,62
1298,Male,6.5,95,48,85,69,22,Yes,Yes,6.7,69
1299,Female,1.6,75,82,60,96,11,Yes,Yes,7.0,67
1300,Female,6.2,90,50,56,59,19,Yes,Yes,5.5,61
1301,Male,8.5,92,49,100,68,10,Yes,No,6.8,63
1302,Female,8.5,87,41,88,48,18,Yes,Yes,6.9,61
1303,Female,3.4,89,66,73,66,13,Yes,No,6.3,63
1304,Male,6.5,81,74,86,74,24,Yes,No,7.1,78
1305,Female,4.3,61,69,60,84,21,Yes,Yes,5.9,65
1306,Female,2.8,65,92,83,32,17,No,Yes,7.6,66
1307,Male,2.9,84,67,55,74,21,Yes,Yes,4.6,66
1308,Male,4.2,85,74,95,50,29,Yes,Yes,7.5,74
1309,Female,8.6,70,56,86,72,27,Yes,No,5.2,74
1310,Female,6.4,81,62,82,72,13,Yes,No,6.9,65
1311,Female,4.9,74,60,83,73,17,Yes,Yes,7.2,65
1312,Male,3.2,88,59,64,38,26,Yes,No,5.2,63
1313,Male,6.2,61,59,72,94,23,Yes,No,6.4,72
1314,Female,2.1,53,77,79,79,21,No,No,4.9,68
1315,Male,7.7,63,66,64,75,22,Yes,Yes,6.5,73
1316,Female,6.7,80,77,98,39,16,Yes,Yes,6.8,69
1317,Female,7.8,93,59,72,53,29,Yes,Yes,5.2,73
1318,Male,7.9,66,64,98,38,24,Yes,No,6.9,69
1319,Male,2.3,61,62,93,85,29,Yes,Yes,5.7,72
1320,Female,5.2,84,78,90,74,26,Yes,Yes,7.4,78
1321,Female,2.3,72,77,81,83,10,Yes,Yes,4.6,62
1322,Male,4.9,80,82,77,65,21,Yes,Yes,4.5,71
1323,Female,7.3,88,38,61,72,21,Yes,Yes,4.2,57
1324,Female,4.3,99,71,93,44,27,Yes,No,5.0,77
1325,Male,8.4,93,91,49,76,10,Yes,Yes,6.0,67
1326,Male,6.2,62,52,46,96,20,Yes,Yes,5.6,58
1327,Male,7.3,58,63,69,51,25,Yes,Yes,5.3,68
1328,Female,9.2,51,55,75,53,23,Yes,Yes,5.9,67
1329,Female,5.1,81,78,81,63,17,Yes,Yes,7.8,72
1330,Female,1.6,83,74,45,93,17,Yes,Yes,7.4,66
1331,Male,5.1,50,45,51,71,22,Yes,Yes,6.3,56
1332,Female,9.5,85,68,75,60,22,Yes,Yes,5.2,69
1333,Male,3.1,69,58,56,57,23,Yes,Yes,7.3,60
1334,Female,6.8,73,68,65,83,24,Yes,Yes,7.4,71
1335,Male,9.1,83,36,85,74,13,Yes,No,7.9,66
1336,Female,7.0,83,48,83,66,22,Yes,No,5.9,65
1337,Male,7.2,61,33,42,75,17,Yes,Yes,7.2,51
1338,Female,10.0,89,76,79,64,26,Yes,Yes,7.8,80
1339,Female,5.7,64,93,82,59,21,Yes,No,7.0,76
1340,Male,7.1,66,40,63,87,22,Yes,Yes,6.2,61
1341,Male,2.6,73,51,83,88,26,Yes,No,7.7,66
1342,Female,5.2,80,48,76,34,15,Yes,No,7.0,55
1343,Female,6.5,75,76,62,82,22,Yes,Yes,7.3,74
1344,Male,7.3,90,37,68,73,24,Yes,Yes,6.7,63
1345,Male,5.6,75,70,68,88,22,Yes,No,4.7,68
1346,Male,4.7,79,69,82,78,23,Yes,Yes,7.4,73
1347,Male,1.2,86,47,66,46,10,Yes,Yes,6.1,43
1348,Male,3.3,95,94,61,78,22,Yes,Yes,4.1,68
1349,Female,7.5,89,51,56,83,21,Yes,Yes,7.7,65
1350,Male,6.4,91,56,73,57,20,Yes,No,7.7,65
1351,Female,4.3,89,80,49,93,24,Yes,No,5.3,73
1352,Male,3.1,79,46,41,79,26,Yes,No,6.9,64
1353,Male,7.2,90,56,87,62,22,Yes,Yes,5.0,71
1354,Male,9.0,83,58,87,93,23,Yes,Yes,6.7,76
1355,Male,1.8,66,65,41,51,22,Yes,Yes,6.6,55
1356,Female,9.0,92,58,40,87,21,Yes,Yes,6.5,65
1357,Female,4.3,76,74,90,75,25,Yes,Yes,6.8,74
1358,Male,9.8,76,42,99,80,28,Yes,No,5.3,73
1359,Male,7.3,71,56,76,74,29,Yes,No,7.9,75
1360,Female,6.3,95,75,44,82,22,Yes,Yes,7.4,69
1361,Female,9.4,93,88,81,74,22,Yes,Yes,6.2,83
1362,Male,8.7,90,52,58,83,21,Yes,Yes,6.2,73
1363,Male,3.6,68,52,86,85,22,Yes,Yes,5.1,64
1364,Male,7.4,51,94,91,34,19,Yes,No,7.9,74
1365,Male,9.7,61,70,40,72,15,Yes,Yes,5.2,64
1366,Female,4.8,78,64,55,50,26,Yes,No,6.3,62
1367,Female,9.4,59,74,57,43,16,Yes,Yes,7.1,64
1368,Male,9.6,81,76,78,82,22,Yes,Yes,7.7,80
1369,Female,8.5,56,89,87,87,25,Yes,No,6.2,82
1370,Female,1.5,86,42,61,86,19,Yes,Yes,6.5,55
1371,Male,3.1,89,35,63,74,22,Yes,Yes,7.3,58
1372,Female,5.4,53,67,57,76,26,Yes,Yes,7.4,69
1373,Female,6.4,96,68,87,56,24,Yes,Yes,6.2,77
1374,Female,6.7,84,70,92,79,26,Yes,No,5.2,80
1375,Female,6.9,80,72,65,90,22,Yes,Yes,7.9,82
1376,Male,4.0,56,69,75,84,21,Yes,No,6.5,65
1377,Male,4.3,68,78,69,80,13,Yes,Yes,5.4,66
1378,Male,9.9,58,76,93,85,21,Yes,Yes,4.4,77
1379,Male,7.6,81,61,77,80,19,Yes,No,4.5,75
1380,Female,2.1,70,47,55,78,26,Yes,Yes,5.3,56
1381,Female,5.8,56,80,88,73,19,Yes,Yes,6.9,69
1382,Female,2.9,67,58,73,55,21,Yes,Yes,6.4,57
1383,Male,6.6,66,80,95,70,21,Yes,Yes,7.3,70
1384,Female,6.4,98,89,40,55,16,Yes,Yes,7.0,66
1385,Female,6.6,68,51,57,49,19,Yes,No,6.9,55
1386,Male,6.5,88,81,68,97,21,Yes,Yes,7.9,79
1387,Female,2.3,93,82,57,42,19,Yes,Yes,7.8,65
1388,Male,8.6,74,62,97,80,21,Yes,No,5.8,80
1389,Female,6.1,92,81,77,34,23,Yes,Yes,4.3,71
1390,Female,6.5,70,65,66,79,26,Yes,No,5.1,68
1391,Male,7.3,50,70,76,70,16,No,Yes,6.5,63
1392,Female,2.3,90,81,75,74,22,Yes,Yes,7.8,74
1393,Male,4.7,85,36,53,33,19,Yes,No,7.7,47
1394,Female,9.3,80,72,93,86,26,Yes,Yes,5.6,87
1395,Male,7.0,89,50,73,58,19,Yes,No,6.4,67
1396,Female,3.7,64,81,77,30,16,Yes,Yes,6.8,59
1397,Female,7.7,85,52,47,39,11,Yes,Yes,6.7,48
1398,Male,6.4,88,90,63,75,26,Yes,Yes,8.0,84
1399,Female,3.3,54,54,86,56,18,Yes,Yes,6.7,58
1400,Female,5.5,56,93,55,78,25,Yes,No,7.2,79
1401,Female,7.8,83,62,87,51,19,Yes,Yes,6.0,63
1402,Female,3.0,66,78,86,59,23,Yes,No,6.3,67
1403,Female,6.0,77,46,86,73,23,Yes,No,6.6,66
1404,Male,6.4,81,74,76,59,28,Yes,Yes,6.7,75
1405,Female,5.1,92,79,55,72,20,Yes,Yes,6.0,68
1406,Male,6.6,80,77,76,74,14,Yes,No,6.6,71
1407,Female,8.0,53,50,97,82,10,Yes,No,4.2,57
1408,Female,6.8,84,84,56,54,21,Yes,Yes,5.5,69
1409,Male,8.9,87,53,65,48,29,Yes,Yes,6.3,69
1410,Male,3.6,84,56,94,51,23,Yes,Yes,6.8,67
1411,Female,7.8,71,62,65,45,17,Yes,No,6.9,64
1412,Female,3.7,71,77,61,74,21,Yes,Yes,7.9,65
1413,Female,7.6,67,88,70,50,16,Yes,No,6.9,65
1414,Male,6.5,61,62,54,39,22,Yes,Yes,7.3,64
1415,Female,9.6,82,66,56,58,21,Yes,Yes,6.4,69
1416,Female,4.5,53,81,69,70,20,Yes,Yes,6.2,65
1417,Male,8.5,91,48,64,57,20,Yes,Yes,5.1,67
1418,Male,2.8,98,71,71,52,23,Yes,Yes,4.9,65
1419,Female,4.7,86,40,48,70,26,Yes,Yes,7.2,64
1420,Male,5.0,75,66,77,84,26,Yes,Yes,6.5,73
1421,Male,6.8,70,65,42,73,25,Yes,Yes,8.0,74
1422,Male,3.1,83,34,78,83,16,Yes,Yes,8.0,63
1423,Female,6.9,84,68,78,88,10,Yes,No,7.3,67
1424,Female,7.9,99,57,81,94,28,Yes,Yes,7.8,83
1425,Female,7.4,85,72,84,66,26,Yes,Yes,6.6,78
1426,Male,2.4,66,66,86,85,23,Yes,Yes,5.9,72
1427,Male,8.9,100,85,66,69,21,Yes,No,6.5,75
1428,Male,6.4,73,79,79,53,13,Yes,Yes,7.9,69
1429,Male,2.0,65,62,45,39,16,Yes,No,6.0,52
1430,Male,8.9,81,54,87,51,19,Yes,No,7.5,62
1431,Male,9.1,71,64,85,59,19,Yes,Yes,4.8,64
1432,Female,1.6,80,64,68,96,18,Yes,Yes,6.6,58
1433,Male,6.5,65,67,73,77,18,Yes,No,4.4,64
1434,Female,5.1,82,64,98,63,24,Yes,Yes,5.8,73
1435,Female,6.3,97,34,92,70,24,Yes,Yes,5.3,70
1436,Female,5.8,70,64,59,53,25,Yes,No,7.9,66
1437,Female,6.7,96,45,56,61,21,Yes,Yes,6.9,66
1438,Female,5.5,94,52,54,53,26,Yes,No,5.5,58
1439,Female,8.5,90,61,74,62,17,Yes,Yes,6.1,62
1440,Male,5.8,76,78,69,45,18,Yes,No,7.5,66
1441,Female,5.7,84,70,94,71,22,Yes,Yes,6.0,74
1442,Male,10.0,100,79,77,69,21,No,Yes,6.0,79
1443,Female,6.3,99,78,52,67,21,Yes,Yes,6.8,65
1444,Male,7.1,81,78,76,83,15,Yes,No,8.0,73
1445,Male,7.1,80,50,76,77,17,Yes,Yes,7.6,62
1446,Female,7.0,90,70,49,99,24,Yes,Yes,6.7,77
1447,Male,7.6,100,44,90,73,16,No,Yes,5.3,66
1448,Male,2.4,90,65,72,70,25,Yes,No,7.9,66
1449,Male,9.4,68,64,93,81,12,Yes,Yes,4.2,66
1450,Male,9.7,84,68,45,69,21,Yes,Yes,5.1,65
1451,Female,7.5,67,53,73,80,25,Yes,Yes,6.7,69
1452,Female,4.3,75,74,97,70,20,Yes,Yes,6.9,75
1453,Male,2.1,100,47,55,65,24,Yes,Yes,7.0,57
1454,Female,6.8,79,43,75,79,21,Yes,Yes,7.5,67
1455,Male,1.3,78,88,41,82,20,Yes,No,7.2,65
1456,Female,6.0,74,74,70,49,25,Yes,Yes,7.7,68
1457,Male,7.7,57,64,61,69,22,Yes,Yes,7.3,67
1458,Male,5.4,88,75,60,96,28,Yes,Yes,6.4,74
1459,Female,5.2,89,91,86,50,25,Yes,No,5.9,75
1460,Male,6.0,75,70,62,78,22,Yes,No,7.7,67
1461,Female,6.7,87,65,62,66,25,Yes,No,5.9,75
1462,Male,7.9,80,62,40,54,19,Yes,Yes,6.8,61
1463,Female,7.7,100,82,87,40,14,Yes,Yes,6.8,69
1464,Female,3.0,88,61,99,60,24,Yes,Yes,6.8,70
1465,Male,6.5,98,82,63,50,28,Yes,Yes,7.5,76
1466,Female,5.8,73,78,41,71,29,Yes,Yes,5.6,70
1467,Female,6.6,89,67,79,41,23,Yes,No,6.3,70
1468,Female,1.3,83,57,85,78,11,Yes,No,5.8,60
1469,Male,1.7,83,80,73,83,24,Yes,No,7.8,71
1470,Male,1.5,78,56,68,41,26,Yes,Yes,6.3,57
1471,Male,4.4,76,39,88,70,29,Yes,No,5.7,64
1472,Female,7.3,81,58,55,63,23,No,Yes,6.3,58
1473,Female,8.6,65,33,78,65,23,Yes,Yes,7.5,58
1474,Male,4.9,70,70,65,56,25,Yes,No,5.3,69
1475,Male,4.5,99,35,50,81,21,Yes,Yes,5.5,62
1476,Male,4.6,71,58,61,80,26,No,Yes,7.8,67
1477,Male,3.3,75,71,79,72,11,Yes,Yes,6.9,64
1478,Female,6.8,98,88,87,40,16,Yes,No,5.9,72
1479,Male,8.3,81,79,85,73,17,Yes,No,5.9,83
1480,Male,8.9,85,57,87,95,26,Yes,Yes,5.7,81
1481,Female,5.9,82,61,79,87,26,Yes,No,6.2,73
1482,Female,5.1,95,69,74,86,24,Yes,Yes,7.6,73
1483,Male,7.6,88,52,79,79,23,Yes,Yes,5.6,65
1484,Male,5.8,73,74,99,75,29,Yes,No,6.5,80
1485,Male,5.8,57,33,71,78,28,Yes,No,5.9,59
1486,Female,1.3,87,72,98,75,19,Yes,No,7.1,65
1487,Male,9.1,80,74,64,81,18,Yes,Yes,7.8,72
1488,Female,5.2,74,79,63,76,30,Yes,No,7.5,73
1489,Female,9.7,70,69,70,97,19,Yes,Yes,6.8,80
1490,Female,9.0,82,32,96,83,22,Yes,No,7.8,73
1491,Female,8.7,65,69,91,54,26,Yes,Yes,7.1,75
1492,Male,6.9,76,60,85,78,21,Yes,No,6.0,74
1493,Male,7.6,59,78,86,73,27,Yes,Yes,5.5,77
1494,Male,4.7,80,69,75,89,21,Yes,Yes,7.1,69
1495,Male,9.1,93,87,83,50,25,Yes,Yes,6.9,85
1496,Male,5.8,94,79,88,35,12,Yes,Yes,6.9,67
1497,Female,9.5,78,70,77,73,24,Yes,Yes,6.5,73
1498,Female,9.8,86,88,74,69,16,Yes,No,7.7,77
1499,Female,7.4,80,63,69,77,25,Yes,Yes,8.0,71
1500,Male,5.8,90,63,56,65,11,No,No,6.3,55
1501,Female,5.7,89,64,86,50,19,Yes,Yes,6.8,69
1502,Female,4.5,85,43,84,84,27,Yes,Yes,6.3,74
1503,Female,9.5,76,71,79,33,30,Yes,Yes,7.4,71
1504,Male,2.9,88,41,52,99,25,Yes,Yes,5.1,63
1505,Female,6.2,71,61,99,41,20,Yes,Yes,5.4,62
1506,Female,8.6,60,69,82,82,26,Yes,Yes,4.5,73
1507,Male,7.2,67,71,79,54,25,Yes,Yes,6.2,69
1508,Male,8.4,88,76,53,86,23,Yes,Yes,6.9,73
1509,Male,7.3,72,52,88,81,22,Yes,Yes,4.4,68
1510,Male,7.5,87,62,70,62,19,Yes,Yes,4.5,62
1511,Female,5.1,83,75,82,74,17,Yes,Yes,6.8,71
1512,Female,6.1,97,67,100,86,27,Yes,No,5.3,79
1513,Male,7.4,56,70,42,70,24,Yes,No,4.8,64
1514,Male,7.7,69,58,81,78,21,Yes,No,6.5,67
1515,Male,9.9,97,59,59,50,29,Yes,Yes,5.1,69
1516,Female,7.7,55,57,72,64,21,Yes,No,5.4,66
1517,Male,6.5,71,77,58,88,16,Yes,No,4.5,68
1518,Female,9.3,76,80,64,81,21,Yes,No,7.7,74
1519,Male,9.4,91,75,47,65,14,No,Yes,7.9,69
1520,Female,1.8,89,79,87,76,18,Yes,No,6.9,72
1521,Female,3.3,62,81,70,77,22,Yes,No,7.1,65
1522,Male,4.5,50,94,44,94,10,Yes,Yes,7.6,67
1523,Male,6.5,81,78,42,81,27,Yes,No,6.8,72
1524,Male,6.8,72,87,73,81,20,Yes,Yes,6.0,77
1525,Male,6.0,73,63,76,54,26,Yes,Yes,5.1,64
1526,Male,9.6,60,47,85,67,27,Yes,Yes,6.5,65
1527,Female,2.6,80,73,81,85,22,Yes,No,4.6,64
1528,Female,3.7,62,73,41,83,23,Yes,Yes,7.1,65
1529,Male,3.5,89,75,58,57,26,Yes,Yes,6.2,69
1530,Male,1.1,90,63,100,73,19,Yes,Yes,4.8,62
1531,Female,5.5,96,51,41,85,23,Yes,Yes,7.6,67
1532,Female,7.3,89,80,47,89,16,No,Yes,6.0,65
1533,Male,3.6,78,85,62,81,16,No,No,5.3,67
1534,Male,9.9,81,39,88,68,24,Yes,No,7.3,66
1535,Male,3.3,82,69,79,58,27,Yes,Yes,6.9,68
1536,Female,4.7,80,68,67,91,20,No,Yes,7.7,71
1537,Male,9.2,80,79,79,73,13,Yes,Yes,6.4,70
1538,Female,5.6,89,72,82,59,21,Yes,No,6.6,69
1539,Male,7.1,88,38,77,85,24,Yes,Yes,7.5,71
1540,Female,1.4,87,61,44,73,21,Yes,Yes,5.4,56
1541,Male,7.0,76,46,69,94,11,Yes,Yes,6.8,64
1542,Male,3.5,95,89,60,78,16,Yes,No,5.1,65
1543,Female,6.5,88,34,81,59,21,Yes,No,4.7,60
1544,Male,2.4,82,68,63,86,28,Yes,No,5.1,73
1545,Male,4.0,74,58,55,52,19,Yes,Yes,4.8,48
1546,Male,3.3,59,54,93,81,13,Yes,Yes,4.0,55
1547,Male,3.8,94,42,85,54,23,Yes,Yes,7.2,64
1548,Male,3.2,90,80,60,60,23,Yes,Yes,7.5,69
1549,Male,4.9,70,93,85,90,25,Yes,Yes,6.4,82
1550,Male,9.5,89,65,88,77,18,Yes,Yes,7.0,73
1551,Male,5.7,89,44,60,93,23,Yes,Yes,7.4,67
1552,Male,6.2,82,63,79,50,24,Yes,Yes,7.0,68
1553,Male,5.9,96,77,65,78,26,Yes,No,4.5,78
1554,Female,9.5,85,45,51,71,25,Yes,Yes,6.6,67
1555,Male,7.1,98,70,68,85,16,Yes,No,7.0,73
1556,Male,6.3,91,52,69,86,22,Yes,No,6.9,68
1557,Female,2.4,84,86,78,78,26,Yes,Yes,7.8,75
1558,Male,2.1,59,65,84,77,14,Yes,No,6.6,59
1559,Female,1.2,77,73,63,83,17,Yes,Yes,6.7,64
1560,Female,3.4,85,50,78,49,29,Yes,No,4.5,61
1561,Female,1.8,78,76,76,40,22,Yes,Yes,5.3,63
1562,Female,4.5,65,46,82,68,24,Yes,No,6.7,69
1563,Male,5.9,66,50,74,64,17,Yes,Yes,7.2,63
1564,Female,6.7,93,92,76,100,20,Yes,Yes,7.6,82
1565,Female,7.1,79,81,70,83,20,Yes,No,6.9,79
1566,Male,1.1,95,53,60,51,26,Yes,Yes,5.7,57
1567,Male,4.2,89,55,83,68,20,Yes,No,7.2,60
1568,Male,6.7,91,76,62,85,11,Yes,No,5.6,64
1569,Female,6.7,82,52,66,76,10,Yes,No,6.3,53
1570,Male,3.8,92,39,97,52,21,Yes,No,6.1,59
1571,Male,1.3,51,56,64,78,26,Yes,No,6.8,61
1572,Male,4.1,80,83,55,80,23,Yes,Yes,6.0,76
1573,Male,4.9,86,80,83,44,19,Yes,No,5.8,69
1574,Male,6.1,88,35,42,72,17,Yes,No,6.0,53
1575,Male,8.6,84,50,70,88,14,Yes,No,5.3,67
1576,Male,2.6,89,75,84,84,21,Yes,Yes,7.5,66
1577,Male,6.5,86,80,80,92,20,Yes,No,7.3,79
1578,Male,5.6,63,50,68,70,25,Yes,No,7.5,67
1579,Male,5.4,83,51,40,60,24,Yes,No,6.9,55
1580,Male,5.6,84,95,85,74,14,Yes,Yes,6.3,78
1581,Male,6.7,85,70,87,70,27,Yes,Yes,4.2,75
1582,Male,1.9,51,91,94,72,26,No,Yes,7.6,74
1583,Female,6.1,52,58,79,73,17,Yes,No,5.5,64
1584,Male,4.8,95,68,63,36,14,Yes,No,6.8,66
1585,Female,6.9,82,64,87,46,16,Yes,Yes,6.2,65
1586,Male,3.6,80,87,67,77,12,Yes,Yes,7.6,68
1587,Female,2.5,52,64,55,32,24,Yes,Yes,7.2,54
1588,Male,7.1,68,74,82,54,16,Yes,Yes,7.1,65
1589,Male,7.2,66,82,58,100,22,Yes,No,6.9,79
1590,Female,1.7,70,82,77,53,16,Yes,No,6.0,59
1591,Female,4.4,64,55,64,78,26,Yes,Yes,6.5,65
1592,Female,7.4,82,81,76,85,21,Yes,Yes,6.9,76
1593,Female,7.1,68,52,75,71,26,Yes,Yes,6.6,70
1594,Male,1.1,87,43,93,43,16,Yes,No,6.3,54
1595,Female,1.1,72,93,74,78,25,Yes,Yes,6.6,77
1596,Male,7.9,91,53,72,74,20,Yes,Yes,7.6,68
1597,Female,5.8,63,81,57,82,26,Yes,Yes,7.8,74
1598,Female,6.8,82,82,72,72,23,Yes,No,7.6,74
1599,Female,7.1,72,62,59,51,25,Yes,No,5.4,63
1600,Male,7.1,72,68,63,52,26,Yes,No,7.0,70
1601,Male,6.6,65,82,71,78,30,Yes,Yes,7.3,82
1602,Male,1.4,61,63,56,96,23,Yes,Yes,6.4,60
1603,Male,7.8,74,86,89,46,14,Yes,Yes,6.2,72
1604,Female,1.1,67,61,74,81,22,Yes,No,6.9,67
1605,Male,2.0,98,88,71,61,19,Yes,Yes,7.4,71
1606,Male,5.9,50,81,47,32,26,Yes,Yes,6.8,69
1607,Female,9.5,58,61,55,33,22,Yes,No,5.4,58
1608,Male,5.4,65,73,45,71,10,Yes,No,6.4,54
1609,Female,2.8,75,90,83,79,16,Yes,Yes,5.3,65
1610,Male,1.5,88,39,83,63,26,Yes,Yes,7.4,66
1611,Male,9.1,69,68,57,34,20,Yes,Yes,6.6,65
1612,Female,1.9,54,53,68,83,13,Yes,No,6.1,54
1613,Male,6.5,61,83,89,31,20,Yes,No,5.1,67
1614,Female,10.0,61,80,49,69,19,Yes,Yes,6.3,67
1615,Male,3.4,75,56,73,71,25,Yes,Yes,6.3,72
1616,Male,6.7,84,70,76,97,14,Yes,No,5.3,70
1617,Female,7.1,85,82,100,70,11,Yes,No,7.2,74
1618,Female,9.9,77,85,86,65,20,Yes,Yes,7.2,81
1619,Male,9.1,87,61,90,100,16,Yes,Yes,7.2,78
1620,Female,7.4,87,73,98,50,22,Yes,Yes,6.6,75
1621,Female,6.1,82,75,79,66,21,Yes,Yes,5.6,68
1622,Female,3.6,60,67,61,78,20,Yes,No,6.3,64
1623,Male,9.4,57,66,88,63,19,Yes,No,5.6,75
1624,Female,5.5,65,70,75,79,12,Yes,No,7.2,69
1625,Female,1.4,79,90,85,73,21,Yes,Yes,7.4,78
1626,Male,2.3,79,89,60,74,16,Yes,No,5.6,64
1627,Female,6.7,54,68,81,62,24,Yes,Yes,7.4,67
1628,Female,7.5,56,76,99,60,21,Yes,Yes,6.7,73
1629,Female,7.5,80,50,61,64,23,Yes,Yes,5.0,63
1630,Female,9.3,96,92,84,77,21,Yes,Yes,4.7,85
1631,Male,6.7,82,59,63,76,22,Yes,No,6.1,62
1632,Female,9.8,86,52,70,52,21,Yes,Yes,7.4,72
1633,Female,8.0,87,55,84,59,24,Yes,Yes,6.6,70
1634,Female,4.0,56,70,84,99,21,Yes,Yes,6.7,70
1635,Female,7.7,94,82,68,56,25,Yes,Yes,7.4,74
1636,Male,6.1,70,52,88,39,18,Yes,Yes,5.6,54
1637,Male,7.5,89,45,44,80,21,Yes,Yes,5.3,64
1638,Male,1.7,82,45,45,70,19,Yes,No,6.0,52
1639,Female,1.8,54,65,79,91,19,Yes,Yes,7.3,61
1640,Male,4.4,82,89,70,88,30,Yes,Yes,7.2,78
1641,Female,3.3,68,80,66,75,17,Yes,Yes,7.6,66
1642,Male,3.3,76,85,86,49,28,Yes,No,6.5,79
1643,Male,7.9,79,68,64,78,24,Yes,Yes,6.2,72
1644,Female,6.4,87,62,56,61,17,Yes,Yes,6.6,58
1645,Female,3.6,81,35,93,97,20,Yes,Yes,5.4,62
1646,Male,5.7,67,33,50,72,27,Yes,Yes,5.2,56
1647,Female,5.4,69,39,79,51,21,Yes,Yes,6.4,49
1648,Male,3.0,67,50,46,59,25,Yes,No,7.5,57
1649,Male,7.6,72,86,61,89,16,Yes,No,6.0,72
1650,Male,3.1,100,41,79,85,20,Yes,Yes,7.5,66
1651,Male,3.1,92,85,59,48,20,Yes,No,6.9,72
1652,Male,6.0,88,91,86,79,23,Yes,No,7.2,85
1653,Female,1.2,86,81,73,63,25,Yes,Yes,5.4,67
1654,Male,6.7,80,78,61,54,26,Yes,Yes,4.8,67
1655,Female,9.9,100,50,73,45,17,Yes,Yes,7.6,73
1656,Female,7.5,68,57,66,78,13,Yes,Yes,5.9,61
1657,Male,3.6,81,74,71,70,26,Yes,No,7.4,72
1658,Male,9.0,76,64,73,82,11,Yes,No,6.6,67
1659,Male,7.7,92,81,86,63,25,Yes,No,6.9,80
1660,Male,6.3,94,62,82,61,22,Yes,No,6.6,69
1661,Female,7.9,92,70,89,90,15,Yes,Yes,5.5,72
1662,Female,9.7,79,70,62,82,26,No,Yes,7.8,77
1663,Male,3.0,93,82,58,48,17,Yes,No,6.9,63
1664,Female,6.7,91,78,82,60,28,Yes,Yes,6.7,76
1665,Male,6.4,74,95,86,61,19,Yes,Yes,7.8,75
1666,Female,7.8,80,68,91,68,16,Yes,No,8.0,72
1667,Female,9.0,74,59,51,98,23,Yes,No,7.9,72
1668,Male,3.3,55,84,81,77,21,Yes,No,6.8,75
1669,Male,4.0,97,41,69,77,25,Yes,Yes,7.0,56
1670,Male,9.5,70,78,49,86,30,Yes,No,5.0,81
1671,Female,4.5,61,58,92,54,24,Yes,No,7.2,69
1672,Male,8.9,74,62,52,55,23,Yes,Yes,6.8,60
1673,Male,7.7,68,75,54,99,19,Yes,No,6.8,71
1674,Female,6.9,98,93,55,70,17,Yes,Yes,6.3,73
1675,Female,7.0,64,82,75,42,17,Yes,No,6.7,62
1676,Male,4.0,97,31,80,75,16,No,Yes,6.9,55
1677,Male,4.9,78,35,64,32,19,Yes,Yes,6.6,47
1678,Male,7.7,69,47,78,43,25,Yes,Yes,7.8,70
1679,Male,5.1,90,74,79,85,16,No,No,5.1,72
1680,Female,3.6,71,72,71,43,19,Yes,Yes,8.0,66
1681,Female,3.8,84,54,71,74,29,Yes,Yes,6.1,70
1682,Female,8.1,84,58,48,55,10,Yes,Yes,6.2,53
1683,Female,6.9,80,53,69,63,16,Yes,No,7.3,61
1684,Male,5.0,74,75,95,37,11,Yes,Yes,6.5,63
1685,Male,3.4,54,57,88,76,29,Yes,Yes,7.3,66
1686,Female,1.8,85,69,71,79,26,Yes,No,6.8,72
1687,Female,8.1,79,68,82,85,10,Yes,Yes,4.0,65
1688,Female,6.7,100,68,61,79,20,Yes,No,6.6,70
1689,Male,2.1,82,71,83,90,26,Yes,Yes,6.3,75
1690,Male,2.3,80,83,72,69,21,Yes,No,5.8,70
1691,Female,1.7,73,33,72,68,15,Yes,Yes,6.1,48
1692,Female,2.5,80,70,48,75,22,Yes,Yes,7.0,67
1693,Male,9.3,80,71,69,79,22,Yes,No,6.5,72
1694,Female,7.4,71,78,58,75,12,Yes,Yes,7.0,68
1695,Female,7.7,84,66,56,97,22,Yes,No,7.9,76
1696,Female,8.0,90,81,46,80,16,Yes,Yes,5.8,69
1697,Male,8.9,85,79,78,72,29,Yes,Yes,5.7,82
1698,Female,7.4,84,76,87,99,14,Yes,Yes,7.9,73
1699,Male,7.2,70,45,63,77,16,Yes,No,6.6,62
1700,Male,9.9,90,80,67,50,25,Yes,Yes,7.0,76
1701,Male,1.0,90,64,67,67,16,Yes,Yes,4.2,55
1702,Female,5.8,85,73,51,37,26,Yes,Yes,6.4,69
1703,Male,4.9,70,38,48,53,16,Yes,Yes,7.1,48
1704,Female,7.6,83,82,98,75,26,Yes,Yes,5.5,77
1705,Male,2.2,98,77,81,91,22,Yes,No,7.2,70
1706,Male,1.2,73,84,82,90,24,No,Yes,5.0,74
1707,Female,7.4,91,75,89,72,22,Yes,No,5.2,72
1708,Male,8.3,82,53,81,66,23,Yes,Yes,6.7,75
1709,Male,3.9,84,35,81,80,19,Yes,No,5.6,52
1710,Female,5.6,84,80,72,59,21,Yes,No,6.1,75
1711,Female,5.4,78,74,50,37,22,Yes,Yes,5.1,61
1712,Female,7.6,77,79,89,72,17,Yes,No,6.8,74
1713,Male,8.7,77,47,89,74,22,Yes,Yes,6.2,68
1714,Male,1.8,72,60,79,61,26,Yes,No,6.9,66
1715,Female,4.1,53,60,92,81,26,Yes,No,6.7,70
1716,Male,6.8,75,74,43,88,22,Yes,Yes,5.3,72
1717,Female,5.3,96,63,44,79,24,Yes,Yes,6.9,68
1718,Female,9.7,90,79,82,86,26,No,Yes,6.6,85
1719,Male,7.8,67,91,72,97,24,Yes,Yes,7.2,82
1720,Female,4.2,85,54,98,55,17,Yes,Yes,5.0,61
1721,Male,5.2,60,90,49,51,21,Yes,Yes,7.3,68
1722,Male,6.1,84,51,73,64,25,Yes,Yes,6.4,61
1723,Female,6.3,58,70,67,67,28,Yes,No,6.5,67
1724,Female,5.3,69,68,85,57,21,Yes,Yes,6.6,69
1725,Female,3.2,85,95,57,100,20,Yes,Yes,7.7,77
1726,Male,1.0,83,82,94,70,18,Yes,No,5.1,67
1727,Male,7.1,72,80,63,80,21,Yes,Yes,7.6,74
1728,Male,8.7,91,83,56,92,17,Yes,Yes,5.4,76
1729,Male,6.6,90,80,74,84,16,Yes,Yes,5.0,70
1730,Female,6.5,78,93,85,38,22,Yes,No,7.5,73
1731,Male,1.7,84,51,83,78,16,Yes,No,4.0,58
1732,Female,9.3,82,74,85,79,25,Yes,Yes,6.4,77
1733,Female,4.9,87,54,66,64,24,Yes,No,6.9,66
1734,Female,6.5,75,69,76,40,12,Yes,Yes,5.4,54
1735,Female,2.3,65,57,47,74,18,Yes,No,4.1,56
1736,Female,1.9,66,53,86,100,24,Yes,No,6.8,69
1737,Male,8.9,89,64,68,85,26,Yes,No,6.7,78
1738,Male,7.3,86,94,71,33,29,Yes,Yes,5.5,79
1739,Female,4.7,63,30,55,40,23,Yes,Yes,7.7,56
1740,Female,9.9,74,46,88,62,22,Yes,Yes,7.7,73
1741,Male,7.4,86,60,96,66,21,Yes,No,6.8,67
1742,Female,8.9,54,82,58,52,21,Yes,Yes,6.3,65
1743,Male,5.8,82,75,61,77,24,Yes,No,6.4,70
1744,Male,3.0,89,76,80,77,24,Yes,No,5.4,72
1745,Female,1.9,75,60,66,48,22,Yes,Yes,6.9,60
1746,Male,6.0,59,41,70,49,19,Yes,No,7.2,53
1747,Male,9.9,85,68,45,79,15,Yes,No,7.5,69
1748,Male,7.5,83,43,76,30,18,Yes,No,6.0,54
1749,Female,9.6,72,78,76,60,11,Yes,No,6.6,66
1750,Female,1.8,68,55,72,88,27,Yes,No,6.7,62
1751,Male,6.2,90,89,72,96,17,Yes,Yes,5.7,74
1752,Male,3.1,92,82,59,70,18,No,No,6.9,63
1753,Female,1.5,65,61,64,68,24,Yes,Yes,5.4,57
1754,Male,1.4,64,60,88,94,21,Yes,No,6.8,70
1755,Female,3.2,51,65,62,57,23,Yes,No,5.4,56
1756,Male,9.6,50,82,85,47,16,Yes,Yes,6.7,78
1757,Male,6.4,88,93,72,87,25,Yes,No,6.8,84
1758,Female,7.7,92,62,74,84,26,Yes,Yes,5.5,75
1759,Female,5.8,83,82,87,95,20,Yes,Yes,4.9,74
1760,Female,5.7,85,90,73,91,20,Yes,Yes,5.2,79
1761,Female,3.4,93,34,52,52,22,Yes,No,7.5,52
1762,Female,7.8,76,65,52,84,27,Yes,No,7.3,74
1763,Male,6.3,86,80,98,83,21,Yes,No,6.5,87
1764,Male,4.0,84,70,75,73,21,Yes,Yes,6.4,68
1765,Female,3.9,89,59,87,88,30,Yes,No,7.3,80
1766,Male,7.8,77,30,99,59,22,Yes,No,7.9,62
1767,Female,7.8,86,82,85,67,25,Yes,Yes,7.4,80
1768,Female,3.2,78,92,44,92,21,Yes,Yes,6.3,77
1769,Male,4.9,72,81,77,85,15,Yes,Yes,6.8,68
1770,Female,7.5,85,68,60,78,23,Yes,No,6.8,77
1771,Female,6.3,87,79,61,75,21,Yes,No,7.0,75
1772,Male,7.1,67,51,72,57,22,Yes,No,7.2,62
1773,Female,6.2,88,89,46,81,25,Yes,Yes,5.0,76
1774,Female,9.8,92,70,69,36,22,Yes,No,5.0,71
1775,Male,4.8,94,55,51,76,22,Yes,Yes,6.8,66
1776,Male,3.9,82,87,74,59,22,Yes,Yes,7.0,67
1777,Female,6.1,75,63,62,98,18,Yes,No,7.8,67
1778,Male,8.5,77,81,55,64,25,Yes,Yes,7.1,74
1779,Female,7.6,63,81,87,63,21,Yes,No,6.5,74
1780,Male,4.0,81,53,95,80,25,Yes,Yes,7.7,73
1781,Male,5.1,83,82,43,51,22,Yes,No,6.3,66
1782,Male,7.4,80,81,72,92,29,Yes,Yes,7.3,79
1783,Male,4.2,66,80,50,71,26,Yes,No,7.9,71
1784,Male,7.3,74,95,88,71,21,Yes,Yes,5.2,80
1785,Male,4.8,72,93,76,75,15,Yes,Yes,7.3,74
1786,Male,5.6,99,75,63,39,14,No,No,6.4,65
1787,Male,3.3,56,81,87,66,22,Yes,Yes,6.0,71
1788,Male,7.0,72,65,71,60,26,Yes,No,5.7,70
1789,Male,3.6,65,82,81,61,21,Yes,No,6.8,69
1790,Male,6.0,95,53,45,40,22,No,Yes,7.3,54
1791,Male,7.5,83,90,77,76,27,Yes,Yes,5.9,83
1792,Male,7.0,85,59,77,75,22,Yes,No,5.1,69
1793,Female,1.2,71,87,60,75,27,Yes,No,6.9,72
1794,Female,8.4,93,68,85,83,22,Yes,No,7.5,75
1795,Male,1.5,51,49,85,87,19,Yes,Yes,6.7,56
1796,Female,7.8,93,75,61,30,16,Yes,No,7.5,68
1797,Female,9.4,72,81,70,48,22,No,Yes,6.8,73
1798,Female,3.5,51,74,83,65,27,Yes,No,7.7,73
1799,Male,2.8,78,79,78,86,24,Yes,No,4.7,72
1800,Male,7.4,84,46,75,64,22,No,Yes,6.3,65
1801,Female,6.0,83,75,52,76,21,Yes,Yes,4.2,70
1802,Male,7.3,86,56,84,85,13,Yes,Yes,6.7,66
1803,Male,6.1,69,93,74,61,20,Yes,Yes,5.8,73
1804,Female,6.3,78,65,88,71,20,Yes,No,7.6,70
1805,Male,6.7,84,81,72,47,20,Yes,Yes,7.2,69
1806,Male,5.4,87,69,69,58,22,Yes,Yes,7.5,68
1807,Male,5.7,90,65,48,82,28,No,Yes,6.9,72
1808,Male,1.7,72,78,81,72,28,No,No,7.0,71
1809,Male,9.9,72,48,74,61,27,Yes,No,7.9,75
1810,Female,2.7,86,69,82,66,16,Yes,Yes,5.4,60
1811,Male,6.4,66,78,84,53,16,No,Yes,6.8,67
1812,Female,7.3,59,76,84,98,13,Yes,No,5.4,69
1813,Male,7.3,77,50,79,34,19,Yes,No,7.1,64
1814,Female,6.9,90,80,85,81,30,No,Yes,5.0,82
1815,Male,3.8,83,76,79,58,26,Yes,Yes,5.8,74
1816,Male,5.7,92,62,65,68,15,Yes,Yes,6.6,59
1817,Male,6.2,96,59,60,61,24,Yes,Yes,5.2,66
1818,Female,3.1,90,68,58,81,27,Yes,No,6.4,72
1819,Male,2.9,96,48,69,59,11,Yes,No,8.0,55
1820,Male,6.8,88,81,77,62,24,Yes,Yes,6.4,79
1821,Male,6.8,88,76,74,70,14,Yes,No,5.7,67
1822,Male,2.1,65,93,84,43,21,Yes,Yes,6.7,72
1823,Male,3.8,79,43,51,83,24,Yes,No,7.8,68
1824,Male,2.3,62,73,76,50,22,Yes,No,6.5,62
1825,Female,6.8,83,78,79,83,23,Yes,Yes,7.8,77
1826,Female,6.3,81,84,57,88,25,No,Yes,7.4,82
1827,Male,7.4,94,70,69,79,22,Yes,No,8.0,80
1828,Female,7.0,83,51,72,74,26,Yes,Yes,6.3,67
1829,Female,6.0,69,82,62,57,23,Yes,Yes,4.1,66
1830,Male,4.5,66,78,87,77,25,Yes,Yes,7.2,74
1831,Female,1.2,77,74,57,32,22,Yes,No,5.6,53
1832,Male,6.5,88,70,80,77,20,Yes,Yes,6.5,70
1833,Female,9.7,90,74,71,60,11,Yes,No,5.5,64
1834,Female,2.3,86,90,42,73,14,Yes,Yes,6.1,61
1835,Male,3.1,89,51,73,78,17,Yes,No,5.1,59
1836,Female,7.4,73,30,53,82,13,Yes,No,6.0,54
1837,Female,1.2,69,57,85,87,27,Yes,No,5.3,71
1838,Male,8.9,98,90,49,85,29,Yes,Yes,5.9,80
1839,Female,7.2,87,80,89,80,21,Yes,No,7.2,82
1840,Female,7.2,54,84,77,71,14,Yes,No,6.9,69
1841,Male,1.8,89,38,70,85,27,Yes,Yes,6.0,62
1842,Male,9.5,96,54,79,71,23,Yes,Yes,7.4,76
1843,Male,7.9,67,49,81,56,13,Yes,Yes,6.9,56
1844,Male,7.9,77,51,85,71,28,No,Yes,6.7,74
1845,Male,8.4,74,39,69,70,23,Yes,No,6.7,64
1846,Female,1.3,88,70,58,70,21,Yes,Yes,4.2,62
1847,Male,7.4,70,47,83,99,21,Yes,Yes,6.0,70
1848,Male,4.7,76,64,55,52,29,No,No,6.6,73
1849,Female,1.1,83,82,59,36,13,Yes,Yes,6.1,54
1850,Male,2.4,86,69,88,77,19,Yes,Yes,7.0,67
1851,Female,6.6,79,71,48,82,25,Yes,Yes,7.5,70
1852,Female,8.3,70,90,75,56,26,Yes,No,7.0,77
1853,Male,7.6,82,70,63,81,29,Yes,No,7.7,76
1854,Female,3.2,75,80,41,76,20,No,No,7.6,69
1855,Female,6.7,83,55,86,77,26,Yes,Yes,6.0,76
1856,Female,8.3,73,74,81,84,25,Yes,No,7.5,78
1857,Male,6.7,68,59,40,52,21,Yes,Yes,7.3,57
1858,Female,8.7,59,69,55,54,24,Yes,Yes,5.4,67
1859,Female,4.8,88,71,72,53,11,Yes,Yes,7.3,60
1860,Male,5.2,53,75,73,36,26,Yes,No,8.0,69
1861,Male,4.7,76,38,98,67,24,Yes,Yes,5.1,63
1862,Female,4.0,72,87,63,63,26,Yes,Yes,5.0,66
1863,Female,6.1,61,49,67,81,21,Yes,Yes,6.4,67
1864,Male,2.9,66,51,83,46,26,Yes,Yes,5.9,65
1865,Male,3.1,60,32,73,82,22,Yes,No,6.9,55
1866,Male,3.8,53,81,67,55,21,Yes,Yes,5.1,62
1867,Male,6.8,99,60,63,64,27,Yes,No,7.4,73
1868,Female,5.6,80,73,56,44,15,Yes,Yes,6.7,61
1869,Male,6.4,85,53,75,44,23,Yes,No,7.8,67
1870,Female,2.1,81,61,86,73,24,No,No,6.3,73
1871,Female,6.6,90,76,73,70,25,Yes,Yes,5.2,74
1872,Male,9.4,60,31,67,73,27,Yes,Yes,6.7,62
1873,Female,8.2,100,76,77,59,21,Yes,No,6.9,71
1874,Male,1.1,76,46,79,52,16,Yes,No,6.2,50
1875,Female,4.8,84,59,64,85,22,Yes,Yes,6.8,67
1876,Female,5.4,81,85,44,79,19,Yes,Yes,6.3,74
1877,Male,5.5,86,81,70,99,26,Yes,No,7.5,79
1878,Female,6.8,96,70,86,81,26,Yes,No,7.8,81
1879,Male,6.2,84,79,77,37,25,Yes,Yes,6.9,71
1880,Female,7.9,68,45,87,100,26,Yes,Yes,6.9,77
1881,Female,7.4,83,59,87,98,30,Yes,Yes,6.5,88
1882,Male,6.6,80,65,72,78,16,Yes,No,7.4,66
1883,Male,7.5,81,68,77,66,22,Yes,Yes,5.5,69
1884,Male,4.6,82,82,60,84,30,Yes,No,6.2,80
1885,Male,8.4,81,69,71,58,30,Yes,Yes,6.3,77
1886,Female,7.2,77,76,95,32,10,Yes,Yes,8.0,70
1887,Male,1.4,55,72,93,83,24,Yes,Yes,7.9,73
1888,Male,3.3,70,56,72,59,26,Yes,No,7.5,63
1889,Male,9.8,91,76,67,76,19,Yes,No,4.1,75
1890,Female,3.1,75,49,72,78,23,Yes,Yes,7.0,66
1891,Male,4.4,77,55,64,81,21,Yes,No,7.7,67
1892,Male,2.7,75,69,59,90,20,Yes,No,5.0,66
1893,Male,5.4,61,59,82,74,21,Yes,Yes,5.0,68
1894,Female,7.3,67,71,61,63,21,Yes,Yes,5.0,69
1895,Male,1.5,63,32,92,49,18,Yes,Yes,6.1,54
1896,Female,5.3,100,78,86,60,18,Yes,Yes,6.2,73
1897,Male,7.7,76,75,96,31,14,Yes,No,6.0,65
1898,Female,4.3,77,74,98,80,26,Yes,Yes,6.4,77
1899,Female,4.5,68,33,77,52,13,Yes,No,6.0,53
1900,Male,4.0,81,35,65,79,26,Yes,Yes,6.9,59
1901,Male,6.4,88,67,86,35,22,Yes,No,7.5,70
1902,Female,5.4,89,69,55,68,22,Yes,Yes,7.5,67
1903,Male,2.4,73,54,85,69,22,Yes,Yes,7.6,64
1904,Female,7.4,86,58,81,54,21,Yes,Yes,6.3,71
1905,Female,1.2,70,86,79,81,16,Yes,Yes,6.0,67
1906,Male,6.4,80,73,85,81,14,Yes,No,6.9,71
1907,Female,6.1,86,68,87,50,18,Yes,Yes,6.8,63
1908,Female,9.9,72,91,75,50,27,Yes,No,7.2,83
1909,Male,3.3,67,69,59,83,19,Yes,Yes,7.8,67
1910,Female,2.1,74,52,74,68,30,Yes,Yes,7.0,72
1911,Male,8.1,75,68,86,65,27,Yes,Yes,4.5,73
1912,Female,7.5,97,51,72,36,26,Yes,No,6.1,66
1913,Male,7.2,68,82,58,94,21,Yes,No,7.7,76
1914,Female,7.7,84,78,62,89,16,Yes,Yes,4.1,75
1915,Male,4.3,95,82,95,81,21,Yes,Yes,7.8,79
1916,Female,7.2,90,82,69,85,26,Yes,Yes,6.0,80
1917,Female,4.3,85,77,88,76,22,Yes,No,7.0,76
1918,Female,5.1,88,79,76,64,30,No,No,6.6,78
1919,Female,2.7,86,54,70,56,18,Yes,Yes,6.4,56
1920,Male,8.6,51,71,70,50,21,Yes,No,6.5,67
1921,Male,1.6,89,64,76,68,26,Yes,Yes,5.9,70
1922,Male,7.4,84,59,72,87,26,Yes,No,6.8,71
1923,Male,7.5,91,78,96,78,22,Yes,Yes,5.6,79
1924,Male,6.4,82,52,62,59,24,Yes,No,7.9,63
1925,Male,2.1,88,66,90,49,24,Yes,Yes,7.4,71
1926,Male,3.3,84,80,88,71,24,Yes,No,6.7,70
1927,Male,5.7,75,72,89,75,22,Yes,No,6.0,71
1928,Male,1.4,50,94,85,53,19,Yes,No,6.8,68
1929,Male,6.2,56,56,76,47,10,Yes,No,6.3,59
1930,Male,6.4,83,91,66,61,28,Yes,No,6.2,78
1931,Male,10.0,85,77,71,54,21,Yes,Yes,6.7,72
1932,Male,3.7,86,53,60,41,27,Yes,Yes,5.6,65
1933,Male,6.6,66,86,74,84,29,No,Yes,4.7,74
1934,Male,8.7,81,93,92,72,17,Yes,No,7.2,74
1935,Male,7.5,79,79,71,63,20,Yes,Yes,6.6,73
1936,Female,9.2,88,61,64,71,14,Yes,No,5.7,64
1937,Female,5.6,61,81,73,67,28,Yes,No,4.6,69
1938,Female,4.1,90,87,41,67,16,No,Yes,8.0,69
1939,Female,9.0,90,43,65,73,24,Yes,Yes,7.2,69
1940,Female,1.6,86,47,55,98,26,Yes,Yes,7.7,63
1941,Female,7.8,75,63,84,71,19,Yes,Yes,7.5,67
1942,Male,4.5,82,38,85,72,22,Yes,Yes,5.1,63
1943,Male,2.5,89,79,84,83,16,Yes,Yes,8.0,73
1944,Female,7.8,88,61,47,81,12,Yes,No,7.7,63
1945,Female,7.4,86,33,73,81,23,Yes,No,7.4,71
1946,Male,7.5,60,74,64,68,23,Yes,Yes,5.3,66
1947,Female,6.2,88,68,85,70,10,Yes,Yes,6.5,61
1948,Male,7.3,84,65,94,81,29,No,Yes,6.5,78
1949,Female,8.8,90,54,74,80,13,Yes,No,5.1,65
1950,Male,6.2,66,60,79,36,26,Yes,No,5.5,64
1951,Male,3.6,80,76,78,94,25,Yes,Yes,7.0,75
1952,Male,2.6,84,50,76,49,19,Yes,Yes,5.3,57
1953,Male,9.1,68,54,59,77,21,Yes,No,4.1,60
1954,Male,4.3,82,64,54,77,22,Yes,No,6.2,69
1955,Male,9.4,68,64,100,100,25,Yes,Yes,6.0,81
1956,Female,9.8,85,34,67,78,19,Yes,No,6.2,66
1957,Male,7.7,81,44,99,80,18,Yes,Yes,6.2,69
1958,Female,6.7,94,56,52,74,16,Yes,Yes,7.2,64
1959,Male,2.0,88,75,98,75,25,Yes,No,6.7,76
1960,Female,4.6,74,80,67,80,19,Yes,No,8.0,73
1961,Male,7.9,71,69,50,77,12,Yes,Yes,6.2,64
1962,Female,6.7,62,61,85,53,27,Yes,No,7.2,74
1963,Male,4.9,72,75,73,51,18,Yes,Yes,6.1,65
1964,Male,7.8,100,81,47,66,22,Yes,No,6.5,75
1965,Male,4.4,82,53,59,81,21,Yes,Yes,6.2,62
1966,Male,2.6,73,51,72,82,16,Yes,No,6.6,63
1967,Male,8.7,73,74,64,66,24,Yes,No,5.2,70
1968,Male,6.7,84,79,88,72,24,Yes,Yes,6.4,83
1969,Female,6.6,96,90,89,56,14,Yes,No,5.9,73
1970,Male,6.8,93,81,85,83,29,Yes,No,7.7,80
1971,Female,7.9,71,75,67,93,21,Yes,No,7.3,76
1972,Male,9.6,81,76,86,68,17,No,Yes,7.3,73
1973,Male,9.7,69,62,46,52,24,Yes,No,6.5,68
1974,Male,6.0,93,59,56,82,24,Yes,No,7.9,68
1975,Female,5.9,95,75,55,96,19,Yes,Yes,7.5,72
1976,Male,4.7,64,35,43,79,21,Yes,No,6.0,48
1977,Male,5.6,81,76,98,96,22,Yes,Yes,7.1,79
1978,Female,7.6,80,76,68,69,12,Yes,Yes,5.6,59
1979,Female,3.2,66,90,76,55,19,Yes,Yes,6.3,63
1980,Male,4.7,79,63,78,57,17,Yes,Yes,5.3,64
1981,Male,7.2,87,63,62,80,19,Yes,No,5.8,70
1982,Male,8.2,94,89,79,99,23,Yes,Yes,7.4,87
1983,Male,2.1,85,73,78,62,18,Yes,No,4.7,60
1984,Male,4.8,82,95,56,44,12,Yes,Yes,5.4,62
1985,Male,4.3,63,76,91,53,26,Yes,Yes,6.8,71
1986,Female,6.4,99,64,83,65,23,Yes,Yes,4.6,67
1987,Male,3.4,90,75,84,92,28,Yes,Yes,5.4,82
1988,Female,9.1,98,39,68,85,23,Yes,No,6.0,71
1989,Male,1.9,68,68,85,74,27,Yes,No,6.3,69
1990,Female,1.0,80,84,65,71,23,Yes,No,6.6,68
1991,Female,7.4,80,74,89,75,17,Yes,Yes,6.6,74
1992,Male,6.1,94,61,72,55,26,Yes,Yes,7.2,64
1993,Male,4.3,65,59,43,42,29,Yes,Yes,6.9,59
1994,Male,7.6,88,58,77,82,19,Yes,Yes,5.2,67
1995,Male,2.3,56,79,79,65,13,Yes,Yes,7.0,59
1996,Female,1.4,65,74,55,75,24,Yes,No,6.3,63
1997,Female,6.2,84,72,80,91,22,No,Yes,7.8,82
1998,Female,4.1,54,49,71,80,17,Yes,No,7.3,61
1999,Male,6.8,84,48,66,36,26,No,Yes,6.0,59
2000,Male,6.3,90,82,77,57,16,Yes,Yes,7.1,72
2001,Male,4.8,69,85,44,62,23,Yes,No,7.3,72
2002,Male,1.3,99,88,68,82,11,Yes,Yes,5.7,68
2003,Female,6.2,63,46,65,51,20,Yes,No,6.4,57
2004,Female,5.4,99,79,65,80,30,Yes,No,7.8,79
2005,Male,3.3,86,31,56,65,17,Yes,Yes,6.3,53
2006,Female,5.0,89,76,85,39,24,Yes,No,6.8,72
2007,Female,2.3,96,82,79,62,27,Yes,Yes,6.6,77
2008,Female,2.7,80,40,72,99,25,Yes,Yes,7.9,68
2009,Male,4.6,81,43,69,74,21,Yes,No,5.0,62
2010,Female,3.0,67,67,73,42,22,Yes,Yes,6.9,59
2011,Female,5.1,89,70,90,80,30,Yes,No,7.9,84
2012,Female,6.1,89,90,94,74,11,No,No,6.6,75
2013,Male,4.0,81,63,55,35,26,No,No,7.6,68
2014,Male,5.4,80,76,82,54,26,Yes,Yes,7.9,72
2015,Male,7.4,71,66,94,63,20,Yes,Yes,6.4,76
2016,Male,7.9,80,48,70,74,29,No,No,6.8,72
2017,Male,9.5,85,60,52,48,23,Yes,Yes,5.1,63
2018,Male,2.9,72,65,97,63,29,Yes,Yes,5.7,69
2019,Male,3.4,73,56,53,48,12,No,Yes,5.8,49
2020,Male,5.5,94,64,74,81,27,Yes,Yes,4.0,73
2021,Male,2.6,75,61,75,45,19,Yes,Yes,7.3,61
2022,Male,1.3,91,67,65,74,30,Yes,No,7.5,69
2023,Female,9.9,66,56,66,79,27,No,No,6.9,73
2024,Female,2.7,100,43,69,30,16,No,Yes,5.2,56
2025,Male,6.4,96,80,87,37,28,No,Yes,5.8,80
2026,Female,7.9,83,68,82,62,21,Yes,Yes,8.0,75
2027,Female,4.9,64,65,52,60,24,Yes,No,7.9,64
2028,Male,1.0,58,49,77,81,17,Yes,Yes,6.5,56
2029,Female,1.3,88,65,87,76,25,Yes,No,6.2,71
2030,Female,7.0,76,51,72,80,22,Yes,Yes,7.1,65
2031,Female,8.0,65,56,77,91,22,Yes,No,6.1,70
2032,Male,2.9,56,49,88,51,23,Yes,Yes,7.4,54
2033,Female,6.8,95,51,56,80,10,Yes,No,7.2,61
2034,Female,3.5,68,47,48,73,28,Yes,Yes,6.3,62
2035,Female,5.0,68,67,81,76,24,Yes,No,6.3,69
2036,Male,4.9,63,68,71,48,21,Yes,Yes,7.5,68
2037,Male,9.1,80,51,98,79,15,Yes,No,6.5,66
2038,Male,7.3,98,77,86,72,25,Yes,No,5.3,74
2039,Female,6.2,99,82,93,72,25,Yes,Yes,5.8,81
2040,Male,6.6,80,57,83,73,24,Yes,No,6.8,74
2041,Female,6.7,68,50,85,56,29,Yes,No,5.1,72
2042,Female,6.2,80,54,71,70,24,Yes,Yes,7.1,66
2043,Male,7.9,81,82,40,76,28,Yes,Yes,7.8,80
2044,Male,7.3,98,51,60,76,24,Yes,Yes,6.9,69
2045,Female,7.0,74,54,81,74,23,Yes,No,7.4,69
2046,Female,7.4,91,80,45,73,24,Yes,No,5.5,75
2047,Male,4.7,99,74,69,49,18,Yes,Yes,5.5,67
2048,Female,9.3,90,91,83,97,10,Yes,Yes,7.6,76
2049,Female,6.5,72,63,76,63,22,Yes,No,6.8,72
2050,Male,1.8,91,81,58,80,22,Yes,No,6.3,73
2051,Female,7.0,73,33,68,66,11,Yes,Yes,6.8,51
2052,Male,6.5,52,82,59,46,18,Yes,No,6.4,64
2053,Female,3.4,81,94,81,53,28,No,Yes,7.4,79
2054,Male,7.5,52,38,76,30,21,Yes,Yes,6.9,55
2055,Female,5.7,88,92,53,31,16,No,No,5.3,62
2056,Female,5.7,88,44,59,67,30,Yes,Yes,7.8,65
2057,Male,1.2,63,51,50,94,17,Yes,Yes,7.4,56
2058,Male,4.5,68,55,87,66,22,Yes,Yes,5.5,67
2059,Female,7.0,51,49,98,79,17,Yes,No,7.7,68
2060,Male,8.7,80,79,83,79,27,Yes,No,6.7,81
2061,Female,6.5,57,83,68,76,29,Yes,Yes,5.6,78
2062,Male,6.1,51,95,53,81,24,No,Yes,4.8,64
2063,Male,7.5,100,45,69,81,11,Yes,Yes,5.5,64
2064,Male,7.5,73,78,51,100,22,Yes,No,7.3,70
2065,Female,8.7,89,87,63,38,16,Yes,Yes,6.5,68
2066,Female,1.5,84,75,86,69,19,Yes,No,6.8,64
2067,Female,7.0,81,65,50,77,25,Yes,Yes,6.7,66
2068,Male,5.3,71,47,58,46,25,Yes,Yes,7.6,63
2069,Female,8.6,81,80,55,70,16,Yes,Yes,4.8,67
2070,Male,8.3,83,78,46,55,25,Yes,Yes,5.2,71
2071,Male,7.4,65,60,59,63,23,Yes,No,6.8,65
2072,Female,3.8,91,69,74,63,26,Yes,Yes,7.0,72
2073,Female,3.8,78,80,68,75,21,Yes,Yes,6.6,70
2074,Female,8.5,71,62,40,83,17,Yes,Yes,5.2,59
2075,Male,3.1,74,68,52,74,29,No,Yes,7.9,72
2076,Male,7.3,68,69,89,76,28,Yes,Yes,6.4,76
2077,Female,6.2,86,73,93,64,23,Yes,Yes,6.6,70
2078,Male,7.3,90,85,93,73,21,Yes,Yes,6.4,78
2079,Male,5.3,68,85,44,53,30,Yes,Yes,7.7,76
2080,Male,7.7,80,58,76,95,28,No,Yes,7.4,80
2081,Male,8.3,69,81,70,100,19,Yes,Yes,5.9,75
2082,Male,4.9,69,54,85,50,30,Yes,No,6.9,66
2083,Male,8.2,65,60,77,39,22,Yes,Yes,7.1,64
2084,Female,8.3,80,75,88,59,18,Yes,Yes,6.1,78
2085,Female,5.2,69,80,87,41,24,No,Yes,6.7,71
2086,Female,2.8,90,31,86,93,26,Yes,Yes,6.9,66
2087,Female,8.1,85,72,86,31,22,Yes,No,6.9,73
2088,Female,8.1,62,36,76,73,25,Yes,Yes,7.5,66
2089,Male,2.2,65,70,81,85,24,No,No,5.3,67
2090,Male,7.8,98,68,48,66,27,Yes,Yes,7.3,72
2091,Male,6.6,87,62,70,75,14,No,Yes,6.8,65
2092,Male,1.3,65,75,90,72,22,Yes,No,7.1,68
2093,Male,8.8,74,72,90,48,26,Yes,Yes,7.2,78
2094,Female,4.7,69,75,99,41,17,Yes,Yes,5.3,65
2095,Female,2.8,63,80,70,80,20,Yes,Yes,5.6,69
2096,Male,9.7,95,82,91,50,24,Yes,No,6.1,80
2097,Male,8.2,90,69,53,77,14,Yes,Yes,6.5,67
2098,Male,7.1,87,52,72,50,21,Yes,No,7.4,58
2099,Female,8.1,89,75,77,87,21,Yes,Yes,4.7,78
2100,Male,5.5,82,74,84,81,11,Yes,No,7.6,70
2101,Female,8.5,89,55,79,51,21,Yes,Yes,7.4,71
2102,Female,7.5,72,88,45,73,12,No,No,4.0,55
2103,Male,3.1,84,81,94,97,21,Yes,Yes,5.2,82
2104,Male,6.2,95,31,57,49,27,No,No,4.5,56
2105,Male,9.3,77,81,53,32,11,No,Yes,7.5,66
2106,Female,6.0,97,62,58,54,22,Yes,Yes,7.0,62
2107,Male,4.9,50,60,64,62,21,Yes,Yes,6.8,62
2108,Male,6.2,64,88,64,55,23,Yes,Yes,6.6,68
2109,Female,5.3,85,68,58,85,23,Yes,Yes,7.9,70
2110,Male,9.0,74,68,74,67,26,Yes,No,7.0,81
2111,Male,7.9,85,52,78,72,22,Yes,No,4.9,67
2112,Male,8.2,88,46,62,86,27,Yes,Yes,6.3,71
2113,Male,9.1,82,73,75,83,26,Yes,No,7.7,83
2114,Male,7.2,97,69,79,58,16,Yes,Yes,5.1,69
2115,Female,3.1,66,64,83,62,19,Yes,Yes,5.2,62
2116,Female,6.0,97,78,63,72,18,Yes,No,6.8,72
2117,Male,7.9,84,43,86,68,13,Yes,No,7.1,69
2118,Male,1.2,72,71,85,89,22,Yes,No,7.1,70
2119,Male,8.8,86,79,71,49,21,Yes,Yes,6.3,73
2120,Male,1.5,94,78,54,68,19,Yes,No,7.2,68
2121,Male,8.6,90,52,86,80,24,Yes,Yes,6.0,77
2122,Male,3.2,86,68,64,81,24,No,Yes,6.5,72
2123,Male,7.5,86,62,78,70,22,Yes,Yes,5.2,72
2124,Female,9.0,77,64,77,71,20,Yes,No,4.3,66
2125,Female,6.3,99,66,55,91,22,Yes,No,5.9,76
2126,Male,8.8,61,76,85,91,17,Yes,No,7.4,73
2127,Female,5.3,90,63,43,71,20,Yes,Yes,7.5,65
2128,Female,4.2,83,59,40,96,12,Yes,Yes,6.7,56
2129,Male,1.9,52,90,47,73,10,Yes,Yes,6.9,58
2130,Female,7.3,63,64,72,71,12,Yes,Yes,7.0,64
2131,Female,3.9,86,82,61,76,30,Yes,Yes,5.3,76
2132,Male,2.2,94,71,75,73,22,Yes,No,6.3,70
2133,Female,9.0,82,64,57,74,30,Yes,Yes,7.5,81
2134,Female,9.8,89,72,83,66,19,Yes,Yes,6.6,77
2135,Female,6.5,85,56,78,68,30,Yes,Yes,6.7,72
2136,Male,1.6,61,84,42,74,23,Yes,Yes,4.4,65
2137,Male,4.8,90,74,44,38,20,Yes,Yes,7.5,65
2138,Female,7.7,80,80,83,77,21,Yes,No,5.0,72
2139,Male,6.6,58,55,87,83,11,Yes,No,7.6,65
2140,Female,8.5,80,54,74,60,15,Yes,No,6.6,65
2141,Female,5.3,79,33,74,92,25,Yes,Yes,7.1,64
2142,Female,1.0,82,76,71,36,12,Yes,Yes,6.0,59
2143,Male,9.9,72,68,86,68,21,Yes,Yes,6.6,74
2144,Female,6.1,58,71,94,99,25,Yes,No,5.2,77
2145,Male,4.5,82,68,58,54,22,Yes,No,6.1,63
2146,Female,3.4,96,48,86,90,13,Yes,Yes,6.9,63
2147,Female,6.4,75,69,63,70,25,Yes,Yes,5.1,66
2148,Male,4.7,80,58,60,71,24,Yes,Yes,7.9,62
2149,Male,1.7,86,55,86,50,22,Yes,No,7.7,67
2150,Female,6.1,61,51,59,61,21,Yes,No,5.4,56
2151,Male,4.2,52,67,61,63,25,Yes,No,6.4,61
2152,Male,3.2,83,51,91,78,23,Yes,Yes,7.8,62
2153,Male,3.8,78,91,76,68,22,Yes,Yes,5.5,71
2154,Female,2.2,90,80,80,72,24,Yes,Yes,7.0,69
2155,Female,7.1,85,43,53,73,14,Yes,Yes,6.9,62
2156,Female,6.4,51,52,67,55,26,Yes,Yes,7.1,66
2157,Male,6.8,89,68,81,94,22,Yes,No,6.3,74
2158,Male,3.4,86,64,91,57,27,Yes,No,6.7,77
2159,Male,2.0,93,35,61,39,26,Yes,Yes,6.7,56
2160,Female,2.8,86,56,66,66,25,Yes,No,7.3,63
2161,Female,4.3,87,42,73,78,22,Yes,Yes,4.9,53
2162,Male,3.1,85,78,89,94,15,Yes,Yes,6.0,78
2163,Male,6.4,55,95,74,77,21,Yes,Yes,7.2,72
2164,Female,7.0,78,65,59,55,14,Yes,Yes,6.1,55
2165,Female,3.9,89,94,84,73,22,Yes,Yes,8.0,82
2166,Female,1.6,71,70,80,81,23,Yes,Yes,7.6,76
2167,Male,6.9,74,59,64,100,26,Yes,Yes,5.9,77
2168,Female,6.5,70,87,69,72,10,Yes,No,6.5,69
2169,Male,6.8,85,35,99,72,21,Yes,Yes,6.7,67
2170,Female,4.7,84,59,48,42,22,Yes,Yes,7.8,62
2171,Male,6.9,57,66,41,73,21,Yes,Yes,8.0,67
2172,Female,4.0,66,81,81,57,21,No,No,7.9,71
2173,Male,6.1,81,95,43,83,21,Yes,Yes,6.7,75
2174,Male,5.0,81,31,69,39,23,Yes,No,5.4,52
2175,Male,4.5,94,48,70,72,23,Yes,Yes,6.5,62
2176,Female,9.1,78,53,93,80,11,Yes,Yes,7.7,67
2177,Male,7.9,87,49,87,63,24,Yes,No,6.8,65
2178,Male,6.4,51,74,87,75,28,Yes,Yes,7.2,76
2179,Male,3.1,90,80,45,67,12,Yes,Yes,4.2,55
2180,Female,2.4,69,76,74,44,17,Yes,Yes,5.2,56
2181,Male,1.9,60,68,85,53,19,No,No,7.7,62
2182,Male,2.2,99,89,88,72,10,Yes,Yes,7.5,74
2183,Female,4.6,73,68,94,79,30,Yes,Yes,7.7,81
2184,Female,6.1,84,57,61,73,24,No,No,6.4,62
2185,Male,3.3,97,88,64,39,21,Yes,Yes,6.5,64
2186,Female,7.0,65,43,95,64,16,No,No,7.3,65
2187,Female,9.8,68,79,66,74,24,Yes,No,7.9,75
2188,Male,4.1,73,68,74,84,17,Yes,Yes,6.8,66
2189,Female,2.3,66,72,41,73,22,Yes,Yes,6.4,63
2190,Male,1.0,54,81,59,70,23,Yes,Yes,6.7,61
2191,Female,6.5,95,69,80,61,10,Yes,No,7.8,66
2192,Male,4.5,67,30,60,81,16,Yes,No,7.6,49
2193,Female,7.4,98,34,84,84,26,Yes,No,6.9,68
2194,Female,2.6,90,30,80,72,17,Yes,No,6.2,55
2195,Female,6.7,99,69,72,50,10,Yes,No,6.2,57
2196,Female,5.9,100,81,57,71,26,Yes,Yes,5.7,76
2197,Male,8.7,80,75,42,43,16,No,Yes,5.6,61
2198,Female,7.7,57,82,79,48,20,No,No,6.9,72
2199,Male,3.1,78,82,88,82,19,Yes,Yes,7.2,74
2200,Male,6.6,74,60,45,81,23,Yes,Yes,6.6,70
2201,Female,7.4,82,39,61,34,22,Yes,No,7.6,58
2202,Male,6.1,89,58,99,49,20,Yes,Yes,6.6,66
2203,Female,4.9,84,61,93,72,14,Yes,No,5.2,65
2204,Female,7.0,95,88,50,78,20,Yes,No,6.3,76
2205,Female,6.5,96,79,56,67,18,Yes,Yes,6.7,70
2206,Female,7.9,88,75,40,92,28,Yes,No,6.5,77
2207,Female,7.2,91,39,53,83,23,Yes,Yes,5.2,60
2208,Female,9.9,95,90,92,58,21,Yes,Yes,6.6,80
2209,Male,7.8,53,79,85,66,21,Yes,Yes,5.8,68
2210,Male,6.0,65,73,100,92,26,No,Yes,5.3,83
2211,Male,5.2,72,80,43,97,22,Yes,Yes,5.3,66
2212,Female,6.1,86,56,92,33,26,Yes,Yes,6.6,65
2213,Male,5.2,99,70,68,30,16,Yes,Yes,4.2,57
2214,Male,1.4,67,81,47,71,16,Yes,Yes,4.2,60
2215,Female,2.4,86,70,77,46,19,Yes,No,5.3,60
2216,Male,5.2,83,52,72,93,10,Yes,No,4.4,62
2217,Female,6.1,81,52,61,93,28,Yes,Yes,6.1,68
2218,Female,5.4,63,69,62,64,20,Yes,Yes,4.9,63
2219,Female,8.1,86,92,52,90,17,Yes,Yes,6.3,74
2220,Male,3.1,87,81,44,68,17,Yes,Yes,6.1,69
2221,Female,4.0,82,54,43,75,21,No,No,6.7,56
2222,Female,6.7,57,84,85,90,30,Yes,No,5.5,82
2223,Male,4.6,80,30,55,83,30,Yes,Yes,7.6,65
2224,Female,6.1,89,70,89,80,12,No,Yes,4.6,69
2225,Female,7.9,66,56,88,49,10,Yes,Yes,6.9,59
2226,Female,6.6,81,95,56,35,21,Yes,No,8.0,71
2227,Female,3.4,65,72,65,76,13,Yes,Yes,6.4,61
2228,Female,4.5,51,72,90,80,25,Yes,No,5.8,71
2229,Female,5.8,56,90,79,83,30,No,No,6.5,84
2230,Female,7.7,84,55,63,35,22,Yes,Yes,7.1,69
2231,Male,9.4,70,73,47,33,24,No,No,7.6,65
2232,Male,6.7,79,72,58,91,24,Yes,No,6.6,70
2233,Female,8.9,88,90,84,35,22,Yes,No,4.2,74
2234,Male,6.6,77,66,52,83,16,Yes,Yes,6.4,72
2235,Male,1.2,85,64,62,68,26,Yes,Yes,7.3,63
2236,Male,5.7,66,38,59,81,22,Yes,No,8.0,66
2237,Female,9.2,80,57,57,77,21,Yes,No,5.4,72
2238,Male,5.6,84,58,87,97,27,Yes,No,5.8,74
2239,Female,7.1,63,44,49,71,22,No,No,6.6,61
2240,Female,9.5,68,33,86,92,21,Yes,No,4.7,70
2241,Male,2.0,84,77,100,46,26,Yes,No,8.0,71
2242,Male,9.2,90,74,66,80,17,Yes,Yes,4.6,71
2243,Female,2.0,80,73,40,75,16,Yes,Yes,6.1,57
2244,Male,6.5,69,46,88,37,24,Yes,No,7.2,59
2245,Male,7.9,98,68,57,99,23,Yes,No,5.0,73
2246,Male,5.1,65,52,85,80,25,Yes,No,6.4,64
2247,Male,5.6,89,70,89,74,16,Yes,Yes,6.8,71
2248,Male,7.0,66,65,75,74,19,Yes,No,6.8,66
2249,Female,5.3,66,79,48,95,26,No,No,6.9,74
2250,Male,4.6,83,70,73,73,22,Yes,Yes,7.7,66
2251,Female,2.3,97,77,94,68,13,Yes,Yes,6.8,69
2252,Male,3.6,88,73,80,65,21,Yes,Yes,6.5,71
2253,Male,9.6,67,81,81,97,11,Yes,Yes,5.1,67
2254,Female,7.5,64,58,46,95,30,Yes,Yes,5.5,72
2255,Male,7.4,67,45,49,78,12,Yes,Yes,6.9,59
2256,Female,6.0,94,70,72,83,21,Yes,Yes,7.8,71
2257,Female,2.9,84,48,83,70,25,Yes,No,4.0,67
2258,Female,7.6,88,70,53,52,13,Yes,No,8.0,65
2259,Male,3.0,76,67,86,82,21,Yes,No,5.2,65
2260,Female,8.5,71,80,82,60,25,Yes,Yes,7.1,77
2261,Male,7.9,75,45,80,75,21,Yes,Yes,6.8,68
2262,Male,3.6,69,76,82,62,22,Yes,No,6.8,69
2263,Male,6.8,65,50,40,66,24,Yes,Yes,5.1,60
2264,Male,7.8,72,58,50,80,26,Yes,No,5.1,64
2265,Female,6.4,78,95,86,61,16,Yes,No,6.5,75
2266,Male,7.8,84,92,82,69,22,Yes,Yes,6.0,75
2267,Male,5.6,91,52,86,70,16,Yes,No,6.8,64
2268,Female,7.1,71,58,55,82,21,Yes,Yes,7.6,64
2269,Male,2.3,88,60,72,32,10,Yes,Yes,7.9,50
2270,Male,8.9,100,50,66,76,16,Yes,No,5.2,69
2271,Female,6.9,66,79,82,48,30,Yes,Yes,7.9,80
2272,Female,3.1,79,58,61,81,15,Yes,No,5.1,60
2273,Female,4.5,67,90,79,50,28,Yes,Yes,6.6,71
2274,Female,6.1,83,85,81,65,26,Yes,Yes,5.9,76
2275,Male,5.9,83,45,67,69,22,Yes,Yes,7.7,67
2276,Male,5.4,76,70,87,94,22,Yes,No,7.5,76
2277,Male,5.9,73,46,75,72,21,Yes,Yes,7.6,71
2278,Female,3.2,87,82,85,56,22,No,Yes,6.7,72
2279,Male,5.0,93,58,43,79,15,Yes,No,6.2,60
2280,Female,7.1,92,45,53,70,26,Yes,Yes,5.4,63
2281,Male,6.0,82,77,75,54,21,Yes,No,6.6,70
2282,Male,7.0,96,81,99,59,18,Yes,No,6.9,76
2283,Male,1.8,67,77,83,74,11,Yes,No,7.1,65
2284,Male,5.7,77,68,66,41,22,Yes,No,6.8,67
2285,Female,9.6,53,72,92,97,26,Yes,Yes,4.7,77
2286,Female,3.6,66,94,42,55,25,Yes,Yes,6.3,64
2287,Male,7.3,65,70,89,53,24,Yes,No,6.7,66
2288,Female,9.2,91,81,82,35,14,Yes,Yes,6.9,71
2289,Male,9.2,65,76,57,70,16,Yes,No,7.6,66
2290,Male,7.1,82,50,42,59,22,Yes,Yes,6.7,54
2291,Male,2.4,52,45,59,92,14,Yes,Yes,7.4,55
2292,Female,6.7,96,42,52,77,26,Yes,Yes,6.5,73
2293,Male,2.2,88,72,52,92,25,Yes,No,7.3,70
2294,Male,3.3,90,80,88,71,16,Yes,Yes,6.3,72
2295,Female,4.2,83,74,67,70,16,Yes,No,5.5,64
2296,Female,2.4,58,51,54,82,22,Yes,No,7.0,58
2297,Female,8.6,95,57,61,87,26,Yes,Yes,7.5,78
2298,Male,6.3,84,53,72,79,18,Yes,Yes,5.7,63
2299,Male,6.4,86,69,64,43,21,Yes,No,5.4,65
2300,Male,6.5,86,77,68,82,21,Yes,Yes,7.5,76
2301,Male,9.4,74,71,82,34,21,Yes,No,6.9,68
2302,Female,7.2,77,85,60,81,20,No,Yes,5.2,76
2303,Male,5.0,56,78,74,51,26,Yes,Yes,7.0,69
2304,Female,1.7,90,64,65,70,21,Yes,No,6.7,61
2305,Female,3.8,86,36,53,78,26,Yes,Yes,5.9,61
2306,Female,6.4,84,69,87,59,21,Yes,Yes,7.1,69
2307,Male,5.7,84,52,86,76,21,Yes,Yes,7.2,68
2308,Female,1.6,74,65,70,44,22,Yes,Yes,5.2,58
2309,Female,6.0,90,78,72,74,24,Yes,Yes,7.7,80
2310,Female,8.4,78,74,56,85,23,Yes,No,7.3,76
2311,Male,5.3,91,62,43,35,24,Yes,Yes,7.3,61
2312,Male,9.4,80,57,65,80,19,Yes,Yes,7.3,72
2313,Male,4.6,78,68,60,75,26,Yes,No,7.3,74
2314,Female,7.6,82,80,82,69,30,Yes,Yes,5.3,82
2315,Female,9.5,59,80,83,72,14,Yes,Yes,6.3,72
2316,Male,7.0,54,51,70,75,19,Yes,No,6.2,58
2317,Male,3.4,61,85,98,82,21,Yes,No,6.4,71
2318,Female,3.2,69,66,88,91,21,Yes,No,7.8,70
2319,Female,6.1,64,80,81,70,27,Yes,No,7.1,75
2320,Female,7.5,55,54,60,83,23,Yes,Yes,4.1,63
2321,Male,5.7,55,49,85,31,17,Yes,No,6.1,54
2322,Female,4.7,85,82,96,98,25,Yes,Yes,6.2,83
2323,Female,8.8,74,83,77,81,16,Yes,Yes,5.7,74
2324,Female,6.6,76,72,51,80,18,Yes,Yes,6.9,69
2325,Male,6.1,78,70,55,85,22,No,Yes,5.2,69
2326,Male,1.5,97,50,84,60,22,Yes,Yes,6.7,56
2327,Female,9.8,87,55,78,87,23,Yes,No,4.6,70
2328,Female,9.3,72,34,60,79,22,Yes,Yes,5.7,61
2329,Female,9.7,98,65,98,77,17,Yes,Yes,7.9,74
2330,Male,6.8,88,63,95,73,21,Yes,Yes,4.5,73
2331,Male,7.1,94,74,84,35,22,Yes,Yes,6.7,75
2332,Female,7.1,90,40,60,63,22,Yes,No,5.0,63
2333,Female,9.6,89,54,68,52,17,Yes,Yes,4.3,61
2334,Male,7.7,69,71,93,73,11,No,Yes,6.2,72
2335,Female,7.0,65,70,82,88,17,No,Yes,6.8,72
2336,Female,3.4,66,32,86,58,21,Yes,No,7.9,55
2337,Male,6.2,60,74,42,75,22,Yes,Yes,5.3,63
2338,Male,4.0,86,42,75,83,10,Yes,Yes,6.4,55
2339,Female,4.7,84,72,73,93,26,Yes,Yes,4.9,73
2340,Female,3.6,62,91,47,74,26,Yes,Yes,7.0,72
2341,Female,7.9,64,36,81,85,25,Yes,Yes,7.0,68
2342,Male,7.2,91,76,79,61,11,Yes,No,6.9,68
2343,Female,5.2,65,45,44,50,20,Yes,No,6.3,53
2344,Male,8.6,65,72,86,70,24,Yes,No,6.2,79
2345,Male,3.3,56,90,75,77,22,Yes,Yes,6.8,75
2346,Female,3.6,65,49,62,78,29,Yes,Yes,6.2,59
2347,Male,7.8,72,82,52,58,13,Yes,Yes,7.6,58
2348,Male,6.8,77,82,76,69,23,Yes,No,6.9,78
2349,Male,7.6,81,60,74,33,16,No,No,6.7,56
2350,Female,6.4,67,67,56,99,10,Yes,No,7.2,63
2351,Female,2.5,53,79,64,52,12,Yes,Yes,5.0,51
2352,Male,4.7,51,41,81,94,24,Yes,Yes,5.5,57
2353,Male,8.0,83,60,79,95,21,Yes,Yes,6.7,76
2354,Female,2.1,72,82,72,34,17,Yes,No,7.5,63
2355,Male,7.5,80,49,94,96,25,Yes,No,6.6,73
2356,Female,5.7,86,81,69,81,16,Yes,No,5.2,62
2357,Male,7.6,84,82,79,66,24,Yes,Yes,5.0,74
2358,Male,7.9,75,68,49,98,21,Yes,Yes,7.7,74
2359,Male,8.2,55,53,49,93,25,Yes,No,7.8,64
2360,Female,7.1,83,58,95,41,19,Yes,No,7.0,67
2361,Male,5.3,60,87,85,75,23,Yes,Yes,5.6,74
2362,Male,1.4,87,68,61,33,16,Yes,Yes,7.6,57
2363,Female,4.4,88,42,87,79,16,Yes,Yes,7.5,63
2364,Female,6.5,92,68,72,84,13,Yes,Yes,5.4,64
2365,Male,6.3,80,45,90,84,16,Yes,Yes,5.8,68
2366,Male,6.5,98,92,81,56,22,Yes,No,7.6,79
2367,Female,10.0,78,70,76,61,21,Yes,Yes,5.0,71
2368,Female,6.7,56,92,84,53,27,No,Yes,7.4,75
2369,Male,3.1,86,39,81,75,22,Yes,Yes,7.5,61
2370,Male,7.5,85,50,48,56,25,Yes,No,5.0,59
2371,Male,9.4,84,78,49,64,20,No,No,6.0,70
2372,Male,8.3,76,76,72,74,14,Yes,Yes,7.3,76
2373,Male,6.2,75,30,54,54,26,Yes,No,6.0,51
2374,Male,3.3,82,54,72,59,20,Yes,No,7.8,56
2375,Female,6.6,55,67,93,74,25,Yes,Yes,5.4,76
2376,Male,7.0,89,91,64,84,12,Yes,Yes,7.4,73
2377,Female,1.3,73,34,57,100,26,Yes,No,6.7,57
2378,Female,1.2,80,45,66,80,23,Yes,No,5.7,61
2379,Male,1.1,50,87,80,68,26,Yes,No,4.6,66
2380,Male,3.7,88,79,55,56,22,Yes,No,7.0,72
2381,Female,6.7,72,90,55,71,18,Yes,No,5.0,71
2382,Female,4.9,56,64,80,77,26,Yes,Yes,6.1,68
2383,Female,7.6,88,32,91,70,13,No,Yes,5.6,65
2384,Male,6.7,69,80,78,72,17,Yes,Yes,7.8,70
2385,Male,1.1,80,67,75,77,23,Yes,Yes,7.7,69
2386,Female,6.8,81,34,55,56,21,Yes,No,5.4,56
2387,Female,7.4,66,44,79,70,26,Yes,Yes,6.8,71
2388,Male,2.2,90,68,84,75,25,Yes,No,6.6,76
2389,Male,6.4,51,58,53,83,21,No,Yes,4.4,61
2390,Male,7.9,80,30,80,85,30,Yes,No,7.9,68
2391,Male,7.3,87,82,57,81,21,Yes,Yes,7.0,76
2392,Male,6.6,51,61,94,38,20,Yes,Yes,7.4,62
2393,Male,5.4,86,72,96,97,21,Yes,No,7.8,85
2394,Male,7.7,76,92,71,79,18,Yes,No,6.8,77
2395,Male,2.0,86,45,60,85,21,Yes,No,7.7,59
2396,Male,2.1,91,43,69,60,22,Yes,Yes,5.6,57
2397,Female,7.9,97,87,81,92,18,Yes,Yes,4.9,75
2398,Male,2.3,66,44,50,62,29,Yes,Yes,7.3,55
2399,Female,6.9,92,71,78,76,26,Yes,Yes,6.7,81
2400,Male,6.0,94,80,58,93,25,Yes,No,7.2,76
2401,Male,7.1,53,56,100,37,29,Yes,No,5.9,64
2402,Male,1.0,67,45,82,66,22,Yes,No,6.1,58
2403,Male,6.6,85,60,57,79,16,Yes,Yes,6.6,68
2404,Female,8.5,57,53,76,75,26,Yes,No,5.6,71
2405,Female,7.1,87,59,85,95,21,Yes,Yes,7.4,78
2406,Male,4.6,66,58,81,84,24,Yes,No,7.1,67
2407,Female,6.9,63,51,44,72,25,Yes,Yes,6.7,58
2408,Male,2.6,58,89,86,70,29,Yes,Yes,4.7,79
2409,Male,9.2,58,55,85,50,25,Yes,Yes,6.5,67
2410,Male,3.2,95,73,72,59,24,Yes,No,6.6,68
2411,Female,4.1,96,46,86,32,25,Yes,Yes,5.2,64
2412,Female,9.3,96,88,56,49,20,Yes,Yes,4.2,73
2413,Male,7.4,84,76,86,63,12,Yes,No,6.9,71
2414,Male,7.2,61,60,59,73,21,Yes,Yes,6.2,71
2415,Male,6.7,88,63,76,86,26,Yes,Yes,6.5,73
2416,Male,6.1,50,71,76,50,23,No,Yes,6.1,68
2417,Female,6.1,93,50,53,96,23,Yes,Yes,5.0,66
2418,Female,3.7,57,89,63,76,21,Yes,No,6.8,71
2419,Female,7.0,80,74,88,30,23,Yes,No,5.5,73
2420,Male,9.3,68,75,91,44,30,Yes,Yes,6.6,79
2421,Male,5.8,71,43,64,40,23,Yes,No,4.2,56
2422,Female,3.7,90,65,76,85,18,Yes,Yes,6.8,71
2423,Male,8.2,91,51,72,62,14,Yes,Yes,4.8,60
2424,Male,7.0,86,95,81,49,13,Yes,Yes,6.5,69
2425,Female,1.4,81,69,85,54,11,No,Yes,6.0,54
2426,Male,6.3,80,50,87,85,25,No,Yes,6.6,65
2427,Female,7.3,95,58,75,70,26,Yes,No,5.0,77
2428,Female,4.8,89,69,76,42,28,No,No,6.9,67
2429,Male,7.4,80,76,74,74,25,Yes,Yes,5.8,75
2430,Male,6.2,68,89,83,63,20,Yes,No,5.7,72
2431,Female,6.1,93,73,68,95,16,Yes,No,6.7,73
2432,Male,4.6,79,76,55,75,27,Yes,No,6.6,74
2433,Female,7.8,50,33,78,92,16,Yes,No,6.8,62
2434,Male,9.5,84,52,49,97,21,Yes,Yes,7.3,68
2435,Male,9.6,90,52,60,85,29,Yes,No,7.1,75
2436,Male,7.3,80,66,96,40,21,Yes,Yes,7.0,70
2437,Female,6.7,80,61,59,41,22,Yes,No,5.0,60
2438,Female,6.9,73,68,78,47,26,Yes,Yes,5.2,73
2439,Female,6.4,95,94,83,52,21,Yes,Yes,4.6,77
2440,Male,6.3,69,68,77,49,21,Yes,Yes,6.5,68
2441,Male,4.2,81,80,59,70,15,No,Yes,6.9,67
2442,Female,7.9,84,63,64,33,25,Yes,Yes,7.3,70
2443,Female,9.3,71,74,63,70,20,Yes,No,6.7,72
2444,Female,1.3,88,71,56,74,24,Yes,Yes,7.1,62
2445,Male,8.0,99,55,88,59,25,Yes,No,7.7,75
2446,Female,3.8,90,70,74,94,21,Yes,Yes,7.1,71
2447,Female,6.4,62,95,71,69,17,Yes,No,5.7,70
2448,Male,5.1,83,68,92,57,21,Yes,Yes,5.5,70
2449,Male,6.4,83,48,68,96,26,No,Yes,4.7,72
2450,Male,9.9,82,70,73,99,22,Yes,Yes,6.0,79
2451,Male,7.2,64,66,82,78,24,Yes,No,6.5,74
2452,Male,7.8,87,81,88,86,28,Yes,No,6.5,89
2453,Female,3.0,87,61,84,81,26,Yes,Yes,6.8,72
2454,Male,7.5,84,74,41,73,20,Yes,Yes,7.0,76
2455,Male,2.6,69,53,49,61,24,Yes,No,5.2,57
2456,Male,8.0,76,81,80,52,29,No,Yes,5.0,71
2457,Male,5.7,83,72,81,45,16,Yes,No,6.8,67
2458,Male,1.0,77,65,85,72,25,Yes,Yes,7.7,69
2459,Male,2.0,82,50,78,76,11,Yes,Yes,5.1,58
2460,Male,6.3,80,47,74,85,12,Yes,Yes,6.7,63
2461,Female,5.4,84,73,64,30,30,Yes,Yes,6.5,68
2462,Female,7.4,90,72,48,76,28,Yes,No,6.6,71
2463,Male,7.5,85,72,68,55,27,Yes,No,5.8,72
2464,Female,6.6,61,75,68,30,24,Yes,Yes,6.7,63
2465,Female,8.7,77,50,95,89,22,No,No,6.6,72
2466,Female,6.2,88,54,74,87,22,Yes,Yes,6.6,71
2467,Male,6.5,89,47,73,33,15,No,Yes,6.9,61
2468,Male,1.4,86,89,80,69,21,Yes,Yes,5.7,72
2469,Male,9.6,90,65,100,85,22,Yes,No,6.6,77
2470,Male,8.3,86,92,84,81,22,Yes,No,6.6,84
2471,Male,1.5,88,51,57,69,26,Yes,No,6.5,64
2472,Male,1.5,97,59,78,41,21,Yes,No,7.4,59
2473,Male,5.2,89,59,77,30,19,Yes,No,5.5,59
2474,Female,7.0,65,67,76,82,25,Yes,No,5.4,72
2475,Female,6.9,74,81,55,31,17,Yes,No,7.9,61
2476,Male,8.3,80,47,97,69,23,Yes,No,7.8,74
2477,Male,6.8,86,93,99,73,13,Yes,Yes,6.0,76
2478,Female,7.8,97,59,57,69,26,Yes,Yes,6.7,72
2479,Male,3.4,87,56,93,32,12,Yes,Yes,4.3,51
2480,Male,2.4,85,93,72,50,18,Yes,Yes,5.3,65
2481,Male,1.4,59,30,70,40,16,Yes,No,7.3,46
2482,Female,1.4,73,90,55,80,23,Yes,Yes,6.7,69
2483,Female,6.2,77,70,73,99,28,Yes,No,6.6,83
2484,Male,2.4,75,62,66,80,21,Yes,Yes,6.5,62
2485,Male,6.8,69,31,51,72,17,Yes,Yes,6.8,54
2486,Male,6.9,84,74,90,59,22,Yes,Yes,5.0,75
2487,Male,4.2,73,81,40,53,23,Yes,No,6.2,59
2488,Male,4.2,84,80,68,31,26,Yes,Yes,7.9,63
2489,Male,4.5,93,78,96,30,23,Yes,Yes,7.3,66
2490,Male,9.6,88,52,78,51,19,Yes,No,6.7,70
2491,Female,3.1,53,79,50,92,26,Yes,No,5.9,67
2492,Male,9.9,94,79,58,100,17,Yes,Yes,5.3,84
2493,Male,6.3,84,77,88,71,24,Yes,Yes,8.0,76
2494,Male,7.9,81,60,60,79,13,Yes,Yes,7.0,65
2495,Male,9.8,83,77,54,43,28,Yes,No,7.2,79
2496,Male,3.7,63,95,75,59,24,Yes,Yes,6.4,79
2497,Male,7.4,84,58,88,59,22,Yes,Yes,7.8,77
2498,Male,7.7,89,80,80,54,14,Yes,Yes,6.7,74
2499,Male,6.7,68,58,81,56,16,Yes,Yes,7.2,66
2500,Female,7.2,70,44,61,73,11,Yes,No,7.3,58
2501,Male,7.0,75,63,87,89,25,Yes,Yes,6.9,78
2502,Male,7.5,86,54,50,41,24,Yes,Yes,6.0,59
2503,Female,2.3,80,77,65,84,22,Yes,Yes,7.5,68
2504,Male,7.1,76,70,85,63,30,Yes,Yes,5.6,76
2505,Female,6.5,57,91,59,40,28,Yes,Yes,4.6,69
2506,Male,8.6,86,80,73,86,22,Yes,No,8.0,79
2507,Male,7.8,79,92,57,75,18,Yes,No,7.4,77
2508,Male,7.1,82,67,40,47,23,Yes,No,5.3,65
2509,Female,2.7,80,81,68,75,27,Yes,No,7.6,74
2510,Female,8.0,98,47,56,50,13,Yes,No,7.5,62
2511,Female,6.4,92,54,72,62,27,Yes,Yes,4.1,63
2512,Female,4.4,86,40,67,87,25,Yes,No,5.3,62
2513,Female,8.4,91,55,49,82,22,No,No,6.8,66
2514,Male,2.8,99,70,73,65,26,Yes,No,5.7,64
2515,Female,7.1,65,52,87,64,22,Yes,Yes,7.5,67
2516,Male,7.8,71,68,87,84,20,Yes,Yes,6.8,74
2517,Female,6.4,83,79,82,70,22,Yes,No,6.9,80
2518,Female,7.5,81,51,100,91,22,Yes,No,5.4,75
2519,Female,6.4,57,55,72,75,13,Yes,No,7.7,58
2520,Male,6.2,71,64,75,64,26,No,Yes,6.5,75
2521,Female,7.1,68,89,66,75,24,Yes,Yes,5.4,79
2522,Female,6.2,61,84,78,94,20,No,Yes,7.8,79
2523,Male,9.5,69,57,73,55,25,Yes,No,7.9,70
2524,Female,1.9,84,70,74,75,15,Yes,Yes,6.6,60
2525,Male,7.4,86,80,63,75,18,Yes,Yes,6.4,71
2526,Female,6.9,59,37,88,84,26,Yes,No,6.4,70
2527,Male,3.9,90,83,83,80,26,Yes,Yes,6.9,84
2528,Male,9.4,86,65,88,67,18,Yes,No,6.4,77
2529,Male,5.4,55,41,64,68,21,Yes,Yes,5.9,55
2530,Female,8.0,90,83,69,74,30,Yes,No,7.8,80
2531,Male,6.9,64,55,56,100,22,Yes,Yes,7.3,69
2532,Male,3.5,65,61,59,52,21,Yes,No,6.4,53
2533,Male,6.6,89,65,79,82,13,Yes,No,7.2,69
2534,Male,7.8,90,74,88,31,27,Yes,Yes,7.9,75
2535,Female,7.9,51,80,87,63,24,Yes,Yes,6.4,73
2536,Male,6.7,69,74,55,72,21,Yes,Yes,5.0,62
2537,Male,6.0,86,51,70,87,19,Yes,No,6.9,68
2538,Male,6.2,88,74,81,74,19,Yes,No,6.5,71
2539,Male,3.4,82,67,56,82,13,Yes,Yes,6.6,57
2540,Male,8.9,70,53,41,77,23,Yes,No,5.2,55
2541,Male,5.8,51,50,83,81,16,Yes,Yes,5.5,60
2542,Female,8.5,98,56,48,62,25,Yes,No,5.4,72
2543,Male,6.6,90,75,67,62,22,Yes,No,6.3,76
2544,Male,6.5,88,54,75,81,24,Yes,Yes,6.9,69
2545,Female,7.6,80,73,84,73,28,No,Yes,5.5,76
2546,Female,5.6,93,70,63,59,19,Yes,Yes,6.8,68
2547,Female,9.4,89,65,66,80,15,Yes,Yes,6.6,67
2548,Male,6.2,71,56,72,61,19,Yes,Yes,6.7,64
2549,Female,8.6,55,67,69,35,27,Yes,Yes,7.0,70
2550,Female,3.2,90,46,93,70,23,Yes,Yes,5.7,68
2551,Female,6.6,81,50,59,77,21,No,Yes,7.7,65
2552,Male,7.7,79,40,90,50,18,Yes,Yes,5.2,59
2553,Male,3.4,83,50,82,90,27,Yes,No,5.8,66
2554,Male,9.3,92,50,64,70,20,Yes,Yes,5.8,64
2555,Male,1.8,81,51,55,57,12,Yes,No,6.6,49
2556,Female,9.7,87,61,67,75,29,Yes,No,6.7,78
2557,Female,5.7,65,87,94,39,24,Yes,Yes,6.1,75
2558,Male,3.1,80,58,87,79,24,Yes,Yes,6.9,66
2559,Female,6.9,76,54,56,57,29,Yes,No,6.9,71
2560,Female,2.6,81,75,50,81,23,Yes,No,6.7,66
2561,Female,3.0,68,51,80,50,25,Yes,Yes,6.8,61
2562,Female,8.9,92,68,85,46,15,Yes,Yes,6.9,66
2563,Male,7.2,69,69,77,71,22,Yes,Yes,5.6,63
2564,Female,7.8,96,81,86,45,28,Yes,Yes,7.8,83
2565,Female,7.8,75,60,85,61,11,Yes,Yes,6.2,65
2566,Male,7.0,62,55,96,70,24,Yes,Yes,6.8,70
2567,Female,7.0,84,83,79,80,22,Yes,No,6.1,78
2568,Female,4.1,94,68,71,74,25,Yes,Yes,6.1,72
2569,Male,4.9,86,93,81,75,26,Yes,Yes,6.9,76
2570,Male,7.6,80,61,62,99,18,Yes,Yes,5.4,67
2571,Female,8.1,90,94,96,90,16,Yes,Yes,6.4,85
2572,Male,1.7,78,81,72,78,25,Yes,Yes,7.1,68
2573,Male,9.5,68,66,83,71,23,Yes,Yes,6.9,75
2574,Female,6.8,56,65,58,100,22,Yes,No,7.8,67
2575,Female,3.6,83,81,53,68,29,Yes,Yes,7.1,74
2576,Female,5.5,86,59,87,81,21,Yes,No,7.2,71
2577,Female,1.4,78,75,72,73,26,Yes,No,6.6,64
2578,Female,7.4,86,68,46,87,24,Yes,Yes,7.4,76
2579,Female,7.2,78,76,74,92,27,Yes,Yes,6.9,78
2580,Male,7.8,59,71,62,36,29,Yes,No,7.6,67
2581,Male,5.8,78,50,80,82,20,Yes,No,6.7,67
2582,Female,1.5,80,49,49,82,22,Yes,No,4.0,59
2583,Male,5.1,100,50,80,74,18,Yes,No,6.1,62
2584,Female,1.5,89,53,97,71,23,Yes,Yes,7.7,67
2585,Male,3.1,81,68,78,72,21,No,No,5.7,68
2586,Male,6.1,88,79,80,53,18,Yes,Yes,7.1,73
2587,Male,9.7,89,47,84,84,30,Yes,Yes,5.9,77
2588,Female,2.9,69,74,87,71,13,Yes,Yes,7.7,64
2589,Male,5.4,89,70,83,88,26,Yes,Yes,5.2,73
2590,Female,8.0,64,56,90,85,19,Yes,No,6.9,71
2591,Female,5.6,80,95,75,85,10,Yes,Yes,6.2,69
2592,Male,5.8,54,52,73,96,13,No,Yes,7.4,53
2593,Male,3.0,80,79,67,99,17,Yes,Yes,7.7,72
2594,Male,7.1,67,59,77,84,14,Yes,No,6.0,67
2595,Female,2.3,59,74,86,46,24,Yes,No,5.6,57
2596,Female,3.3,96,34,76,33,22,Yes,Yes,7.0,51
2597,Male,6.2,56,62,87,54,25,Yes,Yes,4.1,67
2598,Male,6.1,90,71,88,68,14,Yes,Yes,5.2,74
2599,Male,6.7,100,84,83,83,23,Yes,No,7.5,82
2600,Male,1.3,80,72,82,32,30,Yes,No,7.6,65
2601,Female,4.4,85,52,98,95,20,Yes,Yes,5.6,69
2602,Male,4.9,84,56,55,69,27,Yes,No,5.2,69
2603,Female,2.7,83,95,73,53,23,Yes,Yes,7.2,71
2604,Male,9.0,89,78,65,46,22,Yes,No,6.1,69
2605,Male,4.6,84,71,62,99,14,Yes,Yes,6.1,65
2606,Female,7.1,57,58,41,51,21,Yes,Yes,6.4,55
2607,Female,4.8,88,35,70,73,16,Yes,Yes,6.8,57
2608,Male,1.7,81,52,96,76,26,Yes,Yes,6.7,72
2609,Male,4.7,54,35,73,76,30,Yes,No,8.0,65
2610,Male,6.3,74,61,55,43,13,Yes,Yes,7.2,55
2611,Female,8.3,76,55,69,88,23,Yes,No,5.1,69
2612,Female,6.8,95,94,84,50,22,Yes,No,5.7,73
2613,Female,7.4,90,82,58,60,25,Yes,Yes,7.3,78
2614,Female,7.8,50,70,95,77,23,Yes,Yes,7.1,75
2615,Female,6.6,52,76,95,74,20,Yes,Yes,4.6,70
2616,Female,7.3,61,58,89,33,15,Yes,No,6.7,69
2617,Male,6.1,59,69,63,53,27,No,Yes,6.2,68
2618,Female,7.5,57,75,77,75,22,Yes,Yes,6.8,70
2619,Female,8.4,100,39,87,75,19,Yes,Yes,7.0,67
2620,Female,6.3,86,69,51,67,11,Yes,No,5.3,63
2621,Male,3.5,80,31,74,71,26,Yes,Yes,5.2,58
2622,Male,8.7,88,80,79,90,13,Yes,Yes,7.9,72
2623,Male,7.9,71,75,86,79,20,Yes,Yes,6.6,78
2624,Female,7.3,91,85,56,74,24,No,Yes,7.7,75
2625,Male,8.6,66,50,55,60,23,Yes,No,6.7,68
2626,Female,6.7,64,93,66,78,16,Yes,Yes,6.7,76
2627,Female,3.3,66,44,60,51,22,Yes,No,7.0,53
2628,Female,3.1,90,67,83,75,27,Yes,No,6.4,76
2629,Female,4.0,73,66,55,67,21,Yes,Yes,5.9,62
2630,Male,3.8,68,68,72,73,16,Yes,No,7.9,67
2631,Male,3.9,73,81,64,83,22,Yes,Yes,5.7,72
2632,Male,4.6,65,40,64,100,24,Yes,Yes,6.5,61
2633,Male,6.0,77,64,93,67,26,Yes,No,5.4,70
2634,Female,1.0,80,77,58,57,25,Yes,Yes,5.0,66
2635,Male,5.6,65,68,55,76,28,No,No,7.1,69
2636,Male,7.9,82,56,48,73,19,Yes,Yes,6.9,63
2637,Male,8.1,83,80,79,82,16,Yes,No,5.3,71
2638,Male,6.6,76,72,79,78,17,Yes,Yes,7.8,73
2639,Male,9.1,96,44,79,78,30,No,Yes,5.7,80
2640,Male,9.7,65,74,83,83,23,No,Yes,4.2,73
2641,Male,7.2,77,72,72,85,25,Yes,No,6.3,76
2642,Female,2.3,53,79,61,51,19,Yes,No,6.7,64
2643,Female,7.7,81,51,65,79,12,Yes,Yes,7.3,62
2644,Female,6.0,85,68,77,92,28,Yes,No,8.0,81
2645,Male,4.9,78,79,60,72,21,Yes,Yes,7.7,67
2646,Male,6.2,67,80,96,97,25,Yes,Yes,6.2,82
2647,Female,6.3,84,94,77,52,21,Yes,No,6.5,74
2648,Female,4.4,92,58,78,41,24,Yes,No,6.0,66
2649,Male,7.0,88,85,74,56,26,Yes,No,7.8,82
2650,Male,4.3,50,78,76,99,30,Yes,No,4.7,83
2651,Female,6.9,62,69,54,77,23,Yes,Yes,6.2,69
2652,Female,7.8,86,49,69,68,28,Yes,No,6.5,71
2653,Male,9.7,89,95,48,70,29,Yes,Yes,7.5,84
2654,Female,9.7,88,68,60,56,21,Yes,Yes,6.3,69
2655,Female,9.7,86,83,87,68,22,Yes,Yes,6.2,81
2656,Female,6.6,63,72,69,54,18,No,Yes,5.7,63
2657,Female,7.5,82,61,81,48,25,Yes,Yes,5.2,69
2658,Male,8.3,76,50,61,69,21,Yes,Yes,5.5,67
2659,Male,6.7,74,81,67,53,26,Yes,Yes,7.9,71
2660,Male,1.2,68,63,98,33,22,Yes,Yes,6.7,64
2661,Female,2.2,73,69,71,97,27,Yes,No,5.6,75
2662,Male,7.7,67,42,72,100,22,Yes,Yes,4.1,65
2663,Female,6.4,93,83,99,74,22,No,Yes,6.6,74
2664,Male,6.2,65,76,44,58,21,Yes,No,6.1,62
2665,Female,6.0,86,45,74,65,22,No,No,6.2,67
2666,Female,7.6,68,62,74,69,29,Yes,No,7.0,73
2667,Male,6.0,74,74,85,49,15,Yes,Yes,4.4,60
2668,Female,7.8,89,70,63,79,21,No,No,7.7,72
2669,Male,5.5,89,82,90,47,29,Yes,Yes,7.7,81
2670,Male,4.2,88,94,54,94,23,Yes,Yes,5.9,78
2671,Male,6.9,65,51,88,97,10,Yes,Yes,5.6,62
2672,Female,4.4,87,88,72,83,21,Yes,No,5.1,73
2673,Male,3.2,79,76,75,54,17,Yes,Yes,7.6,64
2674,Male,1.4,77,40,64,54,22,Yes,Yes,4.2,48
2675,Male,5.6,92,67,42,48,25,Yes,Yes,6.6,69
2676,Female,7.7,75,34,85,86,28,Yes,No,6.2,68
2677,Male,7.5,88,74,90,64,23,Yes,No,5.7,79
2678,Male,4.1,80,61,84,77,16,Yes,Yes,7.6,70
2679,Male,6.0,80,88,67,84,19,Yes,Yes,4.7,76
2680,Female,2.5,59,74,73,70,26,Yes,Yes,6.9,67
2681,Male,4.9,81,68,54,60,18,Yes,No,6.2,63
2682,Female,9.8,66,43,41,47,25,No,Yes,7.4,60
2683,Female,1.1,51,60,90,85,26,Yes,No,7.9,65
2684,Male,4.0,88,61,76,80,21,Yes,Yes,4.1,66
2685,Female,1.5,82,60,63,39,23,Yes,No,7.2,54
2686,Male,9.4,81,59,96,75,18,Yes,Yes,6.2,76
2687,Female,9.1,81,67,44,54,28,No,Yes,6.5,68
2688,Male,7.1,99,80,52,80,16,Yes,Yes,5.5,71
2689,Female,9.2,72,37,87,67,21,Yes,Yes,7.1,66
2690,Female,1.2,84,40,71,82,14,Yes,Yes,6.5,53
2691,Female,6.5,90,82,64,66,21,Yes,No,8.0,76
2692,Female,6.3,88,74,63,38,19,Yes,Yes,6.1,63
2693,Female,6.3,88,81,72,72,16,Yes,No,6.9,74
2694,Female,5.2,87,54,54,71,22,Yes,No,4.1,56
2695,Male,4.5,71,71,88,94,12,Yes,No,5.7,67
2696,Male,3.8,84,68,76,57,10,Yes,No,5.5,64
2697,Male,7.2,85,53,50,60,11,Yes,No,7.5,54
2698,Female,7.8,71,71,42,88,30,Yes,Yes,5.6,72
2699,Male,9.6,65,68,71,72,22,No,No,7.8,75
2700,Male,7.2,99,67,63,89,25,Yes,Yes,5.7,76
2701,Male,6.0,86,30,92,60,24,No,No,6.1,63
2702,Male,3.3,90,80,60,78,16,Yes,No,7.7,69
2703,Male,7.4,64,91,74,83,28,Yes,Yes,6.0,83
2704,Female,8.4,86,63,83,72,16,Yes,Yes,7.7,74
2705,Male,7.0,57,86,83,51,21,Yes,Yes,6.1,72
2706,Female,6.0,81,77,86,94,20,Yes,No,6.2,76
2707,Male,7.6,80,81,69,82,21,Yes,No,5.6,77
2708,Male,3.2,100,54,83,81,21,Yes,Yes,6.9,73
2709,Female,3.4,90,76,60,96,26,Yes,No,6.3,74
2710,Female,5.9,97,80,81,32,28,Yes,No,6.6,71
2711,Male,7.5,97,71,76,56,23,Yes,Yes,6.5,76
2712,Male,3.5,84,70,90,65,17,Yes,Yes,6.9,67
2713,Female,3.1,63,53,57,71,16,Yes,No,6.7,48
2714,Female,5.3,84,32,59,93,10,Yes,No,5.6,55
2715,Male,6.8,65,95,46,77,11,Yes,No,6.2,65
2716,Male,9.5,68,69,71,81,16,No,Yes,6.8,70
2717,Male,6.6,58,41,94,66,22,Yes,Yes,5.6,63
2718,Female,2.4,81,70,85,51,21,Yes,Yes,7.4,66
2719,Male,6.3,84,94,98,72,21,No,Yes,6.0,83
2720,Male,4.2,75,36,81,78,23,Yes,Yes,6.6,60
2721,Female,6.1,72,73,87,60,15,Yes,No,7.3,69
2722,Female,2.7,98,36,59,84,17,Yes,Yes,4.5,53
2723,Male,7.3,87,63,89,82,28,Yes,No,6.4,80
2724,Male,3.3,86,81,90,85,20,Yes,Yes,5.4,75
2725,Female,7.8,88,74,75,83,11,Yes,No,5.8,66
2726,Female,7.7,98,80,85,77,19,Yes,Yes,5.5,80
2727,Male,6.6,68,61,72,73,25,Yes,Yes,7.6,69
2728,Male,4.4,56,57,53,82,29,No,Yes,6.9,68
2729,Male,6.7,68,53,94,61,20,Yes,No,5.1,65
2730,Male,2.4,80,74,72,74,22,Yes,No,7.6,74
2731,Male,3.6,80,81,41,73,20,Yes,Yes,6.6,65
2732,Male,3.0,73,76,43,92,26,Yes,Yes,7.9,70
2733,Male,9.3,79,55,48,92,19,Yes,No,7.1,68
2734,Male,5.8,75,88,90,82,11,Yes,Yes,7.3,72
2735,Female,3.4,59,65,57,91,20,Yes,Yes,6.9,66
2736,Male,7.1,78,54,71,85,26,Yes,Yes,6.6,66
2737,Female,5.0,94,61,68,71,27,Yes,No,7.6,68
2738,Male,5.3,80,76,67,84,20,Yes,Yes,6.7,68
2739,Female,8.0,84,90,72,81,22,Yes,Yes,5.2,82
2740,Female,8.0,89,76,84,54,18,Yes,No,7.0,78
2741,Female,7.4,55,72,82,79,21,Yes,Yes,6.4,72
2742,Male,3.8,96,49,82,73,25,Yes,Yes,6.9,67
2743,Female,4.6,80,66,73,60,11,Yes,No,7.1,60
2744,Female,5.6,57,81,80,91,26,Yes,No,6.1,80
2745,Male,7.3,52,72,47,67,22,Yes,Yes,6.8,63
2746,Female,7.3,90,59,95,60,25,Yes,No,6.1,74
2747,Female,4.1,90,79,40,54,11,Yes,No,4.8,59
2748,Male,6.2,69,70,56,74,21,Yes,Yes,5.3,67
2749,Female,5.9,87,72,65,84,24,Yes,No,6.6,74
2750,Female,7.5,98,74,43,64,25,Yes,Yes,6.0,74
2751,Male,3.3,65,82,72,68,22,Yes,Yes,6.9,61
2752,Female,1.6,77,63,53,70,21,Yes,Yes,7.3,62
2753,Male,8.7,80,70,79,83,17,Yes,Yes,5.0,70
2754,Male,5.8,88,56,92,77,23,Yes,Yes,6.4,66
2755,Male,8.5,60,91,66,71,24,No,Yes,5.0,77
2756,Female,7.0,90,64,46,83,22,Yes,Yes,6.4,73
2757,Female,6.0,86,56,85,50,24,No,No,7.4,67
2758,Male,8.3,90,35,77,73,11,Yes,No,5.1,60
2759,Male,7.0,83,74,45,99,23,Yes,No,5.2,77
2760,Male,9.3,80,77,42,55,27,Yes,Yes,7.7,77
2761,Male,6.1,90,51,77,54,21,Yes,Yes,6.5,69
2762,Female,1.1,68,65,67,82,19,Yes,Yes,6.5,64
2763,Female,3.1,95,78,67,84,21,Yes,Yes,6.9,72
2764,Male,6.1,71,61,54,75,29,Yes,Yes,4.3,62
2765,Female,1.7,85,62,43,40,23,Yes,No,6.9,55
2766,Female,3.2,78,93,78,80,22,Yes,No,6.9,74
2767,Male,6.3,80,63,57,61,19,Yes,No,5.2,68
2768,Male,7.9,82,57,64,66,25,Yes,Yes,5.9,68
2769,Male,4.5,84,70,56,55,20,Yes,No,7.7,65
2770,Male,7.0,82,95,78,82,23,Yes,Yes,7.0,84
2771,Male,4.1,82,73,58,84,18,Yes,Yes,7.9,68
2772,Male,2.8,85,47,72,71,22,Yes,No,6.4,66
2773,Male,6.9,68,93,79,78,25,Yes,No,6.5,79
2774,Male,8.8,73,82,80,89,25,No,Yes,7.8,84
2775,Female,7.5,89,90,85,98,21,Yes,Yes,6.0,81
2776,Male,2.2,88,77,67,56,29,Yes,Yes,7.1,67
2777,Male,8.0,79,79,92,73,18,Yes,No,6.4,74
2778,Male,7.0,86,69,46,49,17,Yes,Yes,6.6,62
2779,Female,7.3,89,50,52,80,17,Yes,No,6.6,61
2780,Female,6.0,88,69,69,77,28,Yes,Yes,5.1,71
2781,Male,5.9,64,67,62,80,22,Yes,Yes,7.5,64
2782,Female,6.6,94,92,41,60,17,Yes,Yes,7.7,70
2783,Male,5.6,77,35,43,52,28,Yes,Yes,5.6,51
2784,Female,3.1,73,44,78,69,30,Yes,Yes,7.1,67
2785,Male,6.1,63,31,83,53,24,Yes,No,6.1,58
2786,Female,7.6,87,87,59,82,25,Yes,No,7.2,75
2787,Female,6.2,87,68,84,80,10,Yes,No,6.5,66
2788,Male,8.1,87,70,84,72,23,Yes,No,7.7,75
2789,Female,6.4,74,73,93,66,21,Yes,No,5.3,73
2790,Female,7.7,83,57,57,66,21,Yes,Yes,4.4,67
2791,Male,1.5,84,85,65,75,18,Yes,No,6.7,62
2792,Female,6.3,80,66,66,65,17,Yes,Yes,4.4,63
2793,Male,7.0,62,90,46,62,11,Yes,Yes,6.9,63
2794,Female,9.4,80,74,91,62,16,Yes,Yes,6.5,75
2795,Female,6.4,78,82,64,72,28,Yes,Yes,6.2,77
2796,Male,6.8,70,56,73,31,20,Yes,Yes,6.1,57
2797,Female,9.4,55,75,81,60,25,Yes,No,4.3,71
2798,Male,8.0,65,54,76,70,25,Yes,Yes,6.9,67
2799,Female,3.0,91,54,88,73,25,Yes,Yes,6.8,72
2800,Male,6.5,58,81,82,81,12,Yes,Yes,6.3,69
2801,Female,6.8,89,79,80,39,22,No,Yes,6.8,77
2802,Female,7.5,88,85,83,71,20,Yes,Yes,7.1,78
2803,Female,8.5,68,81,85,76,26,Yes,Yes,5.4,77
2804,Male,2.7,50,80,62,70,15,Yes,Yes,4.8,54
2805,Female,7.2,68,79,83,78,21,Yes,Yes,7.4,71
2806,Male,8.9,94,61,98,58,14,Yes,No,8.0,66
2807,Female,8.3,80,65,68,48,26,Yes,No,5.7,70
2808,Male,6.4,59,71,88,70,16,Yes,Yes,7.7,70
2809,Male,9.5,71,76,70,39,26,Yes,Yes,5.9,67
2810,Female,4.3,74,95,51,50,21,Yes,Yes,4.9,69
2811,Male,4.3,78,73,62,58,21,Yes,No,6.0,63
2812,Female,6.4,87,74,57,34,18,Yes,Yes,6.8,63
2813,Male,7.0,84,61,64,70,20,Yes,Yes,7.5,73
2814,Male,2.3,81,77,52,95,23,Yes,No,7.9,74
2815,Female,5.3,90,68,64,66,13,Yes,Yes,6.7,62
2816,Male,6.0,84,77,50,92,13,No,Yes,5.9,64
2817,Female,1.3,81,72,82,90,26,Yes,Yes,7.2,67
2818,Female,7.3,51,64,84,54,23,Yes,No,5.6,64
2819,Male,7.8,95,79,77,86,21,Yes,No,8.0,80
2820,Male,7.6,94,82,93,71,21,Yes,No,5.0,75
2821,Female,8.9,88,60,55,70,28,Yes,Yes,6.4,72
2822,Male,6.2,61,45,69,74,18,Yes,Yes,6.7,60
2823,Female,7.9,98,45,45,36,21,Yes,No,6.8,57
2824,Male,8.3,58,68,97,96,25,Yes,No,6.6,78
2825,Male,1.7,97,84,75,83,28,Yes,Yes,4.2,75
2826,Female,7.6,83,59,95,46,19,Yes,No,7.7,70
2827,Male,8.7,56,83,64,80,29,Yes,Yes,4.9,74
2828,Male,4.9,80,42,69,73,12,No,Yes,5.1,58
2829,Female,7.8,80,76,73,71,29,Yes,No,7.8,79
2830,Male,6.4,75,81,76,82,25,Yes,Yes,6.1,77
2831,Male,6.9,80,70,85,78,14,No,No,6.7,72
2832,Female,7.9,98,77,84,83,12,Yes,Yes,6.8,75
2833,Male,2.7,83,70,87,100,22,Yes,Yes,5.7,76
2834,Female,8.7,88,72,80,84,24,Yes,No,6.4,80
2835,Female,7.3,81,67,74,68,13,Yes,No,6.6,64
2836,Male,3.3,90,90,79,82,23,Yes,Yes,6.9,79
2837,Male,6.2,81,62,61,70,12,Yes,Yes,5.7,56
2838,Female,7.9,80,82,71,65,11,Yes,No,6.8,69
2839,Female,6.7,95,59,69,44,26,No,Yes,7.2,68
2840,Female,7.5,55,67,86,60,23,Yes,No,7.0,70
2841,Male,7.0,90,88,42,53,23,Yes,No,5.5,69
2842,Male,9.7,72,91,85,33,25,Yes,Yes,7.4,73
2843,Male,7.6,59,88,82,72,16,Yes,Yes,7.3,72
2844,Female,5.6,58,78,93,72,22,Yes,Yes,4.5,71
2845,Female,7.1,92,52,64,70,28,No,No,6.5,70
2846,Male,6.0,100,34,81,82,29,Yes,Yes,7.7,68
2847,Female,3.4,76,76,59,75,16,Yes,Yes,6.8,68
2848,Male,2.4,83,57,82,91,10,Yes,Yes,6.7,58
2849,Male,2.9,83,51,64,78,24,Yes,No,6.8,66
2850,Female,3.0,87,71,72,82,10,Yes,Yes,5.6,63
2851,Female,4.7,61,81,83,80,21,Yes,Yes,6.9,71
2852,Female,1.6,89,30,85,31,24,Yes,No,6.4,57
2853,Female,3.7,56,40,62,44,24,Yes,No,7.7,50
2854,Female,4.2,80,60,67,87,23,Yes,No,6.4,70
2855,Male,5.9,84,90,85,30,24,No,Yes,6.4,76
2856,Male,5.8,78,72,65,85,20,Yes,Yes,6.8,69
2857,Male,8.4,85,71,48,98,10,Yes,No,5.1,70
2858,Male,2.0,75,95,78,50,22,Yes,Yes,5.2,68
2859,Male,7.9,80,94,80,60,14,Yes,No,6.5,75
2860,Female,7.8,95,56,96,49,26,Yes,No,7.4,74
2861,Male,7.7,93,69,88,79,11,Yes,Yes,7.5,71
2862,Female,3.5,74,72,78,75,24,Yes,No,7.2,73
2863,Female,6.1,89,39,77,93,24,Yes,No,7.4,71
2864,Female,5.8,85,61,84,76,30,Yes,Yes,6.5,70
2865,Female,6.7,70,70,87,71,26,No,Yes,5.9,78
2866,Male,4.8,90,57,87,84,21,No,Yes,8.0,66
2867,Male,6.5,87,47,42,38,16,Yes,Yes,5.7,54
2868,Male,8.8,78,82,72,85,17,Yes,Yes,5.1,78
2869,Female,1.1,63,80,75,99,30,Yes,No,5.9,72
2870,Male,4.9,84,62,88,87,22,Yes,No,6.8,71
2871,Female,6.4,81,71,75,54,27,Yes,Yes,5.7,68
2872,Female,5.3,81,68,40,79,12,Yes,Yes,6.5,59
2873,Female,5.0,80,34,86,57,22,Yes,No,7.0,59
2874,Male,3.8,54,81,77,61,22,Yes,Yes,6.5,70
2875,Male,3.5,89,36,56,67,26,Yes,No,6.9,63
2876,Female,2.5,85,68,63,84,30,Yes,Yes,5.0,74
2877,Female,5.7,63,57,58,88,22,Yes,Yes,6.8,64
2878,Male,2.6,71,76,51,61,22,Yes,Yes,7.7,63
2879,Female,3.9,80,88,71,52,28,Yes,No,5.9,68
2880,Female,7.0,70,50,71,71,20,Yes,Yes,5.2,60
2881,Female,2.2,100,58,84,81,10,Yes,No,7.8,65
2882,Male,8.5,65,53,73,86,21,Yes,Yes,6.9,74
2883,Male,6.1,93,59,94,56,21,Yes,Yes,7.5,66
2884,Female,2.5,67,68,79,71,15,Yes,Yes,6.7,60
2885,Male,5.6,67,56,90,84,30,Yes,No,7.1,75
2886,Male,6.8,66,50,73,93,17,Yes,No,7.0,66
2887,Male,4.9,61,79,45,70,24,Yes,Yes,7.0,65
2888,Female,1.1,94,82,84,93,19,Yes,Yes,7.8,75
2889,Female,5.0,76,95,66,66,21,Yes,Yes,6.6,72
2890,Female,6.5,55,83,78,34,26,No,Yes,6.0,69
2891,Male,7.7,82,70,72,41,18,Yes,Yes,5.8,66
2892,Male,8.5,74,77,87,81,25,Yes,No,7.4,81
2893,Female,1.8,58,73,66,78,26,Yes,No,6.2,65
2894,Male,6.5,58,70,40,76,16,Yes,Yes,6.9,61
2895,Male,4.8,76,59,69,82,26,Yes,Yes,7.3,70
2896,Male,7.6,67,80,81,56,21,Yes,No,6.7,71
2897,Male,7.2,100,50,70,61,17,Yes,No,7.7,64
2898,Male,7.3,56,59,55,40,30,Yes,Yes,6.5,69
2899,Male,6.2,82,80,66,85,26,Yes,Yes,6.1,78
2900,Female,7.1,83,82,59,69,23,Yes,Yes,7.6,74
2901,Female,5.0,61,73,59,93,14,Yes,Yes,6.9,67
2902,Male,7.0,89,75,100,95,25,Yes,Yes,5.6,81
2903,Male,6.5,84,68,73,76,21,Yes,Yes,5.3,73
2904,Female,2.5,60,73,93,84,27,Yes,No,7.4,75
2905,Female,7.8,87,79,76,90,16,Yes,Yes,6.9,75
2906,Female,2.2,85,52,60,97,21,Yes,Yes,7.8,66
2907,Female,9.5,100,64,87,40,22,No,Yes,6.1,67
2908,Female,4.7,59,90,72,51,22,Yes,No,5.2,65
2909,Female,1.5,80,94,86,54,22,Yes,No,6.1,68
2910,Female,2.9,80,54,96,42,19,Yes,Yes,6.0,60
2911,Female,5.8,87,73,67,70,16,Yes,Yes,6.9,73
2912,Male,7.7,87,72,82,80,15,Yes,No,4.1,76
2913,Male,6.5,80,80,45,81,21,No,Yes,7.4,73
2914,Female,7.5,72,76,41,77,16,Yes,Yes,7.4,68
2915,Female,6.9,73,72,75,84,24,Yes,Yes,7.0,70
2916,Female,6.2,69,70,59,73,15,Yes,Yes,6.1,62
2917,Male,7.5,84,35,85,80,22,Yes,Yes,6.7,64
2918,Male,4.4,52,86,77,45,22,Yes,No,6.2,65
2919,Male,5.8,87,69,85,68,12,Yes,No,6.3,65
2920,Male,8.9,80,68,75,80,21,Yes,Yes,5.2,71
2921,Female,7.6,85,91,83,50,24,Yes,No,7.1,73
2922,Female,7.8,84,79,62,74,26,Yes,Yes,6.0,78
2923,Male,5.2,86,77,75,62,21,Yes,Yes,7.6,68
2924,Male,5.5,90,87,86,77,22,Yes,Yes,7.0,80
2925,Female,9.6,82,56,99,70,23,Yes,No,6.9,82
2926,Male,6.1,68,51,43,69,24,Yes,Yes,4.8,56
2927,Female,8.6,55,63,64,40,24,Yes,Yes,5.1,55
2928,Male,9.5,84,76,75,50,11,Yes,No,6.9,67
2929,Male,5.5,80,33,85,36,25,Yes,No,7.0,62
2930,Male,2.8,84,73,56,74,26,Yes,No,6.9,75
2931,Female,3.7,79,70,65,41,17,Yes,Yes,6.0,55
2932,Male,8.2,87,74,73,80,24,Yes,Yes,6.1,78
2933,Male,6.8,72,89,55,55,22,Yes,Yes,5.5,68
2934,Female,3.2,57,86,70,87,10,Yes,Yes,6.0,63
2935,Male,6.4,84,75,93,60,22,Yes,No,6.3,82
2936,Female,4.0,88,58,43,50,23,Yes,Yes,6.1,54
2937,Female,7.9,56,76,53,72,21,Yes,Yes,7.7,70
2938,Female,7.3,90,74,67,75,19,Yes,No,6.4,73
2939,Female,6.9,77,57,56,68,14,Yes,Yes,7.7,64
2940,Female,8.2,99,76,84,46,10,Yes,Yes,5.2,66
2941,Female,2.3,86,95,75,83,26,Yes,No,8.0,81
2942,Female,3.8,66,70,54,49,28,Yes,No,4.2,61
2943,Male,8.0,77,75,80,68,24,Yes,No,4.1,74
2944,Female,7.5,89,41,84,51,18,Yes,Yes,6.7,60
2945,Male,6.9,57,81,61,90,26,Yes,No,6.6,78
2946,Male,5.1,63,74,43,82,16,Yes,No,5.0,60
2947,Male,6.8,85,71,91,67,29,Yes,Yes,5.5,79
2948,Male,8.5,82,80,62,80,23,Yes,Yes,7.4,77
2949,Male,1.2,75,40,62,77,14,Yes,No,6.9,54
2950,Male,7.8,83,55,62,51,19,Yes,Yes,6.9,62
2951,Female,7.7,73,77,79,34,17,Yes,No,6.6,61
2952,Female,7.7,90,72,64,80,25,Yes,Yes,7.3,80
2953,Male,6.9,85,77,80,81,26,Yes,Yes,6.1,76
2954,Male,1.7,89,59,72,63,27,Yes,Yes,6.2,63
2955,Male,2.9,88,38,54,85,24,No,No,6.8,58
2956,Male,3.9,50,34,63,57,15,No,Yes,4.2,49
2957,Female,6.2,67,72,47,89,14,Yes,Yes,6.7,58
2958,Male,3.8,98,91,86,95,21,Yes,No,5.2,89
2959,Female,4.0,83,56,94,94,24,Yes,No,6.2,75
2960,Female,2.4,86,72,75,45,30,Yes,No,6.0,69
2961,Female,5.1,57,33,66,48,10,Yes,Yes,7.5,46
2962,Male,8.1,90,63,72,98,18,Yes,Yes,7.0,75
2963,Male,6.1,79,73,82,70,20,Yes,No,6.8,73
2964,Male,4.7,83,46,57,75,22,Yes,No,5.3,62
2965,Male,7.3,87,74,77,47,18,Yes,Yes,7.6,71
2966,Female,1.1,80,82,42,73,17,Yes,Yes,7.0,62
2967,Male,8.9,59,68,75,72,20,Yes,No,7.1,70
2968,Male,6.8,55,72,62,97,24,Yes,Yes,7.6,74
2969,Male,9.7,57,88,80,52,17,Yes,No,6.8,72
2970,Male,7.9,99,68,83,66,28,Yes,Yes,6.4,82
2971,Female,5.9,65,53,86,86,20,Yes,Yes,5.7,68
2972,Female,1.0,77,39,84,47,25,Yes,No,6.5,47
2973,Male,4.1,80,68,62,55,22,Yes,Yes,6.2,65
2974,Male,1.9,84,54,56,81,24,Yes,Yes,6.5,63
2975,Female,7.3,68,55,71,80,24,Yes,Yes,7.8,70
2976,Female,9.5,90,68,55,69,12,No,Yes,8.0,66
2977,Female,8.7,50,77,72,75,26,Yes,No,5.0,77
2978,Male,4.1,97,67,58,72,19,Yes,No,7.0,69
2979,Male,1.7,97,51,65,47,26,Yes,No,6.2,57
2980,Male,5.2,95,61,70,56,29,Yes,Yes,5.9,71
2981,Female,7.2,81,95,41,63,22,Yes,Yes,6.1,70
2982,Female,6.0,59,47,58,84,23,Yes,Yes,4.6,56
2983,Female,6.4,85,79,82,84,11,Yes,No,6.7,69
2984,Male,3.1,87,77,76,98,10,Yes,No,7.4,71
2985,Male,6.7,66,93,60,91,28,Yes,No,4.3,82
2986,Male,8.5,62,53,79,83,20,Yes,Yes,6.7,70
2987,Female,6.2,81,59,61,94,22,Yes,Yes,6.6,72
2988,Female,9.9,80,82,68,67,26,Yes,Yes,7.6,82
2989,Male,9.8,83,71,55,98,24,Yes,Yes,5.9,75
2990,Female,1.4,98,75,84,60,26,Yes,Yes,5.1,71
2991,Male,4.1,80,72,87,46,26,Yes,No,6.4,72
2992,Female,3.9,88,49,79,60,26,Yes,Yes,6.2,67
2993,Male,9.8,87,80,87,61,21,Yes,Yes,8.0,83
2994,Female,7.5,83,81,88,95,20,Yes,Yes,5.6,81
2995,Female,8.8,62,78,53,55,29,Yes,No,5.2,73
2996,Female,9.6,80,82,81,79,15,Yes,No,6.1,79
2997,Female,3.3,84,93,74,41,29,No,No,5.7,73
2998,Male,6.3,90,84,79,71,29,Yes,No,7.6,79
2999,Male,8.7,99,84,77,45,30,Yes,Yes,6.1,80
3000,Female,4.4,84,72,84,68,24,Yes,No,6.4,70
3001,Male,1.2,88,70,44,52,23,Yes,Yes,7.6,58
3002,Male,7.3,65,79,78,62,26,Yes,Yes,5.1,73
3003,Female,8.4,90,74,78,77,27,Yes,No,4.3,75
3004,Male,8.9,71,68,56,69,23,Yes,No,6.5,69
3005,Female,5.1,90,88,87,75,25,Yes,Yes,7.5,75
3006,Female,6.4,55,57,75,53,16,Yes,Yes,7.8,61
3007,Female,4.0,72,60,43,51,23,Yes,Yes,7.7,59
3008,Female,5.2,82,68,50,54,21,Yes,Yes,7.2,61
3009,Female,7.9,76,63,59,98,25,Yes,Yes,7.3,77
3010,Female,6.8,83,75,69,74,22,Yes,Yes,6.5,76
3011,Female,6.8,78,35,70,31,16,Yes,Yes,8.0,48
3012,Male,3.2,87,85,60,50,23,Yes,No,7.2,66
3013,Female,7.2,89,76,79,72,19,No,Yes,6.7,72
3014,Male,1.4,80,60,43,70,19,Yes,Yes,5.5,52
3015,Male,2.6,93,65,74,71,13,Yes,Yes,6.2,64
3016,Male,6.4,96,73,87,87,17,Yes,No,5.9,74
3017,Female,7.9,71,70,45,56,27,Yes,Yes,6.4,67
3018,Female,4.5,53,64,74,81,25,Yes,Yes,8.0,63
3019,Female,1.1,86,77,95,78,20,Yes,Yes,5.3,71
3020,Male,8.5,85,61,76,55,23,Yes,No,6.6,66
3021,Female,1.9,76,52,72,73,30,No,No,6.2,65
3022,Male,3.3,84,74,66,70,22,Yes,No,6.6,69
3023,Male,4.2,57,71,90,79,20,No,No,6.3,73
3024,Female,2.0,73,68,81,92,22,Yes,No,5.3,64
3025,Female,4.2,78,82,82,67,18,Yes,No,6.1,61
3026,Male,6.8,83,49,60,76,21,Yes,Yes,7.4,65
3027,Male,1.7,71,78,60,90,10,Yes,Yes,6.6,66
3028,Female,9.8,89,68,76,98,22,No,No,6.6,83
3029,Female,2.1,74,38,82,72,24,Yes,Yes,6.2,60
3030,Male,1.6,88,69,79,73,24,Yes,Yes,6.4,67
3031,Female,4.3,65,80,67,63,26,Yes,No,6.9,73
3032,Female,4.7,66,69,67,56,29,Yes,Yes,7.0,66
3033,Female,2.4,92,61,61,91,29,Yes,No,4.5,70
3034,Female,3.7,89,73,86,79,30,No,No,7.2,80
3035,Female,3.4,66,60,77,84,29,Yes,Yes,5.2,72
3036,Male,6.8,51,58,99,80,24,Yes,No,5.9,79
3037,Male,1.7,84,50,44,83,22,Yes,Yes,6.6,59
3038,Female,3.1,74,53,61,79,21,Yes,Yes,7.7,60
3039,Male,6.7,63,76,55,82,21,Yes,Yes,7.1,70
3040,Male,7.8,80,52,87,72,29,Yes,No,6.8,69
3041,Male,5.4,81,77,67,100,22,Yes,No,6.9,74
3042,Male,3.8,75,81,86,32,21,Yes,Yes,7.1,65
3043,Female,6.4,85,86,82,68,22,Yes,No,7.2,76
3044,Male,5.6,78,77,97,80,28,Yes,Yes,5.7,80
3045,Male,5.5,87,56,71,80,11,Yes,No,7.3,59
3046,Female,2.9,77,81,79,67,22,Yes,Yes,6.6,74
3047,Male,8.9,80,79,45,68,22,Yes,No,7.4,72
3048,Male,7.5,91,79,40,64,16,Yes,Yes,5.9,66
3049,Male,7.2,87,65,80,39,24,Yes,Yes,5.0,66
3050,Female,5.4,80,33,86,49,25,Yes,Yes,6.0,60
3051,Male,3.7,72,60,60,33,12,Yes,No,5.4,52
3052,Female,6.8,57,77,80,77,27,Yes,Yes,6.9,74
3053,Female,6.1,66,81,64,50,29,Yes,No,6.3,70
3054,Female,5.5,74,72,87,79,16,No,Yes,5.4,68
3055,Male,4.5,57,69,72,90,19,Yes,Yes,6.9,63
3056,Female,6.5,92,82,95,72,27,Yes,Yes,7.3,80
3057,Female,1.1,83,70,58,65,26,Yes,No,7.4,64
3058,Female,2.7,85,50,51,42,22,Yes,Yes,4.9,55
3059,Male,5.5,86,68,85,50,15,Yes,No,5.4,64
3060,Male,6.6,91,80,74,49,14,Yes,No,6.4,68
3061,Male,8.6,63,68,66,97,21,Yes,No,4.8,74
3062,Male,5.0,86,68,60,60,21,Yes,Yes,6.3,65
3063,Female,2.9,88,55,75,77,21,Yes,No,4.8,64
3064,Male,5.3,85,77,84,31,11,Yes,No,6.1,60
3065,Male,6.0,71,68,97,45,25,Yes,Yes,5.5,70
3066,Male,6.7,68,80,62,32,12,Yes,No,6.2,57
3067,Female,7.4,65,62,57,99,21,Yes,Yes,7.9,64
3068,Female,7.1,77,33,71,79,22,Yes,Yes,6.9,62
3069,Male,3.7,87,81,49,71,20,Yes,Yes,7.8,72
3070,Male,9.2,80,50,74,69,23,Yes,Yes,5.2,70
3071,Male,1.2,96,47,45,100,25,Yes,Yes,7.3,66
3072,Female,6.9,100,50,72,52,23,Yes,Yes,4.9,68
3073,Male,5.6,85,73,77,98,21,Yes,No,5.8,75
3074,Female,5.6,79,71,46,50,29,Yes,Yes,5.1,66
3075,Female,6.4,60,87,82,51,30,Yes,Yes,7.3,76
3076,Male,9.1,67,70,60,60,20,Yes,Yes,7.9,68
3077,Female,2.1,76,61,94,59,24,Yes,No,6.6,68
3078,Female,7.1,92,65,72,30,23,Yes,No,7.0,70
3079,Male,1.5,89,91,72,78,20,No,Yes,6.4,71
3080,Female,4.0,84,48,84,48,13,Yes,No,6.8,54
3081,Male,4.1,87,41,55,84,14,Yes,Yes,7.7,57
3082,Female,7.3,67,74,94,74,24,Yes,No,6.8,79
3083,Female,5.1,68,74,42,57,15,Yes,Yes,7.8,55
3084,Male,6.6,82,67,73,52,26,Yes,Yes,6.7,63
3085,Male,9.1,81,70,67,39,16,Yes,No,5.8,62
3086,Male,9.2,85,69,88,80,25,Yes,Yes,6.5,76
3087,Male,6.1,89,78,81,83,14,Yes,No,6.7,71
3088,Male,5.1,69,68,84,70,19,Yes,No,7.6,68
3089,Male,7.3,75,80,67,64,23,Yes,Yes,7.6,73
3090,Female,7.6,81,66,81,61,21,Yes,Yes,7.1,75
3091,Male,5.1,68,58,100,70,19,Yes,Yes,4.6,66
3092,Female,6.7,80,71,54,99,11,No,No,7.2,68
3093,Male,5.1,62,93,90,81,16,Yes,No,4.2,74
3094,Female,8.6,57,82,84,78,24,Yes,Yes,6.0,74
3095,Male,1.4,76,79,64,83,21,Yes,Yes,7.3,71
3096,Female,6.9,68,52,89,71,16,Yes,No,7.1,64
3097,Female,6.3,80,72,84,68,21,Yes,No,7.3,75
3098,Male,7.1,79,61,64,85,20,Yes,Yes,6.8,66
3099,Female,9.2,94,55,87,83,29,Yes,Yes,6.3,74
3100,Male,6.3,86,81,57,82,19,Yes,No,5.6,73
3101,Female,5.2,86,84,61,59,20,No,Yes,7.6,72
3102,Male,2.9,80,68,55,72,30,Yes,Yes,6.8,66
3103,Female,4.2,80,92,64,45,30,Yes,No,5.0,70
3104,Male,6.9,90,51,54,41,18,Yes,No,5.5,60
3105,Male,8.0,50,68,88,30,25,Yes,Yes,6.4,63
3106,Female,1.8,86,41,88,77,26,Yes,Yes,5.6,68
3107,Female,7.6,80,49,68,86,20,Yes,Yes,7.7,65
3108,Male,5.0,97,74,62,83,17,Yes,Yes,7.2,72
3109,Female,7.0,85,62,75,91,12,Yes,No,7.3,67
3110,Male,6.8,85,79,73,30,22,No,Yes,6.2,70
3111,Male,2.6,86,61,51,82,21,Yes,No,6.7,61
3112,Female,7.3,87,69,65,61,21,Yes,No,7.3,69
3113,Female,8.5,98,70,56,96,11,Yes,Yes,5.2,68
3114,Male,7.1,62,74,95,72,21,No,Yes,5.6,70
3115,Male,2.8,65,79,88,44,15,Yes,Yes,5.2,63
3116,Female,6.7,81,78,94,54,23,Yes,No,7.3,74
3117,Female,6.1,53,31,85,33,22,Yes,No,6.5,52
3118,Female,4.3,51,33,49,74,11,Yes,Yes,5.6,42
3119,Female,8.7,74,77,71,70,26,Yes,No,5.0,68
3120,Male,6.3,81,55,97,55,22,Yes,No,7.7,69
3121,Male,6.5,73,71,68,70,26,Yes,No,7.8,81
3122,Female,3.6,92,70,78,34,18,Yes,Yes,6.6,64
3123,Male,5.8,96,56,67,37,17,No,Yes,7.7,60
3124,Female,2.6,80,60,62,51,20,Yes,No,7.6,58
3125,Male,4.1,50,74,85,60,23,No,Yes,7.1,68
3126,Female,6.6,83,80,56,74,16,Yes,Yes,6.4,70
3127,Female,5.6,81,69,63,63,17,Yes,Yes,7.7,62
3128,Female,2.5,80,70,87,72,21,Yes,Yes,6.6,72
3129,Male,7.9,81,53,59,37,14,Yes,Yes,5.5,57
3130,Female,2.1,87,88,78,68,23,Yes,No,7.5,76
3131,Male,5.5,62,78,43,60,22,Yes,Yes,6.3,65
3132,Male,2.2,75,72,55,92,28,Yes,Yes,5.1,69
3133,Female,2.1,68,69,68,57,21,Yes,No,6.1,63
3134,Female,6.8,94,58,75,81,26,Yes,Yes,7.6,76
3135,Female,4.4,100,51,53,64,22,Yes,Yes,6.4,60
3136,Male,5.6,90,94,58,85,21,Yes,No,6.1,75
3137,Male,4.4,90,71,88,81,21,Yes,No,7.3,74
3138,Male,1.4,85,69,75,43,29,Yes,No,6.3,70
3139,Male,6.5,58,84,100,83,14,Yes,No,7.9,71
3140,Male,7.3,95,68,77,86,10,Yes,Yes,7.3,65
3141,Male,5.9,61,80,78,57,18,Yes,No,4.0,65
3142,Male,4.3,99,77,76,51,25,Yes,Yes,6.3,72
3143,Female,5.4,91,60,82,60,19,Yes,No,7.6,68
3144,Male,4.9,80,74,81,55,28,Yes,Yes,7.1,74
3145,Male,5.3,74,93,76,73,26,Yes,No,7.1,79
3146,Female,7.8,80,81,72,77,29,Yes,No,7.9,86
3147,Male,7.5,86,75,59,65,15,Yes,No,7.8,63
3148,Female,9.9,84,69,72,40,26,Yes,Yes,7.6,71
3149,Male,3.8,80,64,40,95,29,Yes,Yes,7.4,70
3150,Female,7.6,59,59,87,57,16,Yes,No,6.5,59
3151,Female,1.8,80,33,65,100,26,Yes,No,4.1,58
3152,Female,6.3,78,38,79,83,21,Yes,Yes,6.6,69
3153,Male,9.0,59,89,63,70,22,Yes,No,5.9,75
3154,Male,4.7,90,73,63,57,23,Yes,No,5.3,67
3155,Male,7.5,96,38,62,70,13,Yes,Yes,6.0,53
3156,Male,2.8,85,79,95,74,24,Yes,No,5.4,72
3157,Male,4.4,80,40,42,94,28,Yes,Yes,6.2,61
3158,Female,6.1,78,46,60,69,21,Yes,Yes,6.2,60
3159,Female,3.6,86,74,88,90,19,Yes,Yes,6.0,76
3160,Male,9.4,81,45,59,77,23,Yes,No,7.3,69
3161,Female,9.1,94,90,78,65,14,Yes,No,6.1,72
3162,Male,2.1,67,71,57,52,28,Yes,Yes,5.4,63
3163,Female,7.0,67,77,56,73,18,Yes,No,7.5,70
3164,Male,3.3,90,51,72,30,21,Yes,No,6.8,60
3165,Female,6.2,85,40,67,70,18,Yes,No,4.7,62
3166,Female,1.3,94,68,75,71,25,No,Yes,7.4,66
3167,Female,4.5,75,57,99,70,24,Yes,No,6.6,67
3168,Male,6.0,54,92,50,77,22,Yes,Yes,4.6,66
3169,Female,1.0,70,73,71,63,30,Yes,Yes,6.1,67
3170,Male,7.4,90,61,77,86,11,Yes,Yes,7.8,69
3171,Male,2.7,89,73,50,83,20,Yes,Yes,6.3,68
3172,Male,6.2,96,92,72,61,21,Yes,No,6.8,76
3173,Male,8.3,68,82,99,72,23,Yes,Yes,5.9,78
3174,Female,6.2,90,65,46,67,16,Yes,No,5.5,61
3175,Male,3.6,73,92,73,76,21,Yes,Yes,7.2,72
3176,Male,7.0,61,55,56,55,30,Yes,Yes,6.1,71
3177,Female,8.0,100,35,86,73,18,Yes,No,4.7,58
3178,Female,7.3,89,84,57,96,21,Yes,No,7.1,79
3179,Female,9.3,86,75,90,73,20,Yes,Yes,7.9,85
3180,Male,7.2,95,54,45,67,28,Yes,Yes,7.8,69
3181,Male,2.8,90,78,87,50,26,Yes,Yes,5.4,70
3182,Male,6.8,65,44,91,75,19,Yes,Yes,7.2,64
3183,Female,7.0,85,70,55,95,18,Yes,No,6.6,70
3184,Female,7.4,77,60,87,75,26,Yes,No,6.1,78
3185,Female,9.5,71,55,87,60,18,Yes,Yes,4.2,58
3186,Male,3.6,50,81,71,80,24,No,No,4.1,72
3187,Male,8.3,90,82,50,37,14,Yes,No,6.2,59
3188,Female,6.9,87,78,81,75,30,Yes,Yes,5.6,79
3189,Female,4.4,97,77,72,49,18,Yes,Yes,6.9,66
3190,Female,9.8,81,81,88,36,23,Yes,No,6.5,77
3191,Male,4.4,93,62,74,99,14,Yes,Yes,7.5,63
3192,Male,4.7,97,62,50,39,20,No,Yes,5.7,60
3193,Male,6.3,73,92,47,56,30,Yes,Yes,6.7,81
3194,Female,3.7,75,51,63,76,27,Yes,Yes,7.3,61
3195,Female,6.6,85,62,88,40,21,Yes,No,8.0,68
3196,Female,7.6,76,69,65,64,24,Yes,Yes,6.9,69
3197,Male,6.1,77,75,69,76,16,Yes,Yes,6.2,69
3198,Female,3.8,61,76,44,92,21,Yes,No,7.2,67
3199,Female,4.4,80,72,51,50,26,Yes,No,6.4,63
3200,Female,7.5,65,37,55,85,21,Yes,No,6.4,62
3201,Male,7.4,85,95,59,32,12,No,Yes,7.9,72
3202,Male,6.0,69,48,70,51,25,Yes,Yes,6.3,61
3203,Female,4.8,69,68,74,74,21,Yes,Yes,4.4,68
3204,Female,8.1,68,79,80,83,28,Yes,Yes,4.4,75
3205,Female,7.9,70,77,87,66,21,Yes,No,4.8,70
3206,Female,1.5,90,50,77,75,23,No,Yes,7.9,65
3207,Female,7.4,95,79,100,60,25,Yes,Yes,6.0,84
3208,Male,7.3,76,76,90,84,26,Yes,Yes,5.4,80
3209,Female,5.1,51,72,60,81,25,Yes,Yes,6.9,68
3210,Male,1.3,53,32,72,62,22,No,No,8.0,52
3211,Male,6.8,98,58,79,71,22,Yes,Yes,6.8,67
3212,Male,4.9,85,57,83,92,16,Yes,Yes,7.3,70
3213,Male,7.2,85,61,62,68,16,Yes,Yes,6.5,67
3214,Male,2.0,76,63,86,82,22,No,Yes,6.3,66
3215,Female,9.4,62,68,60,62,16,Yes,Yes,6.8,64
3216,Male,3.4,67,84,52,52,25,Yes,No,6.3,67
3217,Male,1.1,58,67,72,55,13,Yes,No,6.2,52
3218,Male,3.8,88,30,78,94,11,Yes,No,7.5,56
3219,Male,6.9,80,82,74,85,22,Yes,No,6.2,83
3220,Female,9.4,80,53,52,99,24,Yes,No,6.4,71
3221,Female,9.6,78,60,44,57,29,Yes,No,6.3,68
3222,Male,6.2,68,84,40,50,16,Yes,Yes,8.0,61
3223,Male,4.2,98,55,69,79,11,Yes,Yes,6.5,62
3224,Female,8.8,80,78,74,99,16,Yes,Yes,6.4,76
3225,Female,3.9,85,68,67,67,17,Yes,No,7.8,63
3226,Male,3.8,87,79,72,73,18,Yes,No,4.7,71
3227,Male,8.4,85,56,61,83,20,Yes,No,5.4,72
3228,Female,6.5,86,80,86,56,25,Yes,Yes,5.9,74
3229,Female,5.6,100,55,73,98,19,Yes,No,7.0,65
3230,Male,1.9,83,93,63,61,17,Yes,Yes,7.8,71
3231,Female,7.7,90,53,64,60,24,Yes,Yes,5.2,63
3232,Male,7.0,83,89,65,61,26,Yes,Yes,6.5,79
3233,Male,7.1,80,44,80,77,24,Yes,Yes,4.7,60
3234,Male,7.5,88,76,44,54,28,Yes,Yes,7.9,75
3235,Male,6.4,82,82,79,81,21,Yes,Yes,6.4,73
3236,Male,6.7,93,72,48,31,18,Yes,Yes,6.4,63
3237,Female,1.4,65,72,72,81,24,Yes,No,7.3,68
3238,Male,8.6,87,91,87,82,23,Yes,No,6.6,82
3239,Female,8.6,52,73,80,85,19,Yes,No,7.7,73
3240,Female,5.4,71,80,54,63,16,Yes,Yes,7.6,67
3241,Male,6.8,82,92,63,53,27,Yes,No,6.6,77
3242,Male,2.2,59,80,55,72,26,Yes,No,6.0,68
3243,Female,9.4,50,60,73,65,13,Yes,Yes,6.2,68
3244,Male,7.9,85,60,64,95,21,No,Yes,5.3,66
3245,Male,4.4,86,65,72,77,23,Yes,Yes,6.6,74
3246,Male,6.5,90,82,85,61,21,Yes,Yes,7.3,76
3247,Male,5.4,81,51,51,72,16,Yes,No,4.2,53
3248,Female,1.4,81,56,72,72,17,Yes,No,6.5,55
3249,Male,7.5,87,78,66,77,17,Yes,Yes,6.1,71
3250,Male,2.5,100,89,99,59,22,Yes,No,6.2,78
3251,Male,5.1,90,73,73,76,22,Yes,No,6.9,72
3252,Female,8.7,68,39,97,92,13,Yes,No,7.7,71
3253,Female,6.7,83,77,47,31,21,Yes,Yes,6.8,59
3254,Male,7.8,87,78,55,89,16,Yes,No,7.4,73
3255,Female,8.7,78,80,100,51,27,Yes,Yes,7.5,77
3256,Male,7.1,87,80,48,83,20,Yes,Yes,6.6,73
3257,Male,2.0,90,52,87,82,19,Yes,Yes,6.1,66
3258,Female,7.7,66,91,88,74,26,Yes,Yes,7.5,82
3259,Male,4.1,88,82,99,70,22,Yes,No,6.8,69
3260,Male,3.4,76,74,82,70,14,Yes,Yes,7.8,67
3261,Male,7.0,53,56,72,37,13,Yes,Yes,4.8,54
3262,Female,6.8,70,65,74,94,13,Yes,Yes,7.2,69
3263,Male,2.9,89,57,81,88,24,Yes,No,6.9,73
3264,Female,7.9,88,73,72,59,23,Yes,Yes,6.6,70
3265,Female,1.6,82,65,85,77,24,Yes,No,7.1,71
3266,Female,4.1,94,87,85,50,28,Yes,Yes,4.9,79
3267,Female,2.9,80,35,96,71,23,Yes,Yes,6.7,56
3268,Female,7.1,59,36,55,73,22,Yes,Yes,5.5,58
3269,Female,1.7,90,50,40,69,29,Yes,Yes,6.3,58
3270,Female,7.5,60,69,87,67,23,Yes,Yes,7.2,72
3271,Female,7.8,86,74,62,92,30,Yes,Yes,6.2,81
3272,Male,6.2,90,51,63,100,24,Yes,No,6.8,69
3273,Male,7.1,85,62,67,61,20,Yes,No,7.7,66
3274,Female,4.4,67,53,69,71,17,Yes,Yes,6.1,59
3275,Male,6.3,86,77,86,64,22,No,Yes,6.8,71
3276,Male,7.3,50,60,74,67,18,Yes,No,6.7,60
3277,Female,5.1,81,39,78,69,22,Yes,Yes,6.7,64
3278,Female,1.1,79,79,44,81,22,Yes,Yes,5.6,60
3279,Male,7.4,88,62,59,82,27,Yes,No,5.6,74
3280,Female,6.3,76,33,52,65,22,Yes,No,6.3,57
3281,Male,6.2,87,55,81,50,27,Yes,No,5.2,62
3282,Female,1.4,86,31,83,56,26,Yes,Yes,7.1,55
3283,Male,9.9,97,81,74,59,28,Yes,Yes,6.6,85
3284,Male,9.4,68,94,81,75,16,Yes,No,5.8,74
3285,Male,7.1,95,75,89,78,17,Yes,Yes,7.1,74
3286,Male,7.4,57,86,88,78,30,Yes,Yes,7.4,85
3287,Male,7.6,88,93,87,90,16,No,Yes,5.1,82
3288,Male,8.3,86,70,88,50,27,Yes,Yes,4.3,73
3289,Female,5.8,55,37,83,85,27,Yes,No,6.0,63
3290,Female,6.9,66,80,84,53,11,Yes,No,5.8,69
3291,Female,9.2,69,51,71,32,21,Yes,No,6.8,66
3292,Male,4.2,86,35,86,71,18,Yes,Yes,6.5,62
3293,Male,5.8,99,70,90,71,26,Yes,Yes,7.2,78
3294,Female,2.8,82,94,59,99,29,Yes,Yes,6.0,77
3295,Male,9.5,80,64,55,70,26,Yes,Yes,5.9,69
3296,Female,5.0,90,68,73,52,22,Yes,No,5.3,67
3297,Female,6.4,79,93,51,73,10,Yes,Yes,5.7,67
3298,Female,9.1,69,67,79,89,22,Yes,Yes,6.0,79
3299,Female,5.2,78,35,56,91,22,Yes,Yes,6.3,62
3300,Male,2.2,77,84,77,55,18,Yes,No,6.1,61
3301,Female,5.2,88,74,82,70,25,Yes,Yes,5.0,76
3302,Male,6.0,50,80,94,73,22,Yes,Yes,6.2,70
3303,Male,4.0,67,65,80,50,15,Yes,Yes,7.6,59
3304,Male,5.8,82,54,75,69,23,Yes,No,5.1,66
3305,Male,5.6,89,78,72,52,22,No,Yes,7.9,78
3306,Female,6.4,98,71,74,76,22,Yes,No,6.5,83
3307,Male,9.4,80,84,85,74,28,Yes,No,5.4,85
3308,Female,4.6,65,35,72,66,25,Yes,Yes,6.1,58
3309,Female,8.4,80,78,74,83,26,Yes,No,6.9,82
3310,Male,2.6,81,50,80,53,16,Yes,Yes,7.5,60
3311,Female,3.2,84,58,73,51,22,Yes,No,4.5,58
3312,Male,3.0,91,80,72,84,24,Yes,Yes,6.9,80
3313,Male,6.5,65,69,63,53,22,Yes,Yes,6.7,66
3314,Male,2.7,66,69,85,76,14,Yes,Yes,4.8,63
3315,Male,3.8,90,59,62,75,29,No,Yes,6.6,71
3316,Male,5.6,80,78,75,60,12,Yes,No,7.2,67
3317,Male,3.8,89,64,87,67,26,Yes,Yes,4.2,71
3318,Male,6.4,51,58,87,47,16,Yes,No,4.6,56
3319,Female,9.8,74,37,57,77,26,Yes,Yes,6.6,64
3320,Male,3.4,71,66,96,94,27,Yes,No,6.9,73
3321,Male,7.9,92,63,64,52,22,No,Yes,6.6,69
3322,Female,6.4,56,71,91,50,20,Yes,Yes,6.5,69
3323,Female,7.7,80,72,80,84,13,Yes,Yes,8.0,73
3324,Female,6.2,81,39,66,85,16,Yes,No,6.3,64
3325,Female,6.9,73,81,77,61,26,Yes,Yes,5.4,74
3326,Female,3.1,90,87,56,47,15,No,Yes,6.4,65
3327,Male,2.0,61,53,87,97,12,Yes,Yes,6.9,56
3328,Male,7.3,93,36,70,77,19,Yes,No,6.6,61
3329,Female,1.6,93,54,66,44,25,Yes,Yes,7.1,62
3330,Female,5.2,66,84,66,69,14,Yes,No,6.0,68
3331,Male,1.0,85,76,86,81,26,Yes,Yes,7.1,73
3332,Female,1.5,84,75,80,30,18,Yes,No,5.5,59
3333,Female,7.1,86,83,65,65,26,Yes,No,6.9,72
3334,Male,8.9,86,64,81,50,21,Yes,Yes,6.4,69
3335,Male,6.7,60,74,100,79,29,Yes,Yes,4.9,81
3336,Female,5.6,82,54,64,82,20,Yes,Yes,7.1,67
3337,Male,6.8,71,68,98,72,19,Yes,Yes,6.7,74
3338,Male,1.5,88,75,71,75,22,Yes,Yes,6.1,68
3339,Male,6.1,73,84,69,76,15,Yes,No,5.3,69
3340,Male,1.3,91,93,63,33,21,Yes,Yes,6.4,63
3341,Male,6.6,87,57,70,88,23,Yes,No,6.4,73
3342,Male,6.8,70,77,55,80,18,Yes,Yes,7.1,70
3343,Female,7.6,85,87,65,70,30,Yes,No,7.7,84
3344,Female,7.8,90,51,76,77,23,Yes,Yes,6.1,68
3345,Female,1.2,65,51,57,63,26,No,Yes,7.3,51
3346,Male,7.1,91,85,87,86,13,Yes,Yes,5.5,78
3347,Female,4.7,57,80,77,77,17,Yes,Yes,4.4,64
3348,Female,1.2,81,85,81,56,25,Yes,Yes,6.5,68
3349,Male,6.3,70,61,97,60,26,Yes,No,6.7,74
3350,Male,3.2,91,69,72,70,16,Yes,No,6.6,63
3351,Male,7.8,97,70,68,75,22,Yes,Yes,7.9,79
3352,Male,4.3,92,56,43,73,18,Yes,Yes,6.6,61
3353,Male,7.6,99,64,97,81,23,Yes,Yes,7.3,81
3354,Male,9.8,77,82,87,70,17,Yes,Yes,6.2,72
3355,Female,2.3,99,53,74,63,18,Yes,Yes,6.0,63
3356,Male,7.6,85,30,88,85,22,Yes,No,6.1,66
3357,Male,6.0,83,82,87,70,30,Yes,No,6.4,80
3358,Female,2.8,100,73,74,67,24,Yes,No,7.1,72
3359,Male,7.5,86,36,83,50,22,Yes,Yes,5.5,55
3360,Male,6.2,83,80,65,99,21,Yes,No,5.5,76
3361,Female,6.4,70,53,55,74,23,Yes,No,7.5,61
3362,Male,6.0,96,80,78,67,30,Yes,Yes,5.4,75
3363,Female,9.3,100,79,87,96,19,Yes,Yes,7.3,79
3364,Female,3.9,80,85,85,85,28,Yes,No,6.0,83
3365,Female,6.2,75,51,44,78,21,Yes,Yes,5.6,58
3366,Female,6.7,84,81,83,43,18,Yes,Yes,4.0,72
3367,Male,7.8,82,72,89,40,25,Yes,Yes,5.2,70
3368,Female,7.1,82,75,45,64,15,Yes,No,5.5,58
3369,Male,6.7,56,83,47,80,19,Yes,Yes,6.9,65
3370,Male,9.8,83,65,53,50,12,Yes,No,7.4,66
3371,Male,6.2,84,59,91,83,23,Yes,No,6.8,73
3372,Female,6.9,70,57,81,30,14,Yes,No,6.8,56
3373,Male,3.2,59,56,58,64,26,Yes,Yes,6.5,61
3374,Male,7.4,85,80,91,84,22,Yes,No,6.7,82
3375,Female,7.1,81,74,81,85,26,Yes,Yes,5.4,81
3376,Female,2.8,60,53,99,80,21,Yes,Yes,7.8,70
3377,Female,8.6,80,94,73,82,16,Yes,Yes,5.4,76
3378,Female,4.1,88,50,85,85,23,Yes,Yes,7.0,65
3379,Female,6.3,74,35,85,50,20,Yes,No,5.9,56
3380,Male,7.4,80,51,68,78,16,Yes,Yes,6.2,64
3381,Male,2.7,80,87,75,54,29,Yes,Yes,5.9,70
3382,Female,7.5,81,63,88,77,22,Yes,Yes,7.8,72
3383,Male,3.3,67,94,84,48,30,No,No,6.1,77
3384,Male,3.7,69,72,58,35,21,Yes,No,5.2,58
3385,Male,6.2,70,54,70,55,22,Yes,No,5.2,61
3386,Male,6.4,87,80,88,42,13,Yes,Yes,6.7,65
3387,Male,6.6,53,58,76,70,10,Yes,Yes,6.7,58
3388,Female,8.5,86,56,82,71,29,Yes,No,6.5,73
3389,Male,6.9,65,49,82,74,23,Yes,Yes,6.8,69
3390,Female,6.9,97,81,87,41,16,Yes,Yes,6.6,73
3391,Male,8.0,70,71,46,52,22,Yes,No,7.1,60
3392,Female,2.7,71,33,80,81,20,Yes,Yes,5.1,53
3393,Female,7.4,97,48,85,74,21,Yes,No,5.3,64
3394,Male,3.8,78,58,67,75,29,Yes,Yes,6.3,66
3395,Male,5.1,66,79,75,83,23,No,Yes,6.2,73
3396,Female,4.5,92,80,85,70,12,Yes,Yes,4.3,62
3397,Female,9.8,92,86,83,100,21,Yes,Yes,5.5,82
3398,Female,2.2,72,68,85,92,20,Yes,No,5.1,64
3399,Male,7.0,80,50,60,96,15,Yes,No,6.2,64
3400,Male,3.6,76,95,77,85,24,Yes,Yes,6.7,79
3401,Female,1.1,100,58,56,85,30,Yes,Yes,7.1,66
3402,Male,7.6,80,70,75,84,22,Yes,No,5.9,74
3403,Male,6.1,87,56,72,45,19,Yes,No,7.0,60
3404,Female,9.6,70,94,95,35,29,Yes,Yes,7.2,82
3405,Male,7.2,92,70,72,75,26,Yes,Yes,6.8,81
3406,Female,5.1,86,82,79,56,25,Yes,Yes,4.2,76
3407,Male,4.5,80,71,50,70,20,Yes,No,7.5,61
3408,Female,7.1,84,66,47,35,23,Yes,No,5.3,64
3409,Male,5.1,68,69,62,71,12,No,Yes,6.9,63
3410,Female,7.7,88,35,57,74,18,Yes,No,7.9,57
3411,Female,1.6,80,82,57,51,11,Yes,Yes,6.8,60
3412,Female,6.2,59,56,51,59,24,Yes,Yes,7.4,66
3413,Male,8.8,78,57,52,57,10,Yes,Yes,7.4,55
3414,Female,7.3,80,51,42,74,24,Yes,No,6.4,61
3415,Male,7.5,90,67,97,81,23,Yes,Yes,8.0,83
3416,Male,6.1,78,71,68,61,16,No,Yes,6.7,66
3417,Male,7.0,63,71,72,88,16,Yes,Yes,5.5,70
3418,Male,4.4,76,73,55,51,22,Yes,Yes,7.7,66
3419,Male,8.0,90,81,99,79,26,Yes,Yes,7.3,86
3420,Male,5.4,68,72,62,66,22,Yes,No,7.1,63
3421,Male,5.6,76,68,87,85,26,Yes,Yes,6.8,79
3422,Male,6.2,99,78,88,66,11,Yes,No,6.3,73
3423,Male,3.6,89,58,78,85,26,Yes,Yes,6.9,70
3424,Male,1.2,93,52,64,96,24,Yes,Yes,7.8,66
3425,Female,4.0,78,75,71,66,15,Yes,Yes,5.2,58
3426,Male,6.2,61,74,82,34,26,Yes,Yes,4.5,68
3427,Male,7.7,89,76,72,55,13,Yes,Yes,5.8,68
3428,Female,9.1,90,56,53,79,17,No,Yes,6.6,66
3429,Female,5.3,53,82,95,77,15,Yes,No,6.8,74
3430,Male,6.6,97,73,83,74,25,Yes,No,7.8,78
3431,Female,1.4,89,92,75,48,27,Yes,Yes,7.1,75
3432,Male,4.8,68,84,96,75,16,Yes,Yes,6.8,70
3433,Male,8.6,89,76,88,92,24,No,Yes,6.2,82
3434,Male,7.5,59,62,46,64,22,Yes,Yes,6.7,62
3435,Female,6.0,57,80,60,100,26,No,Yes,5.5,75
3436,Female,4.0,88,76,82,82,27,Yes,No,6.6,76
3437,Female,7.4,89,60,70,48,21,Yes,Yes,7.3,66
3438,Female,7.6,82,45,74,43,26,Yes,Yes,7.4,67
3439,Female,7.9,66,49,80,70,21,Yes,Yes,6.2,64
3440,Female,9.3,88,57,97,83,21,Yes,Yes,7.6,72
3441,Female,7.4,57,65,68,75,25,Yes,No,5.2,74
3442,Male,6.9,98,74,85,64,26,Yes,Yes,7.6,83
3443,Male,7.5,83,65,59,92,16,Yes,Yes,5.3,63
3444,Male,4.1,78,65,83,86,24,Yes,No,7.5,75
3445,Male,2.0,82,67,50,47,19,Yes,Yes,5.0,54
3446,Female,3.8,93,80,69,71,12,Yes,No,7.1,67
3447,Female,6.3,95,81,63,81,10,Yes,No,5.2,68
3448,Male,8.6,82,82,96,65,17,Yes,Yes,6.7,76
3449,Male,6.5,71,76,78,85,24,Yes,No,7.3,74
3450,Female,8.6,90,74,55,69,15,Yes,Yes,6.9,67
3451,Female,7.9,80,57,79,78,25,Yes,Yes,6.9,70
3452,Female,7.3,68,50,81,85,29,No,Yes,5.0,69
3453,Male,8.2,89,80,96,86,26,Yes,Yes,6.5,84
3454,Male,9.4,87,73,99,70,16,Yes,No,5.1,72
3455,Female,8.7,54,56,56,50,18,Yes,No,7.8,62
3456,Female,7.1,57,51,48,75,21,Yes,No,6.2,64
3457,Female,6.8,81,89,72,60,16,Yes,No,7.1,70
3458,Female,9.8,80,81,68,91,22,Yes,Yes,7.8,82
3459,Male,4.7,71,77,61,85,26,Yes,Yes,7.3,75
3460,Female,9.3,89,45,95,59,27,Yes,Yes,7.3,75
3461,Male,1.6,72,63,79,85,16,No,Yes,5.2,61
3462,Male,7.6,76,67,79,90,21,Yes,Yes,7.3,77
3463,Female,5.1,86,40,67,79,16,Yes,No,6.3,60
3464,Female,7.7,84,43,85,85,21,Yes,Yes,5.6,64
3465,Male,9.4,85,77,75,59,19,Yes,Yes,6.0,76
3466,Male,2.8,88,79,62,35,22,Yes,Yes,7.9,67
3467,Male,6.0,73,44,88,67,26,Yes,No,6.6,64
3468,Male,2.8,83,69,75,80,22,Yes,No,6.8,69
3469,Female,4.3,96,71,72,62,30,Yes,No,6.9,76
3470,Male,7.1,82,82,88,79,20,Yes,Yes,5.1,75
3471,Male,3.6,90,81,98,92,15,Yes,No,4.6,76
3472,Female,7.7,90,69,72,66,13,No,Yes,7.2,75
3473,Male,5.0,65,51,50,57,21,Yes,No,7.2,55
3474,Male,4.0,65,52,61,82,22,Yes,Yes,7.6,59
3475,Female,2.0,63,71,57,83,25,Yes,Yes,6.2,66
3476,Male,3.8,84,79,63,76,19,Yes,Yes,6.7,71
3477,Male,1.6,51,60,87,85,27,Yes,No,6.7,67
3478,Male,9.1,84,48,63,75,26,Yes,Yes,7.1,75
3479,Male,4.0,72,81,91,52,14,Yes,No,7.5,63
3480,Male,5.8,80,81,87,76,25,Yes,Yes,6.5,80
3481,Male,3.5,50,91,79,81,22,Yes,Yes,7.5,72
3482,Male,6.7,84,70,51,81,15,Yes,Yes,7.8,72
3483,Female,3.2,84,74,65,73,22,No,Yes,7.0,74
3484,Male,7.5,80,57,90,54,27,Yes,Yes,4.9,68
3485,Male,9.4,90,60,67,88,27,Yes,Yes,7.5,76
3486,Male,6.6,79,30,55,70,20,No,No,6.5,58
3487,Male,7.4,92,55,84,68,21,Yes,Yes,7.0,69
3488,Male,5.8,91,81,69,80,27,Yes,No,6.3,78
3489,Male,6.3,83,79,86,81,27,Yes,No,7.1,81
3490,Male,6.9,85,30,97,52,19,Yes,No,7.7,55
3491,Male,8.7,90,72,48,73,17,Yes,Yes,6.2,68
3492,Male,9.3,91,46,40,67,24,Yes,Yes,5.3,61
3493,Male,4.3,85,65,91,85,13,Yes,Yes,5.8,65
3494,Male,2.0,70,80,92,69,23,Yes,Yes,7.8,77
3495,Male,7.6,62,50,59,50,17,Yes,No,4.2,51
3496,Female,6.9,85,81,81,60,18,Yes,Yes,6.6,75
3497,Female,3.3,81,77,41,33,19,Yes,Yes,6.1,56
3498,Female,5.2,56,71,81,66,27,Yes,No,5.9,69
3499,Female,5.1,67,66,66,75,25,No,Yes,6.0,70
3500,Male,5.3,80,51,78,65,23,Yes,No,7.0,66
3501,Male,6.1,87,82,58,67,25,Yes,Yes,5.4,74
3502,Male,6.8,68,70,56,70,22,Yes,No,6.7,71
3503,Male,9.6,82,79,60,87,26,Yes,Yes,5.3,78
3504,Female,1.9,73,79,72,100,15,No,Yes,6.0,65
3505,Male,3.7,56,81,58,79,21,Yes,Yes,6.3,63
3506,Male,9.0,80,52,98,88,14,Yes,No,7.7,69
3507,Female,2.1,99,84,77,56,25,Yes,Yes,7.8,82
3508,Male,8.7,90,77,76,56,22,Yes,Yes,7.4,79
3509,Female,5.0,90,75,99,79,23,Yes,No,5.4,72
3510,Female,4.8,82,70,92,97,26,Yes,No,6.5,75
3511,Female,6.5,77,82,58,52,18,Yes,No,6.9,68
3512,Female,5.3,65,59,80,83,13,Yes,No,6.1,64
3513,Female,6.2,64,82,74,43,23,Yes,Yes,5.7,70
3514,Female,5.8,72,78,51,74,30,Yes,Yes,5.6,72
3515,Male,6.9,100,72,84,90,22,Yes,No,5.0,77
3516,Male,6.7,52,66,77,32,10,No,No,6.9,56
3517,Male,5.9,65,84,93,78,26,Yes,Yes,7.1,80
3518,Female,3.7,77,62,76,74,23,Yes,Yes,7.0,61
3519,Male,2.9,98,64,70,68,26,Yes,No,5.9,67
3520,Male,4.3,74,77,87,45,25,Yes,Yes,6.9,68
3521,Female,6.1,74,80,63,68,22,Yes,Yes,6.1,71
3522,Female,1.4,53,61,45,84,24,Yes,Yes,7.2,69
3523,Male,3.8,66,50,51,66,21,Yes,No,6.9,58
3524,Female,6.8,86,89,66,36,30,Yes,No,7.7,76
3525,Male,5.1,73,55,90,85,24,Yes,Yes,7.0,74
3526,Male,6.5,65,80,41,98,21,Yes,No,7.0,73
3527,Male,1.5,81,49,92,92,23,Yes,No,7.7,69
3528,Male,7.7,65,69,52,70,22,No,Yes,7.9,70
3529,Male,6.6,72,91,80,50,22,Yes,No,7.8,82
3530,Female,1.9,93,82,81,70,24,No,Yes,4.8,68
3531,Female,1.6,74,74,88,95,22,Yes,Yes,6.9,74
3532,Female,7.5,99,62,78,76,26,Yes,Yes,5.7,72
3533,Male,6.8,84,61,80,100,24,Yes,Yes,7.7,79
3534,Male,6.6,76,73,65,94,10,Yes,Yes,8.0,65
3535,Female,9.8,89,64,47,70,16,Yes,No,7.3,66
3536,Female,6.1,68,81,59,94,22,Yes,No,7.2,74
3537,Male,9.7,90,50,88,55,20,Yes,No,7.1,72
3538,Male,6.1,88,46,43,31,20,Yes,Yes,6.7,56
3539,Female,9.1,84,49,78,40,19,Yes,Yes,7.4,60
3540,Female,1.2,69,77,77,82,14,Yes,Yes,6.9,64
3541,Female,5.4,73,68,85,71,22,Yes,Yes,6.8,69
3542,Male,1.7,100,68,65,85,24,Yes,Yes,6.4,65
3543,Female,9.9,88,56,83,91,10,Yes,No,6.8,69
3544,Male,7.7,80,91,72,74,18,Yes,No,4.6,73
3545,Male,9.6,73,80,83,90,18,Yes,Yes,5.0,84
3546,Female,6.0,85,80,57,85,24,Yes,Yes,6.3,76
3547,Female,6.6,79,73,68,81,29,Yes,No,6.5,73
3548,Male,5.4,89,88,75,58,29,Yes,Yes,6.0,76
3549,Female,5.6,60,70,94,76,19,Yes,No,7.9,75
3550,Female,1.5,79,58,70,74,30,Yes,No,7.4,74
3551,Female,4.2,57,81,47,84,16,Yes,No,6.4,59
3552,Male,7.0,70,82,61,33,23,Yes,Yes,5.5,60
3553,Male,7.3,86,36,59,55,19,Yes,No,6.7,62
3554,Male,8.2,96,36,69,41,30,No,Yes,7.5,67
3555,Female,7.0,86,65,91,65,18,Yes,No,6.4,67
3556,Male,1.2,91,35,79,34,10,No,Yes,7.7,47
3557,Female,4.6,73,82,73,55,25,Yes,Yes,5.5,62
3558,Female,3.4,63,71,66,74,22,Yes,Yes,6.0,65
3559,Male,4.2,80,69,73,74,21,Yes,Yes,5.4,68
3560,Female,6.5,50,46,47,71,21,Yes,No,6.7,60
3561,Female,7.5,86,35,73,77,26,Yes,No,7.7,64
3562,Female,3.7,91,69,72,81,16,Yes,No,7.9,68
3563,Female,4.2,90,73,62,44,15,Yes,Yes,7.1,58
3564,Male,3.6,79,30,67,73,18,Yes,No,5.7,53
3565,Male,8.0,58,44,88,61,24,Yes,Yes,6.1,62
3566,Female,8.9,94,43,63,97,20,Yes,No,6.6,68
3567,Female,8.4,88,55,42,50,22,Yes,No,6.6,59
3568,Male,2.8,98,54,83,75,18,Yes,Yes,5.3,65
3569,Male,5.9,88,76,76,96,22,Yes,No,6.0,79
3570,Male,8.7,82,65,63,80,24,Yes,Yes,7.1,73
3571,Female,4.6,76,36,69,95,30,Yes,Yes,5.9,66
3572,Female,1.7,100,81,59,34,10,Yes,Yes,7.1,52
3573,Male,6.6,52,93,61,39,21,Yes,Yes,6.6,67
3574,Female,7.0,80,64,89,80,16,Yes,No,5.5,69
3575,Female,3.8,88,69,50,43,21,Yes,Yes,6.7,68
3576,Male,3.6,69,95,73,75,17,Yes,Yes,6.9,68
3577,Male,7.1,55,31,50,95,25,No,No,5.7,64
3578,Male,1.6,79,75,55,91,22,Yes,No,5.5,69
3579,Female,7.2,81,73,88,32,14,Yes,No,6.5,65
3580,Male,5.3,66,51,69,78,21,Yes,No,6.1,68
3581,Male,6.7,67,64,88,84,18,Yes,No,7.4,72
3582,Female,1.8,58,68,57,73,25,Yes,Yes,6.3,64
3583,Female,3.9,62,69,63,85,24,Yes,Yes,4.2,65
3584,Male,4.2,71,75,70,85,23,Yes,Yes,5.9,74
3585,Female,6.4,95,80,49,61,23,Yes,Yes,7.6,75
3586,Male,6.1,87,80,61,86,29,Yes,No,6.6,77
3587,Male,8.0,80,70,77,75,26,Yes,Yes,6.6,72
3588,Male,9.2,76,74,49,92,23,Yes,No,5.4,73
3589,Male,6.1,89,48,60,49,16,Yes,Yes,7.2,55
3590,Male,1.7,86,76,75,72,23,Yes,Yes,6.5,69
3591,Male,8.7,58,79,89,49,25,Yes,Yes,5.4,77
3592,Female,9.5,62,67,95,54,26,Yes,No,7.0,74
3593,Male,5.4,86,77,63,83,30,Yes,No,7.7,79
3594,Male,2.3,97,73,93,69,13,Yes,No,5.6,65
3595,Male,9.1,77,70,97,86,20,Yes,Yes,5.1,79
3596,Female,1.9,90,56,88,83,22,Yes,No,4.5,58
3597,Male,1.8,96,59,70,35,23,Yes,Yes,4.3,55
3598,Female,7.1,51,68,71,37,23,Yes,Yes,5.2,63
3599,Male,3.0,70,69,80,77,30,Yes,No,6.6,76
3600,Female,2.1,84,65,72,78,21,Yes,Yes,6.4,64
3601,Female,7.8,81,66,99,82,22,Yes,No,6.1,71
3602,Male,6.7,84,77,86,41,18,Yes,Yes,5.6,70
3603,Male,6.2,80,44,85,91,14,Yes,Yes,7.5,62
3604,Female,7.6,85,50,81,79,21,Yes,No,4.1,63
3605,Male,3.0,83,85,43,81,21,Yes,Yes,6.8,66
3606,Male,9.2,83,68,86,47,27,Yes,No,5.6,74
3607,Male,8.0,83,74,53,62,18,Yes,Yes,6.9,66
3608,Male,7.0,88,73,77,56,11,Yes,No,5.5,57
3609,Female,7.8,80,37,60,51,26,Yes,Yes,5.2,62
3610,Female,3.6,90,95,51,55,21,Yes,Yes,5.9,73
3611,Female,7.3,85,66,76,68,19,Yes,Yes,7.2,72
3612,Male,8.1,82,76,80,47,12,Yes,Yes,6.9,63
3613,Male,7.5,76,64,82,84,21,Yes,No,5.7,71
3614,Male,5.9,50,56,82,50,19,Yes,Yes,6.0,59
3615,Male,5.3,86,59,86,81,22,Yes,Yes,7.3,73
3616,Male,7.7,90,74,49,65,22,Yes,Yes,6.3,72
3617,Male,2.1,87,85,62,74,27,Yes,Yes,6.9,71
3618,Female,7.3,81,82,76,33,19,Yes,No,7.7,70
3619,Male,7.5,69,83,87,48,25,Yes,No,6.4,76
3620,Female,3.7,62,41,63,49,26,Yes,Yes,4.8,58
3621,Male,6.9,81,45,91,75,25,Yes,No,7.0,72
3622,Female,7.7,54,81,86,92,10,Yes,No,7.5,74
3623,Female,1.1,87,50,56,59,19,Yes,Yes,7.4,55
3624,Male,5.0,85,69,59,31,19,Yes,No,5.5,63
3625,Female,9.4,68,91,84,39,22,Yes,Yes,6.4,77
3626,Female,9.6,70,70,48,57,14,No,No,7.0,61
3627,Male,5.5,76,55,76,44,18,Yes,No,7.7,65
3628,Female,6.1,52,92,72,80,23,Yes,Yes,6.5,78
3629,Male,6.4,90,68,81,96,26,Yes,No,5.8,77
3630,Female,6.9,78,69,76,96,22,Yes,No,7.7,75
3631,Male,6.1,74,53,74,81,22,Yes,Yes,6.1,67
3632,Male,6.9,85,93,89,78,14,Yes,No,6.4,78
3633,Female,6.8,90,36,76,90,23,Yes,Yes,6.4,67
3634,Female,8.0,97,72,81,68,19,Yes,No,6.3,75
3635,Male,6.7,88,59,64,83,25,Yes,No,7.3,77
3636,Male,2.9,56,79,78,61,16,Yes,Yes,6.7,66
3637,Male,8.8,66,49,83,71,25,No,Yes,5.2,69
3638,Female,7.5,80,61,88,69,22,Yes,No,6.7,75
3639,Male,6.5,87,79,49,76,21,No,Yes,5.7,67
3640,Male,1.1,75,80,97,61,29,Yes,Yes,7.5,76
3641,Male,5.4,71,43,82,66,14,Yes,Yes,7.9,64
3642,Male,6.9,81,73,100,70,25,Yes,Yes,5.7,77
3643,Female,6.6,83,90,86,52,20,Yes,Yes,6.9,73
3644,Female,1.7,73,42,77,90,21,Yes,Yes,6.3,58
3645,Female,6.4,67,68,82,79,22,Yes,Yes,5.4,67
3646,Male,6.8,100,31,73,71,15,Yes,No,4.8,54
3647,Male,8.8,54,74,76,73,27,No,Yes,6.2,74
3648,Male,3.5,77,58,63,81,21,Yes,Yes,7.8,61
3649,Male,7.0,66,75,72,70,17,Yes,Yes,6.7,69
3650,Female,6.4,88,79,80,46,22,Yes,No,6.0,74
3651,Female,1.6,80,82,80,38,25,Yes,Yes,5.5,63
3652,Male,8.3,84,73,79,88,21,Yes,Yes,8.0,83
3653,Female,6.3,57,67,43,76,24,Yes,Yes,5.8,66
3654,Female,9.7,56,66,64,57,26,Yes,No,6.6,73
3655,Female,6.3,72,74,73,100,22,Yes,No,6.7,74
3656,Male,6.9,73,76,74,44,20,Yes,No,6.4,70
3657,Male,6.6,69,62,40,39,12,Yes,No,6.7,49
3658,Female,2.4,61,85,99,50,27,Yes,No,5.4,74
3659,Male,4.0,100,61,87,92,21,Yes,Yes,5.9,72
3660,Female,3.9,88,55,52,96,10,Yes,No,6.7,60
3661,Female,2.1,83,89,86,30,22,Yes,Yes,5.0,63
3662,Female,5.0,70,72,83,79,22,Yes,No,7.5,70
3663,Female,7.3,76,34,85,74,21,Yes,No,6.6,65
3664,Female,9.4,77,80,65,72,17,Yes,Yes,5.1,68
3665,Male,7.6,83,72,71,77,25,Yes,Yes,4.0,74
3666,Female,5.4,96,68,84,85,21,Yes,Yes,6.6,70
3667,Male,5.0,85,64,62,34,23,Yes,No,6.9,65
3668,Male,7.0,80,60,84,65,26,Yes,No,7.0,69
3669,Male,9.0,61,70,68,84,17,Yes,No,5.8,71
3670,Male,9.8,86,74,95,98,22,Yes,Yes,7.4,87
3671,Male,3.4,72,94,82,100,30,Yes,No,6.7,82
3672,Female,7.1,88,52,54,87,20,Yes,No,7.8,69
3673,Male,4.3,96,68,64,56,14,Yes,No,5.9,61
3674,Female,5.9,90,84,80,52,28,Yes,Yes,6.8,76
3675,Male,3.2,79,68,72,70,25,Yes,Yes,7.6,66
3676,Female,6.3,89,68,87,48,25,Yes,No,7.7,67
3677,Female,6.8,85,53,87,93,22,Yes,No,6.1,73
3678,Female,6.3,77,59,80,99,26,Yes,No,6.3,70
3679,Male,7.0,51,73,86,30,21,Yes,Yes,7.0,65
3680,Female,6.2,90,50,53,97,26,Yes,Yes,6.0,68
3681,Female,5.2,88,68,81,84,25,Yes,No,5.5,76
3682,Male,9.0,60,39,82,77,22,Yes,Yes,6.8,65
3683,Female,3.7,76,71,68,80,16,Yes,No,5.8,63
3684,Female,3.3,82,41,85,70,22,Yes,Yes,6.2,63
3685,Female,7.3,65,68,42,94,19,Yes,Yes,5.5,67
3686,Female,7.7,73,50,84,90,25,Yes,No,5.5,72
3687,Female,1.8,90,37,94,75,23,Yes,No,6.6,63
3688,Male,9.2,99,80,72,94,26,Yes,Yes,5.4,79
3689,Female,4.1,97,51,61,53,13,Yes,Yes,5.9,56
3690,Male,1.1,84,59,98,76,22,Yes,No,5.5,68
3691,Female,2.9,83,95,75,79,22,Yes,Yes,5.0,71
3692,Male,3.7,95,89,66,77,20,Yes,No,6.5,73
3693,Female,4.5,85,64,45,72,21,Yes,Yes,6.9,63
3694,Male,3.1,96,81,43,77,11,Yes,No,6.8,62
3695,Male,4.4,98,77,71,81,19,No,No,7.7,74
3696,Male,6.4,58,68,47,62,27,Yes,No,5.8,69
3697,Female,3.7,81,69,65,63,14,Yes,Yes,7.7,65
3698,Female,4.7,80,49,76,81,19,Yes,No,5.0,58
3699,Female,7.3,84,35,72,83,16,Yes,Yes,5.8,62
3700,Female,5.6,82,43,78,79,29,Yes,Yes,6.2,72
3701,Male,5.5,81,69,70,80,29,Yes,No,7.1,77
3702,Male,5.1,85,50,74,88,10,No,No,6.8,63
3703,Male,2.1,92,80,88,73,23,Yes,No,6.8,80
3704,Male,1.7,80,69,45,74,21,Yes,Yes,7.8,65
3705,Female,3.4,66,79,86,65,25,Yes,Yes,4.7,70
3706,Male,7.4,88,75,79,77,25,Yes,Yes,6.2,81
3707,Female,8.9,70,62,43,63,16,Yes,Yes,6.4,61
3708,Male,9.7,68,74,80,81,21,Yes,No,6.6,77
3709,Female,8.4,69,82,80,72,22,Yes,Yes,5.1,74
3710,Female,5.7,75,65,84,70,29,Yes,No,6.2,78
3711,Male,5.3,87,68,84,65,22,Yes,Yes,7.3,69
3712,Female,9.8,81,83,61,55,21,Yes,Yes,5.9,78
3713,Female,6.5,81,79,80,68,29,Yes,Yes,5.9,79
3714,Male,3.6,90,68,81,42,26,Yes,Yes,7.9,65
3715,Male,3.5,75,76,64,56,23,Yes,Yes,6.2,67
3716,Male,3.0,86,50,70,65,19,Yes,No,6.5,53
3717,Male,7.9,100,50,45,78,16,Yes,Yes,6.2,64
3718,Female,9.7,93,58,63,33,20,No,No,6.6,67
3719,Female,5.3,92,68,55,45,27,Yes,Yes,7.1,66
3720,Male,7.9,73,53,72,65,11,Yes,No,7.4,61
3721,Male,7.9,78,78,72,75,13,Yes,Yes,6.9,76
3722,Female,2.9,76,63,69,64,29,Yes,No,7.4,67
3723,Female,7.3,67,64,68,96,21,Yes,Yes,6.8,68
3724,Male,7.7,77,71,82,98,13,Yes,No,5.6,76
3725,Male,6.3,81,69,70,87,22,Yes,No,6.5,78
3726,Male,6.8,90,63,88,81,21,Yes,Yes,5.1,72
3727,Female,9.2,82,56,95,44,23,Yes,Yes,7.6,74
3728,Male,5.6,65,59,85,74,21,Yes,Yes,6.9,72
3729,Male,7.6,79,87,72,42,28,Yes,No,7.6,75
3730,Male,3.3,87,56,71,63,21,Yes,Yes,5.2,59
3731,Female,2.8,89,74,99,77,22,Yes,Yes,6.5,77
3732,Male,9.8,93,30,75,79,19,Yes,Yes,6.2,69
3733,Male,4.7,80,73,89,60,16,Yes,Yes,7.5,70
3734,Male,1.2,96,79,92,48,21,No,No,6.1,65
3735,Female,5.9,85,72,63,53,24,No,Yes,5.9,74
3736,Female,1.1,61,45,75,75,22,Yes,No,5.3,54
3737,Male,4.8,80,63,72,76,20,No,No,7.1,66
3738,Male,4.8,72,77,86,60,16,Yes,Yes,4.9,66
3739,Male,6.9,95,46,79,100,19,No,No,6.2,74
3740,Male,2.6,79,81,49,95,21,Yes,Yes,5.6,71
3741,Female,6.4,78,85,87,67,24,Yes,No,7.4,80
3742,Male,3.6,89,68,79,51,21,Yes,Yes,5.4,66
3743,Female,5.9,77,66,54,39,22,Yes,No,6.4,61
3744,Female,3.4,74,55,53,79,21,Yes,Yes,7.8,63
3745,Male,1.9,74,82,78,84,17,Yes,Yes,4.6,59
3746,Female,4.2,88,70,50,75,25,Yes,No,6.3,67
3747,Male,6.3,96,60,91,82,22,Yes,Yes,6.2,74
3748,Male,5.5,86,42,57,50,17,Yes,No,6.9,51
3749,Female,1.8,88,82,49,75,27,Yes,Yes,7.2,72
3750,Male,4.1,82,73,80,83,22,Yes,No,6.7,72
3751,Male,1.8,100,50,54,38,16,Yes,Yes,6.8,56
3752,Female,9.0,60,54,47,89,18,Yes,No,6.2,68
3753,Female,4.2,50,81,80,66,21,Yes,Yes,6.4,67
3754,Female,2.8,80,66,55,34,28,Yes,Yes,8.0,62
3755,Male,7.6,83,64,60,63,18,No,Yes,6.4,65
3756,Male,2.6,68,93,100,96,10,Yes,No,4.4,69
3757,Male,6.5,80,80,44,77,21,Yes,Yes,7.0,71
3758,Male,10.0,80,92,82,55,23,No,No,5.5,77
3759,Male,7.5,77,63,73,98,19,Yes,No,8.0,70
3760,Female,8.7,100,48,75,32,21,Yes,Yes,5.7,64
3761,Male,5.9,88,53,81,96,22,Yes,No,4.1,71
3762,Male,7.6,100,81,76,50,22,Yes,Yes,5.4,71
3763,Female,7.1,80,82,72,30,17,Yes,Yes,7.1,69
3764,Male,5.4,93,35,78,56,25,Yes,No,6.0,59
3765,Female,4.9,86,36,59,79,22,Yes,No,6.9,61
3766,Female,4.1,87,74,97,98,11,No,No,5.2,72
3767,Male,3.2,62,76,78,71,17,Yes,Yes,5.8,64
3768,Female,4.6,88,69,88,82,25,Yes,Yes,6.6,77
3769,Male,6.6,67,78,64,72,19,Yes,Yes,7.3,68
3770,Female,7.2,62,53,44,85,24,Yes,No,6.1,63
3771,Male,3.7,85,40,72,55,15,Yes,Yes,6.2,52
3772,Male,8.7,80,80,52,66,21,Yes,No,5.0,68
3773,Female,6.4,80,50,68,56,27,Yes,Yes,6.4,65
3774,Female,7.2,85,82,64,74,18,Yes,Yes,7.4,69
3775,Female,6.7,60,81,53,52,22,Yes,Yes,6.8,65
3776,Male,6.1,92,84,99,72,25,Yes,Yes,4.2,78
3777,Male,7.2,85,54,86,70,25,Yes,Yes,7.3,71
3778,Male,4.8,94,78,76,97,22,Yes,No,5.3,75
3779,Female,2.0,80,50,97,87,22,Yes,No,7.6,67
3780,Male,7.9,97,48,88,85,25,Yes,No,4.6,74
3781,Female,5.4,68,51,70,75,26,Yes,Yes,6.9,69
3782,Female,8.9,82,54,88,70,18,Yes,Yes,6.3,67
3783,Female,4.9,76,64,72,82,22,No,No,5.8,64
3784,Female,2.0,91,94,71,84,27,Yes,Yes,7.2,76
3785,Female,1.2,69,93,57,71,21,No,No,5.9,65
3786,Male,7.3,84,70,65,40,26,Yes,No,7.5,69
3787,Male,6.8,99,80,79,71,23,No,Yes,5.4,74
3788,Female,4.2,71,79,75,31,21,Yes,No,7.7,61
3789,Male,6.2,80,59,74,76,17,No,Yes,5.5,63
3790,Female,7.0,85,78,61,80,21,No,No,5.1,72
3791,Female,5.2,86,74,82,80,18,Yes,No,6.5,73
3792,Female,3.7,97,84,72,75,30,No,Yes,6.8,77
3793,Female,3.7,58,81,59,35,22,Yes,Yes,4.8,58
3794,Male,8.8,57,82,84,67,22,Yes,No,5.6,72
3795,Female,2.0,90,90,83,38,20,Yes,No,5.1,66
3796,Female,7.3,99,70,57,85,21,Yes,Yes,5.7,70
3797,Male,2.5,98,31,84,74,23,Yes,No,4.1,59
3798,Male,7.5,89,42,71,58,20,Yes,Yes,5.2,55
3799,Male,2.5,83,71,86,97,23,No,Yes,5.7,72
3800,Male,8.5,91,80,73,85,24,Yes,Yes,5.8,81
3801,Female,6.8,53,95,73,54,13,Yes,Yes,8.0,70
3802,Male,4.8,89,62,56,65,26,No,Yes,6.7,75
3803,Male,6.9,84,42,87,62,26,No,No,7.0,69
3804,Male,9.3,91,80,73,71,19,No,Yes,5.9,73
3805,Male,2.2,78,50,93,81,27,Yes,Yes,6.7,68
3806,Male,8.0,82,86,85,75,29,No,Yes,4.1,76
3807,Male,7.8,90,67,58,45,21,Yes,No,5.1,64
3808,Female,6.7,86,65,54,49,21,Yes,No,7.7,62
3809,Male,2.4,90,48,83,98,15,Yes,Yes,7.6,66
3810,Female,6.6,90,66,72,52,22,Yes,Yes,6.3,66
3811,Male,8.0,78,32,83,59,26,Yes,Yes,7.6,65
3812,Female,6.7,85,79,73,50,26,Yes,Yes,6.4,71
3813,Male,2.5,84,90,71,83,10,Yes,Yes,5.8,71
3814,Male,5.0,93,81,96,77,21,Yes,Yes,5.1,75
3815,Male,4.3,75,73,60,54,19,Yes,Yes,6.8,68
3816,Male,7.7,82,84,60,93,29,Yes,Yes,6.7,85
3817,Female,5.5,90,81,93,75,27,Yes,Yes,7.8,83
3818,Female,6.0,83,90,82,32,25,Yes,No,4.5,73
3819,Female,6.4,74,76,84,34,19,Yes,No,6.6,68
3820,Male,1.2,88,82,88,70,13,Yes,No,8.0,62
3821,Male,7.9,94,94,75,83,21,No,Yes,5.7,81
3822,Female,3.2,85,62,72,73,23,Yes,Yes,5.9,68
3823,Female,2.9,72,61,88,42,24,Yes,Yes,5.3,61
3824,Male,5.5,80,57,84,78,22,Yes,No,6.3,65
3825,Male,9.5,77,81,60,76,19,Yes,Yes,5.3,73
3826,Male,2.9,50,71,63,40,21,No,No,7.8,64
3827,Female,7.5,90,90,69,71,22,Yes,No,7.8,83
3828,Male,3.1,82,68,50,70,17,Yes,Yes,6.5,60
3829,Male,5.1,99,79,53,89,19,Yes,No,7.3,75
3830,Male,9.8,70,72,93,72,21,Yes,Yes,6.1,75
3831,Female,7.5,89,73,87,85,16,Yes,Yes,5.3,68
3832,Female,2.5,74,67,44,36,16,Yes,Yes,5.8,48
3833,Male,3.0,85,64,72,84,26,Yes,Yes,6.0,74
3834,Female,3.3,84,79,90,74,27,Yes,No,5.1,74
3835,Female,3.9,84,60,62,58,22,Yes,Yes,6.4,61
3836,Female,8.6,56,70,79,99,28,No,Yes,6.1,78
3837,Female,8.4,96,73,98,37,23,No,No,5.4,79
3838,Female,6.3,78,54,74,98,20,Yes,No,6.4,74
3839,Male,9.4,77,68,86,65,24,Yes,Yes,7.6,83
3840,Male,7.9,58,55,43,30,28,Yes,No,7.7,60
3841,Female,3.2,69,44,86,70,18,Yes,No,6.6,59
3842,Male,2.9,95,55,44,59,11,Yes,Yes,7.3,48
3843,Female,3.7,81,95,46,80,27,No,Yes,5.4,79
3844,Male,6.1,81,54,82,62,24,No,Yes,7.7,65
3845,Male,5.7,100,48,57,60,25,Yes,No,7.3,65
3846,Male,3.9,65,51,79,57,12,Yes,No,7.3,52
3847,Male,7.1,63,76,56,75,18,Yes,No,5.6,65
3848,Female,3.9,73,63,86,81,19,Yes,Yes,5.9,64
3849,Male,9.1,75,90,77,59,16,Yes,Yes,7.3,73
3850,Male,2.1,83,84,74,78,24,Yes,Yes,6.5,71
3851,Female,3.8,75,71,72,71,23,Yes,Yes,5.6,66
3852,Female,7.1,96,69,85,81,10,Yes,No,6.8,72
3853,Male,7.0,74,79,55,54,19,Yes,No,4.1,61
3854,Male,8.4,84,87,52,64,10,No,Yes,6.8,68
3855,Female,3.2,87,71,86,56,14,Yes,Yes,6.8,67
3856,Female,7.1,100,81,56,57,16,Yes,Yes,6.0,66
3857,Female,3.0,68,42,83,53,23,Yes,Yes,6.5,55
3858,Male,6.5,88,74,47,75,21,Yes,Yes,5.5,67
3859,Male,6.6,89,77,95,85,20,Yes,Yes,6.4,82
3860,Female,7.8,53,71,84,73,21,Yes,Yes,7.2,73
3861,Female,4.6,88,46,59,59,21,No,Yes,4.1,54
3862,Female,3.2,92,50,97,89,26,Yes,Yes,5.7,72
3863,Female,2.4,69,59,66,79,26,No,Yes,6.3,61
3864,Female,4.5,88,78,89,97,21,Yes,No,6.0,79
3865,Male,2.8,95,78,73,53,19,Yes,Yes,6.8,68
3866,Male,5.0,88,32,48,71,16,Yes,No,5.5,50
3867,Female,1.1,71,79,55,55,21,Yes,Yes,7.9,60
3868,Female,5.8,52,68,95,83,25,Yes,Yes,4.0,69
3869,Male,7.1,76,69,46,38,25,Yes,Yes,7.0,66
3870,Female,8.0,88,82,85,43,18,Yes,Yes,7.3,77
3871,Female,5.6,80,73,53,83,18,No,No,6.6,65
3872,Male,6.5,100,75,99,81,25,No,Yes,6.9,83
3873,Female,6.6,98,50,99,99,30,No,No,5.2,73
3874,Female,6.2,76,61,48,67,24,Yes,No,7.9,64
3875,Male,4.4,80,77,73,65,25,Yes,No,6.3,71
3876,Female,7.8,83,68,61,66,17,Yes,No,6.3,64
3877,Female,7.3,85,81,95,85,17,Yes,No,7.2,76
3878,Female,2.1,70,78,80,53,24,Yes,Yes,7.6,66
3879,Female,9.1,85,80,75,77,16,Yes,No,6.6,76
3880,Female,5.3,63,59,46,76,22,Yes,Yes,6.1,61
3881,Female,7.1,75,50,63,80,18,Yes,Yes,6.2,56
3882,Male,2.5,85,88,46,89,22,No,Yes,6.8,65
3883,Male,7.1,71,73,68,52,26,Yes,No,7.9,70
3884,Female,6.7,96,90,82,57,23,Yes,No,6.6,80
3885,Female,4.0,96,61,76,58,16,Yes,Yes,7.6,55
3886,Female,7.1,88,38,41,74,29,No,No,7.8,63
3887,Female,8.8,79,39,49,58,22,Yes,Yes,5.9,57
3888,Female,6.4,77,75,92,69,22,Yes,Yes,5.5,78
3889,Male,7.9,90,68,81,67,23,Yes,Yes,6.7,73
3890,Male,1.1,73,55,66,48,11,No,Yes,5.3,49
3891,Female,4.1,99,55,87,34,16,Yes,Yes,4.7,58
3892,Female,6.7,75,60,50,88,26,Yes,No,7.1,64
3893,Female,1.6,80,47,77,61,25,Yes,No,6.2,62
3894,Female,6.9,50,73,99,37,24,Yes,Yes,6.4,70
3895,Male,4.5,52,61,65,59,22,Yes,Yes,7.2,63
3896,Female,6.0,86,81,50,77,19,No,No,5.0,80
3897,Male,3.1,87,79,74,74,26,Yes,No,6.9,68
3898,Male,7.0,84,81,42,38,22,Yes,Yes,6.5,71
3899,Female,5.5,93,49,51,88,13,Yes,Yes,6.8,59
3900,Female,8.0,98,89,74,37,13,Yes,No,5.2,69
3901,Male,3.9,65,87,84,59,29,Yes,No,4.9,74
3902,Female,9.8,55,76,88,84,27,Yes,Yes,6.0,79
3903,Female,4.7,81,57,60,81,16,Yes,Yes,4.3,58
3904,Male,6.6,71,75,57,63,24,Yes,No,7.0,71
3905,Male,7.0,82,51,67,34,30,Yes,Yes,7.6,61
3906,Male,6.1,87,51,50,50,29,Yes,No,7.8,67
3907,Male,7.6,100,79,51,68,20,No,Yes,6.2,70
3908,Male,9.6,90,49,82,75,22,Yes,No,5.3,67
3909,Male,8.7,50,86,97,72,16,Yes,Yes,4.7,72
3910,Male,6.6,85,79,52,42,21,Yes,No,5.5,69
3911,Female,9.6,75,93,94,88,21,Yes,No,7.0,84
3912,Male,9.2,71,68,93,56,22,Yes,Yes,6.0,74
3913,Male,8.9,86,70,76,80,25,Yes,No,6.4,76
3914,Male,2.4,83,65,93,62,24,No,Yes,4.4,68
3915,Female,3.4,65,68,75,38,26,Yes,Yes,5.3,64
3916,Female,6.5,65,84,44,75,22,Yes,Yes,6.8,76
3917,Male,1.6,72,89,100,65,26,Yes,No,6.3,75
3918,Female,2.7,79,69,77,79,23,No,Yes,8.0,72
3919,Female,2.3,70,77,62,54,12,Yes,Yes,4.5,55
3920,Female,4.6,85,67,45,63,16,Yes,Yes,6.9,64
3921,Male,6.5,62,81,74,70,21,Yes,No,6.7,70
3922,Female,9.5,66,73,77,32,19,Yes,No,6.2,69
3923,Female,4.3,77,68,62,83,23,No,Yes,5.9,67
3924,Female,7.8,74,75,71,80,21,Yes,Yes,4.4,71
3925,Male,4.1,99,54,88,61,28,Yes,No,6.9,71
3926,Male,6.6,64,66,57,84,24,No,Yes,7.2,71
3927,Male,6.2,77,53,58,34,25,Yes,No,6.8,60
3928,Male,6.9,64,36,58,83,28,No,No,6.4,64
3929,Male,2.2,80,78,85,55,28,Yes,No,6.5,76
3930,Male,7.0,56,66,52,95,24,Yes,Yes,6.5,73
3931,Female,4.1,82,59,57,64,25,Yes,No,5.2,65
3932,Male,9.8,91,59,72,55,22,Yes,No,6.2,68
3933,Male,5.6,92,69,71,99,21,Yes,No,6.5,72
3934,Female,5.0,82,83,57,73,18,Yes,Yes,6.8,72
3935,Male,9.4,85,53,43,73,17,Yes,Yes,7.2,66
3936,Male,3.0,83,83,58,97,30,Yes,Yes,4.6,80
3937,Male,3.7,71,40,49,59,26,Yes,No,5.1,52
3938,Female,9.2,53,38,87,62,16,Yes,No,6.9,59
3939,Female,7.3,90,66,73,59,21,No,Yes,6.8,65
3940,Male,6.9,90,38,75,53,21,Yes,Yes,6.7,60
3941,Male,7.1,97,69,68,48,12,Yes,Yes,5.0,64
3942,Female,6.1,86,36,72,96,13,Yes,No,6.2,58
3943,Male,7.9,76,73,69,84,22,Yes,No,5.7,75
3944,Female,5.1,52,79,86,71,24,Yes,Yes,6.0,71
3945,Male,4.7,82,79,85,69,20,Yes,Yes,6.9,73
3946,Male,7.1,85,39,68,98,23,Yes,Yes,5.6,63
3947,Male,6.7,100,82,74,73,11,Yes,No,6.5,71
3948,Female,8.0,81,64,83,62,27,Yes,No,5.9,65
3949,Male,4.5,90,90,66,38,27,Yes,No,5.4,71
3950,Male,6.0,69,73,89,65,21,No,Yes,6.9,67
3951,Male,6.5,61,88,79,80,26,No,No,5.9,82
3952,Male,6.8,69,46,79,91,10,Yes,Yes,7.3,63
3953,Male,3.7,85,38,78,78,24,Yes,No,6.2,64
3954,Male,7.2,79,73,62,75,21,Yes,Yes,6.8,76
3955,Female,3.1,68,71,43,71,22,No,No,4.8,57
3956,Male,9.2,70,74,57,68,10,Yes,No,7.9,71
3957,Female,6.5,100,68,45,93,13,Yes,No,6.7,69
3958,Female,6.5,64,77,79,50,23,No,No,7.2,70
3959,Female,6.2,98,82,95,89,19,Yes,Yes,4.8,82
3960,Male,5.2,62,90,85,70,17,Yes,Yes,6.1,68
3961,Female,6.4,83,84,83,52,21,Yes,No,8.0,72
3962,Male,4.7,89,72,78,61,26,Yes,Yes,7.8,72
3963,Male,3.5,90,69,73,70,29,Yes,Yes,6.7,71
3964,Male,3.9,72,74,74,68,17,No,No,7.5,63
3965,Male,6.1,69,73,67,96,19,No,No,7.1,76
3966,Female,4.9,62,90,77,92,15,Yes,Yes,7.1,72
3967,Male,7.4,80,61,73,100,11,Yes,Yes,7.3,69
3968,Male,3.9,66,58,46,65,21,Yes,Yes,7.3,57
3969,Male,6.3,90,65,77,31,16,No,Yes,7.6,57
3970,Female,1.8,73,79,95,40,24,Yes,No,7.2,69
3971,Male,7.0,94,79,47,86,26,Yes,No,6.4,70
3972,Female,7.2,52,57,83,51,26,Yes,No,5.4,65
3973,Female,6.0,73,68,80,80,25,Yes,Yes,6.4,69
3974,Female,8.1,53,46,63,74,26,Yes,No,6.2,70
3975,Male,8.0,73,57,64,58,22,Yes,No,7.9,69
3976,Male,6.5,65,70,46,73,25,Yes,Yes,5.8,67
3977,Female,8.6,81,81,93,75,21,No,No,7.9,85
3978,Male,6.4,89,66,68,57,21,Yes,No,6.9,65
3979,Female,5.2,80,59,69,85,23,Yes,No,7.7,71
3980,Female,2.3,67,85,86,81,26,No,No,5.3,74
3981,Male,3.8,82,90,68,72,15,Yes,Yes,5.9,69
3982,Male,4.3,85,38,83,79,20,Yes,Yes,5.6,65
3983,Male,9.6,93,72,96,70,21,Yes,No,5.9,81
3984,Male,3.1,76,81,55,71,25,Yes,Yes,6.5,70
3985,Male,7.3,100,57,54,80,24,Yes,Yes,7.5,66
3986,Male,3.2,62,92,74,75,24,No,No,6.3,71
3987,Female,5.9,84,51,87,73,24,Yes,No,7.0,69
3988,Male,7.2,65,72,67,71,13,Yes,Yes,6.0,64
3989,Female,6.3,85,32,83,95,22,Yes,No,6.2,62
3990,Female,6.6,69,75,84,63,13,No,No,5.8,73
3991,Female,7.1,81,82,81,95,26,Yes,No,5.0,85
3992,Female,8.0,82,51,60,85,21,Yes,Yes,6.7,69
3993,Male,7.8,70,72,88,91,10,Yes,Yes,5.3,69
3994,Female,7.0,86,50,87,71,26,Yes,Yes,7.2,71
3995,Female,4.0,90,92,56,76,24,Yes,Yes,7.4,73
3996,Male,6.9,72,32,83,78,28,No,Yes,6.4,66
3997,Female,4.2,72,50,75,84,25,Yes,Yes,4.2,65
3998,Male,9.5,78,77,86,41,29,Yes,Yes,6.1,74
3999,Female,1.9,91,34,81,82,24,Yes,No,7.8,63
4000,Male,6.6,84,68,58,79,23,No,Yes,5.8,69
4001,Male,1.0,52,95,82,76,26,Yes,No,6.7,68
4002,Male,4.7,87,31,50,32,19,Yes,No,6.5,45
4003,Male,2.6,97,46,82,52,20,Yes,Yes,6.8,58
4004,Female,3.0,80,83,92,80,16,Yes,No,6.9,77
4005,Female,5.0,64,74,83,100,21,Yes,No,6.6,76
4006,Female,4.3,95,31,85,50,26,No,Yes,6.6,56
4007,Female,7.8,95,91,96,44,16,No,No,6.2,77
4008,Female,6.8,78,81,87,68,12,Yes,Yes,6.2,65
4009,Female,7.6,93,84,84,76,29,Yes,No,7.8,89
4010,Female,8.0,73,54,60,77,26,Yes,Yes,5.1,66
4011,Male,6.2,80,72,73,45,23,Yes,No,7.4,69
4012,Male,8.5,98,73,61,85,13,Yes,Yes,5.3,74
4013,Male,6.5,82,70,53,85,13,Yes,No,7.1,62
4014,Female,6.6,80,30,79,92,24,Yes,Yes,6.1,61
4015,Male,4.2,90,70,89,85,22,Yes,No,5.2,71
4016,Male,7.5,50,68,86,37,26,Yes,No,7.8,72
4017,Male,9.7,100,73,82,73,27,Yes,Yes,6.6,78
4018,Male,7.1,55,35,75,54,28,Yes,No,6.3,52
4019,Female,4.3,85,66,91,71,19,Yes,Yes,6.4,67
4020,Female,2.8,95,34,66,44,19,Yes,No,7.0,54
4021,Female,6.7,93,68,76,55,16,Yes,No,5.4,69
4022,Female,4.9,69,80,82,92,25,Yes,No,6.3,76
4023,Female,3.8,77,76,63,76,27,Yes,No,6.1,70
4024,Male,7.7,85,32,81,78,12,Yes,Yes,7.5,63
4025,Male,9.4,62,79,55,95,26,Yes,Yes,6.8,73
4026,Male,6.9,85,92,82,73,25,Yes,Yes,6.5,80
4027,Male,7.4,90,50,74,61,26,No,No,6.8,69
4028,Male,4.8,97,82,66,32,22,Yes,Yes,7.5,70
4029,Female,6.4,86,51,43,80,22,Yes,No,7.1,62
4030,Male,2.1,90,63,64,68,24,Yes,No,6.6,65
4031,Male,6.1,80,40,95,58,10,Yes,Yes,5.6,48
4032,Male,6.5,86,95,66,91,17,Yes,No,6.9,76
4033,Male,7.9,90,40,64,67,16,Yes,Yes,7.0,61
4034,Female,6.2,97,77,76,71,27,Yes,Yes,6.6,75
4035,Male,9.3,81,73,65,83,26,Yes,No,7.4,79
4036,Male,1.2,75,31,76,63,21,Yes,Yes,7.7,55
4037,Male,5.7,73,81,59,71,23,Yes,Yes,7.4,71
4038,Female,7.8,65,56,55,82,14,No,No,7.3,62
4039,Male,6.7,91,67,70,57,25,Yes,Yes,7.8,69
4040,Male,6.6,78,70,99,75,21,Yes,No,8.0,76
4041,Male,9.2,76,70,66,78,24,Yes,No,5.5,76
4042,Female,8.1,95,94,85,77,26,No,Yes,5.6,86
4043,Male,7.7,85,76,94,52,22,Yes,Yes,6.6,73
4044,Female,6.5,84,75,55,59,26,Yes,No,4.3,69
4045,Male,1.1,50,68,84,88,12,Yes,Yes,6.1,61
4046,Female,6.6,80,72,47,78,22,Yes,Yes,7.2,63
4047,Male,1.4,98,33,84,72,22,Yes,No,6.4,62
4048,Male,5.0,50,49,57,78,26,Yes,Yes,6.0,60
4049,Female,4.3,77,80,100,87,28,Yes,No,6.8,83
4050,Female,8.0,79,70,66,44,21,Yes,Yes,5.6,70
4051,Female,3.4,82,68,57,70,26,Yes,Yes,5.8,62
4052,Male,7.8,82,72,49,71,20,Yes,Yes,6.9,67
4053,Male,7.7,88,39,96,83,17,Yes,No,5.9,65
4054,Female,2.3,57,37,51,34,25,Yes,No,6.2,45
4055,Female,9.4,65,68,42,87,22,Yes,No,7.9,77
4056,Male,6.0,66,75,100,71,17,No,Yes,6.8,69
4057,Male,6.1,57,55,69,60,25,Yes,Yes,7.3,63
4058,Male,1.3,85,76,69,47,21,Yes,Yes,5.8,63
4059,Male,7.8,66,75,88,33,10,Yes,Yes,7.9,60
4060,Female,5.3,88,69,52,64,12,No,No,7.3,60
4061,Male,5.6,80,77,82,81,26,Yes,No,6.0,78
4062,Male,4.8,89,52,77,66,23,Yes,Yes,4.1,62
4063,Male,3.4,97,81,47,33,20,Yes,No,7.4,62
4064,Male,9.4,85,77,80,70,16,Yes,Yes,4.5,70
4065,Male,5.1,70,79,84,61,18,Yes,No,5.8,63
4066,Male,7.7,78,31,82,72,19,Yes,Yes,6.8,62
4067,Female,7.6,88,61,54,47,13,Yes,No,6.5,64
4068,Male,3.3,65,83,59,70,24,No,Yes,7.0,69
4069,Female,7.4,96,82,84,51,20,Yes,Yes,6.9,75
4070,Female,6.0,84,62,70,59,20,Yes,No,8.0,69
4071,Female,6.6,78,62,58,70,19,Yes,Yes,6.8,61
4072,Male,6.6,67,47,53,72,26,Yes,Yes,5.5,67
4073,Female,6.1,71,73,55,81,26,Yes,No,6.8,73
4074,Female,6.1,81,61,76,49,25,Yes,No,5.3,71
4075,Male,2.8,86,55,72,85,17,Yes,No,7.8,61
4076,Female,6.5,100,51,62,66,24,No,Yes,7.6,73
4077,Female,7.1,82,73,73,35,30,No,No,5.5,73
4078,Male,7.6,70,63,97,86,16,Yes,No,5.2,72
4079,Male,1.9,77,77,71,91,21,Yes,Yes,7.2,71
4080,Female,8.1,78,40,98,91,25,No,Yes,6.9,72
4081,Male,5.2,92,47,87,79,26,Yes,Yes,5.5,73
4082,Male,2.2,65,70,49,93,23,No,Yes,6.9,66
4083,Female,2.1,69,68,41,52,30,Yes,Yes,4.6,54
4084,Female,7.3,91,76,49,65,22,Yes,Yes,7.8,68
4085,Female,5.3,80,69,82,52,11,Yes,No,7.1,61
4086,Male,5.8,72,75,88,71,10,Yes,No,5.0,65
4087,Male,7.1,90,78,88,60,21,Yes,No,7.5,76
4088,Male,6.5,90,78,75,51,13,Yes,No,6.5,70
4089,Male,4.3,87,70,90,64,22,Yes,Yes,7.6,66
4090,Male,7.2,90,92,85,50,22,Yes,No,5.3,77
4091,Female,8.0,82,75,93,68,22,Yes,No,7.2,72
4092,Male,7.4,58,77,71,100,19,No,Yes,5.5,75
4093,Male,7.5,88,90,80,82,12,Yes,No,5.6,74
4094,Male,9.3,82,53,83,72,22,Yes,No,6.0,72
4095,Female,9.2,88,63,60,38,22,Yes,No,7.1,64
4096,Female,3.4,83,90,68,83,26,Yes,No,7.0,81
4097,Male,6.0,75,53,64,83,21,No,Yes,5.9,68
4098,Male,4.5,90,69,83,59,26,Yes,Yes,6.6,73
4099,Female,9.3,82,76,86,77,11,Yes,Yes,5.0,70
4100,Male,10.0,87,32,89,83,28,Yes,No,7.6,76
4101,Male,7.9,80,81,84,85,22,Yes,No,4.5,75
4102,Female,6.8,59,68,79,87,21,Yes,No,7.4,75
4103,Male,6.8,81,75,65,45,17,No,Yes,6.5,70
4104,Male,4.6,80,64,69,83,25,Yes,Yes,7.7,75
4105,Male,3.8,94,92,82,77,23,Yes,No,5.2,75
4106,Female,6.1,80,76,99,95,29,Yes,No,7.5,86
4107,Male,9.3,95,82,76,50,21,Yes,Yes,4.1,69
4108,Male,3.2,86,51,51,69,26,Yes,Yes,6.6,63
4109,Female,1.2,83,50,90,72,13,Yes,No,5.9,58
4110,Female,6.6,84,37,77,38,13,Yes,No,7.5,48
4111,Male,5.9,80,57,72,35,19,Yes,Yes,7.3,57
4112,Female,7.1,55,73,78,99,17,Yes,Yes,6.0,71
4113,Female,1.1,75,79,44,61,21,Yes,No,4.6,58
4114,Male,9.4,66,50,72,44,15,Yes,No,6.1,55
4115,Male,4.9,83,77,62,63,25,Yes,Yes,6.8,72
4116,Male,1.1,97,31,60,31,21,No,Yes,5.9,47
4117,Female,9.1,72,81,52,98,13,Yes,No,6.0,71
4118,Male,6.5,83,76,41,73,28,Yes,Yes,7.0,70
4119,Male,7.5,75,81,73,97,16,Yes,Yes,7.9,80
4120,Male,6.0,98,94,45,50,30,Yes,No,5.7,81
4121,Male,3.5,78,91,99,71,24,Yes,Yes,7.9,78
4122,Female,3.5,69,80,97,80,26,Yes,No,6.4,75
4123,Male,4.7,93,68,58,58,29,Yes,Yes,6.2,71
4124,Male,7.9,55,72,54,77,26,Yes,No,7.5,71
4125,Male,9.2,79,73,71,66,24,Yes,Yes,5.2,73
4126,Male,3.3,65,51,76,72,11,Yes,Yes,6.7,57
4127,Male,7.8,95,74,69,70,19,Yes,Yes,7.9,68
4128,Male,2.4,87,61,70,43,26,Yes,No,6.0,66
4129,Female,6.9,67,60,90,75,22,No,No,7.0,71
4130,Male,5.3,73,72,82,62,15,No,Yes,6.8,64
4131,Male,3.0,81,78,86,72,23,Yes,No,5.3,71
4132,Female,4.0,75,71,75,97,25,Yes,No,6.6,74
4133,Male,7.5,77,70,64,37,17,No,No,7.6,58
4134,Female,5.8,56,66,76,66,12,Yes,Yes,4.3,63
4135,Female,1.3,80,54,68,56,26,Yes,No,7.8,62
4136,Female,5.1,53,78,63,75,22,Yes,Yes,6.8,70
4137,Female,7.5,68,84,77,73,22,Yes,Yes,5.5,78
4138,Male,9.5,85,59,90,55,20,Yes,No,6.5,68
4139,Male,3.0,88,78,45,75,26,Yes,No,5.7,70
4140,Male,8.8,83,72,54,99,23,Yes,Yes,6.8,76
4141,Male,6.9,96,60,100,75,26,Yes,Yes,7.9,81
4142,Male,9.7,90,74,85,86,21,No,No,6.9,74
4143,Male,1.7,68,63,90,86,25,Yes,No,7.8,70
4144,Female,4.1,82,30,87,66,21,Yes,Yes,5.7,55
4145,Male,5.0,99,87,77,79,29,Yes,No,6.3,83
4146,Female,7.0,90,80,83,73,23,Yes,Yes,5.8,78
4147,Male,3.9,69,73,87,63,24,No,Yes,4.7,66
4148,Female,7.2,84,55,80,39,24,Yes,No,7.2,64
4149,Male,3.2,90,82,61,88,29,Yes,Yes,6.1,76
4150,Male,1.9,91,55,52,81,26,Yes,Yes,6.2,61
4151,Female,6.5,67,65,74,88,25,Yes,No,6.4,75
4152,Female,4.6,75,67,52,100,24,Yes,No,7.8,70
4153,Male,7.9,65,57,66,84,24,Yes,Yes,5.1,59
4154,Female,7.8,52,53,58,76,21,Yes,No,6.5,62
4155,Male,9.4,77,70,79,52,10,Yes,No,7.8,63
4156,Female,3.9,83,42,85,96,22,Yes,Yes,6.6,61
4157,Female,7.9,73,77,62,82,21,No,No,7.9,71
4158,Male,6.0,54,43,72,54,23,Yes,Yes,6.8,59
4159,Female,6.9,65,55,74,72,20,Yes,Yes,7.5,70
4160,Male,6.5,80,75,70,84,18,Yes,No,6.5,72
4161,Male,4.5,86,60,86,40,24,Yes,No,6.9,64
4162,Female,1.3,86,68,75,34,22,Yes,Yes,4.3,59
4163,Male,4.7,79,69,79,96,26,Yes,Yes,5.6,73
4164,Male,5.5,50,75,85,49,21,Yes,Yes,4.1,62
4165,Male,9.2,74,68,77,85,22,Yes,Yes,7.4,73
4166,Female,6.9,77,54,62,52,17,Yes,Yes,5.9,53
4167,Female,1.4,86,61,76,75,16,No,Yes,7.2,60
4168,Male,6.1,96,44,52,82,26,Yes,No,7.3,67
4169,Female,8.6,84,80,68,62,20,Yes,Yes,6.0,72
4170,Female,6.3,61,54,70,53,30,Yes,Yes,6.0,64
4171,Female,4.0,65,35,79,80,26,Yes,No,7.8,60
4172,Male,5.2,65,72,61,80,16,Yes,No,4.9,65
4173,Male,6.2,77,70,85,35,20,Yes,Yes,4.8,60
4174,Female,8.1,92,63,78,75,16,Yes,Yes,5.1,71
4175,Male,6.1,80,76,67,70,22,Yes,No,7.4,69
4176,Male,2.7,90,94,87,98,26,Yes,Yes,7.3,82
4177,Male,8.0,88,77,81,45,20,Yes,Yes,5.5,66
4178,Female,8.6,88,85,55,81,30,No,No,7.9,82
4179,Female,2.7,90,80,76,39,25,Yes,Yes,5.9,70
4180,Female,7.0,85,69,48,56,22,Yes,Yes,5.2,66
4181,Male,7.5,84,69,53,81,16,Yes,Yes,6.4,70
4182,Male,3.3,73,60,60,50,24,Yes,Yes,5.1,60
4183,Female,1.7,57,36,87,71,21,Yes,Yes,6.5,52
4184,Female,4.9,59,78,90,81,22,Yes,No,7.5,73
4185,Male,8.3,72,68,90,51,16,Yes,Yes,5.3,64
4186,Female,8.6,85,74,61,81,26,Yes,Yes,6.9,81
4187,Female,5.0,61,52,77,74,24,Yes,Yes,5.7,60
4188,Male,1.7,99,71,87,60,24,Yes,No,4.6,70
4189,Male,6.1,100,94,58,42,24,No,No,6.9,77
4190,Male,9.4,92,78,86,80,27,Yes,Yes,7.0,90
4191,Male,6.2,69,53,86,71,18,Yes,No,7.4,64
4192,Male,9.0,61,32,53,80,17,No,Yes,4.7,57
4193,Female,7.0,80,38,69,58,22,No,Yes,5.3,66
4194,Male,6.5,81,55,41,55,22,Yes,Yes,7.9,59
4195,Female,9.3,86,32,72,74,15,Yes,Yes,5.2,54
4196,Female,8.0,95,66,74,62,23,Yes,Yes,5.2,66
4197,Female,5.9,82,89,55,64,22,No,No,6.7,74
4198,Male,6.0,68,59,64,82,19,No,Yes,5.5,58
4199,Male,5.3,76,66,57,90,30,Yes,No,5.3,71
4200,Female,4.1,97,84,83,61,25,Yes,Yes,5.1,76
4201,Female,1.9,88,93,87,75,17,Yes,Yes,7.0,74
4202,Female,4.3,87,65,75,85,12,Yes,Yes,7.0,66
4203,Male,3.9,73,85,100,72,12,Yes,No,6.3,70
4204,Male,3.3,81,84,76,99,13,No,Yes,7.7,76
4205,Male,4.3,80,71,81,57,26,Yes,No,7.9,69
4206,Female,6.7,80,53,92,60,22,Yes,Yes,7.0,66
4207,Male,9.4,86,80,83,37,21,No,Yes,6.7,71
4208,Female,6.6,83,57,75,56,26,Yes,Yes,7.4,72
4209,Male,6.8,86,71,93,82,10,Yes,Yes,7.8,74
4210,Male,4.5,84,53,85,43,27,Yes,Yes,6.0,66
4211,Male,9.9,72,74,63,53,23,Yes,Yes,4.5,73
4212,Male,1.6,73,82,61,56,14,Yes,No,6.9,56
4213,Male,9.0,89,63,57,83,16,Yes,Yes,6.4,73
4214,Female,3.5,81,61,84,36,26,Yes,No,7.3,69
4215,Male,1.4,74,75,66,36,22,Yes,Yes,4.9,60
4216,Male,8.9,58,73,56,71,29,Yes,No,6.4,79
4217,Female,3.3,90,71,52,69,25,Yes,No,6.8,62
4218,Male,9.2,80,68,72,71,16,Yes,Yes,6.3,68
4219,Male,3.7,60,88,77,30,30,Yes,Yes,6.0,67
4220,Male,7.5,80,69,78,57,22,Yes,No,5.1,71
4221,Male,5.7,90,72,100,74,21,Yes,No,5.5,71
4222,Male,10.0,51,69,91,31,26,Yes,Yes,7.8,74
4223,Male,2.8,78,53,88,57,14,Yes,Yes,6.7,62
4224,Male,3.2,80,79,75,85,21,Yes,No,5.5,73
4225,Male,6.1,60,82,71,74,23,Yes,Yes,6.5,74
4226,Male,7.3,65,68,76,71,27,No,No,4.6,68
4227,Male,4.3,83,89,82,61,12,Yes,Yes,5.3,64
4228,Male,5.7,99,51,79,52,16,Yes,Yes,6.3,65
4229,Female,9.7,65,53,75,75,21,Yes,No,5.1,70
4230,Male,6.3,88,75,53,70,11,Yes,Yes,5.1,62
4231,Male,6.4,83,45,45,92,24,Yes,Yes,7.3,64
4232,Male,3.8,99,42,88,47,21,Yes,Yes,7.6,55
4233,Female,4.8,77,58,72,85,21,Yes,No,5.9,63
4234,Female,2.5,82,84,57,70,28,Yes,No,6.5,77
4235,Female,7.3,84,68,86,92,28,Yes,Yes,7.5,78
4236,Male,9.9,99,81,81,63,18,Yes,No,6.0,77
4237,Male,1.5,89,64,92,84,21,Yes,No,6.1,71
4238,Male,9.9,59,34,77,61,28,No,No,7.4,62
4239,Male,3.9,88,66,64,32,28,Yes,No,7.5,66
4240,Male,1.5,93,81,77,32,26,Yes,Yes,6.7,70
4241,Male,7.8,91,68,86,98,22,Yes,No,5.2,78
4242,Female,9.3,70,93,54,59,21,Yes,No,7.3,84
4243,Female,2.0,91,50,58,68,22,Yes,Yes,6.2,54
4244,Male,8.4,77,70,75,74,10,Yes,Yes,5.0,68
4245,Male,3.6,72,82,80,76,17,Yes,Yes,7.8,70
4246,Male,8.1,70,57,41,64,17,Yes,No,7.2,62
4247,Female,6.7,61,60,70,60,26,Yes,Yes,4.5,66
4248,Male,3.9,56,76,87,69,25,Yes,No,5.9,68
4249,Male,9.9,66,58,87,78,29,No,No,6.1,78
4250,Female,3.0,71,84,55,41,29,Yes,No,6.3,61
4251,Male,4.4,73,74,82,55,26,Yes,No,6.5,72
4252,Female,7.7,84,94,55,58,27,Yes,No,7.4,80
4253,Male,4.3,58,46,84,34,23,Yes,Yes,8.0,60
4254,Male,3.2,65,57,72,38,29,Yes,No,7.3,65
4255,Male,6.5,78,76,95,66,26,Yes,Yes,6.2,78
4256,Female,7.0,82,57,74,57,21,Yes,No,7.6,67
4257,Male,6.9,90,81,64,53,22,Yes,Yes,7.6,70
4258,Female,6.7,79,86,100,51,29,Yes,No,7.9,80
4259,Male,1.4,88,59,41,77,19,Yes,No,4.8,59
4260,Male,6.0,78,70,75,83,21,No,No,7.1,77
4261,Male,9.1,63,63,57,97,24,Yes,Yes,5.9,72
4262,Female,3.1,78,60,99,51,16,Yes,Yes,7.5,63
4263,Male,1.2,80,80,87,79,30,Yes,No,7.5,74
4264,Male,7.9,87,73,78,46,30,Yes,Yes,6.8,80
4265,Female,6.3,82,60,85,58,27,Yes,No,4.2,71
4266,Male,2.5,75,71,85,42,21,Yes,Yes,7.3,70
4267,Male,7.2,69,36,87,54,22,Yes,No,7.8,59
4268,Female,1.8,98,68,58,78,23,Yes,Yes,6.3,65
4269,Female,6.9,64,54,57,51,17,Yes,No,7.4,59
4270,Female,4.3,70,58,72,56,21,Yes,No,7.1,64
4271,Male,9.5,84,36,85,54,28,Yes,Yes,7.4,68
4272,Female,6.9,90,51,85,41,15,Yes,Yes,6.5,58
4273,Male,5.6,86,71,67,78,17,Yes,Yes,7.6,72
4274,Male,4.6,65,35,56,88,30,Yes,No,7.5,66
4275,Male,4.0,82,35,85,97,26,Yes,Yes,6.1,64
4276,Female,3.7,97,53,98,96,12,Yes,No,5.8,70
4277,Male,7.0,71,68,83,68,25,Yes,No,6.6,77
4278,Male,6.0,77,66,54,75,11,Yes,Yes,6.1,60
4279,Male,9.6,88,33,74,84,17,Yes,Yes,7.8,66
4280,Female,7.3,96,95,51,85,23,Yes,Yes,6.7,82
4281,Male,7.8,69,69,86,64,19,Yes,Yes,5.8,67
4282,Male,5.0,93,77,58,41,17,Yes,No,7.1,64
4283,Female,7.6,82,48,77,89,25,No,No,5.9,64
4284,Female,4.5,86,61,87,54,30,No,Yes,5.3,73
4285,Male,2.0,67,63,85,97,26,Yes,No,6.3,66
4286,Male,5.5,90,54,88,57,29,Yes,No,7.1,76
4287,Male,5.3,68,80,63,44,19,Yes,Yes,5.3,62
4288,Female,7.5,81,63,79,83,23,Yes,Yes,7.9,74
4289,Male,9.7,90,88,79,40,19,No,Yes,6.1,73
4290,Male,2.7,66,31,81,50,19,Yes,No,6.1,49
4291,Male,2.3,59,68,81,59,15,Yes,No,6.1,63
4292,Male,1.3,84,70,66,76,17,No,No,5.6,54
4293,Male,7.9,89,63,94,33,11,Yes,Yes,6.9,67
4294,Male,6.1,93,51,82,67,16,Yes,Yes,5.7,64
4295,Female,9.2,91,58,75,77,21,No,No,5.2,67
4296,Female,9.3,86,68,56,87,16,Yes,No,6.0,67
4297,Male,3.7,92,74,76,71,15,Yes,No,7.2,72
4298,Male,7.2,65,38,58,50,21,Yes,No,7.7,54
4299,Male,8.1,81,65,76,50,24,Yes,Yes,7.7,68
4300,Female,9.5,78,41,83,63,21,Yes,No,5.1,68
4301,Male,6.3,90,59,41,60,22,Yes,No,4.8,62
4302,Male,2.6,77,31,85,88,23,No,Yes,7.6,59
4303,Female,5.1,80,51,52,70,27,Yes,No,4.7,63
4304,Male,6.0,61,53,82,86,25,Yes,Yes,7.3,67
4305,Female,7.0,64,56,88,70,10,Yes,Yes,6.5,64
4306,Male,2.0,52,80,78,41,20,Yes,Yes,7.7,65
4307,Female,4.7,68,61,92,80,21,Yes,Yes,5.2,69
4308,Female,2.6,80,38,88,37,25,Yes,Yes,4.3,56
4309,Male,2.8,81,69,57,71,21,Yes,Yes,7.0,70
4310,Female,3.6,50,95,48,98,27,Yes,Yes,5.4,74
4311,Male,6.2,86,68,41,75,13,Yes,Yes,6.8,58
4312,Male,7.8,58,77,73,63,24,Yes,Yes,6.4,73
4313,Female,6.3,85,65,88,37,25,Yes,Yes,7.7,76
4314,Female,2.6,75,80,64,73,15,Yes,No,5.6,60
4315,Female,7.9,69,76,80,81,13,Yes,Yes,5.6,68
4316,Female,5.5,80,31,70,31,25,Yes,Yes,6.4,55
4317,Female,3.1,90,82,87,83,21,Yes,No,7.9,76
4318,Male,8.5,89,74,66,60,21,Yes,No,6.9,69
4319,Male,1.5,77,90,55,91,30,Yes,No,6.7,79
4320,Female,5.9,78,92,80,78,24,Yes,Yes,6.1,86
4321,Male,9.6,59,85,44,59,26,Yes,Yes,4.5,71
4322,Female,7.3,100,54,74,94,22,Yes,No,4.5,68
4323,Female,4.6,73,77,87,77,21,Yes,Yes,5.4,67
4324,Female,7.2,87,87,68,81,21,Yes,Yes,5.9,78
4325,Male,1.7,51,81,67,75,16,Yes,Yes,6.1,65
4326,Female,8.4,68,74,67,70,10,Yes,No,7.2,67
4327,Male,7.0,92,79,77,70,25,Yes,Yes,5.5,77
4328,Female,6.2,71,39,46,74,30,Yes,No,5.5,60
4329,Male,3.7,93,74,46,54,17,Yes,No,5.1,56
4330,Female,7.4,52,75,73,82,24,Yes,Yes,5.2,75
4331,Male,6.6,84,74,68,63,24,Yes,No,7.6,76
4332,Male,9.2,87,52,63,74,26,Yes,No,7.1,67
4333,Male,9.8,66,74,44,54,22,Yes,No,5.8,72
4334,Male,1.4,93,70,91,78,30,Yes,Yes,6.7,77
4335,Female,1.4,86,38,78,36,14,No,No,5.9,51
4336,Male,7.3,56,72,82,51,17,Yes,Yes,4.8,60
4337,Female,7.0,67,54,80,65,11,No,No,6.0,55
4338,Female,4.1,100,82,87,94,16,Yes,Yes,7.2,76
4339,Female,1.8,71,82,74,84,21,Yes,Yes,7.7,72
4340,Female,1.5,67,84,71,77,22,Yes,No,6.3,74
4341,Male,6.8,76,68,72,33,25,No,No,6.3,68
4342,Male,7.6,84,75,88,71,17,Yes,No,7.9,74
4343,Male,7.3,83,84,78,61,10,Yes,Yes,7.1,66
4344,Male,6.8,80,38,95,78,24,Yes,Yes,6.4,72
4345,Male,5.6,66,34,83,74,16,Yes,No,5.1,53
4346,Male,7.2,78,71,79,88,26,Yes,No,7.1,83
4347,Female,2.9,80,68,85,62,26,Yes,No,4.4,66
4348,Female,6.0,85,79,53,88,26,Yes,Yes,7.2,81
4349,Female,4.3,99,58,55,91,30,Yes,Yes,7.2,75
4350,Female,5.6,90,60,84,80,25,Yes,No,5.4,72
4351,Male,2.7,96,75,70,85,24,Yes,No,7.0,72
4352,Female,5.4,80,68,72,41,24,Yes,Yes,7.3,66
4353,Male,6.8,50,88,81,85,22,No,No,4.5,76
4354,Male,7.6,100,65,79,72,27,Yes,No,7.8,78
4355,Female,1.1,91,36,85,66,20,Yes,Yes,8.0,56
4356,Male,1.9,97,64,58,53,16,Yes,Yes,6.5,57
4357,Male,9.8,80,50,86,35,27,Yes,Yes,5.7,68
4358,Female,7.9,55,42,59,82,29,Yes,No,5.6,59
4359,Male,6.5,92,50,85,68,22,Yes,Yes,6.4,69
4360,Male,9.9,87,56,55,58,26,Yes,Yes,6.1,66
4361,Female,4.2,97,78,69,96,24,Yes,No,5.9,73
4362,Female,4.5,89,62,77,70,24,Yes,Yes,7.0,65
4363,Male,1.7,72,72,90,33,22,Yes,Yes,6.8,57
4364,Female,7.4,73,75,56,75,27,Yes,Yes,6.8,70
4365,Female,5.9,80,51,49,88,26,No,No,7.0,65
4366,Male,5.4,59,75,60,36,26,Yes,No,7.4,71
4367,Male,7.4,51,77,73,35,24,Yes,Yes,5.3,64
4368,Male,6.0,89,81,60,82,13,Yes,No,7.0,70
4369,Male,5.7,71,79,50,82,19,Yes,No,6.2,69
4370,Male,1.2,79,57,73,79,25,Yes,Yes,7.5,66
4371,Male,1.7,71,86,85,46,26,Yes,Yes,6.6,70
4372,Male,8.0,75,67,74,90,16,Yes,Yes,7.4,68
4373,Female,3.0,85,59,74,53,28,Yes,Yes,7.1,71
4374,Male,5.5,75,62,97,31,24,Yes,No,7.6,72
4375,Female,6.6,97,33,73,89,24,Yes,No,7.5,62
4376,Female,1.8,73,90,55,34,26,Yes,Yes,6.8,62
4377,Male,4.0,80,43,70,74,16,Yes,Yes,6.9,57
4378,Female,2.0,96,38,86,77,18,Yes,Yes,6.8,57
4379,Female,5.1,89,46,81,50,27,Yes,No,6.6,66
4380,Female,1.4,88,68,75,75,26,Yes,Yes,6.4,67
4381,Male,9.8,91,31,42,56,24,Yes,No,5.6,65
4382,Male,2.4,91,78,49,53,27,Yes,Yes,7.8,71
4383,Male,8.8,80,94,100,71,12,Yes,No,6.4,79
4384,Female,6.5,77,46,63,80,11,Yes,No,7.8,62
4385,Male,3.3,89,90,86,85,22,Yes,Yes,5.3,80
4386,Female,2.2,97,30,72,100,23,No,No,6.5,60
4387,Female,6.1,99,78,62,89,21,Yes,No,7.3,74
4388,Male,3.1,80,75,75,58,18,Yes,Yes,6.6,65
4389,Male,7.7,81,41,56,93,29,Yes,No,5.9,71
4390,Male,3.1,82,51,51,84,19,Yes,Yes,5.6,58
4391,Female,2.0,81,59,66,71,25,Yes,No,6.8,59
4392,Female,7.9,90,82,73,70,25,No,Yes,5.0,75
4393,Female,5.4,65,42,78,59,24,No,No,4.3,58
4394,Female,6.2,73,79,74,87,25,Yes,No,7.9,78
4395,Female,6.6,76,49,72,56,22,No,No,7.4,69
4396,Female,6.8,77,84,79,100,26,No,No,8.0,80
4397,Male,6.2,85,52,44,62,20,Yes,No,6.2,60
4398,Male,4.5,88,37,51,85,17,No,Yes,6.3,60
4399,Female,1.1,95,95,86,40,24,Yes,No,6.9,79
4400,Male,8.7,100,72,66,85,25,Yes,No,6.7,78
4401,Female,5.3,70,80,80,57,17,Yes,Yes,7.7,70
4402,Male,8.2,68,68,84,97,17,Yes,No,6.2,75
4403,Male,9.3,61,39,86,31,11,No,No,7.1,54
4404,Female,3.1,75,39,46,83,22,Yes,No,7.1,56
4405,Female,6.3,85,61,85,64,19,Yes,Yes,4.0,67
4406,Male,7.8,84,90,55,97,17,Yes,Yes,6.4,69
4407,Male,5.7,83,50,71,80,12,No,Yes,6.6,62
4408,Male,8.8,64,76,61,85,28,No,Yes,7.3,79
4409,Female,9.7,69,95,69,85,20,Yes,No,5.9,79
4410,Female,5.5,76,82,79,70,10,Yes,Yes,6.5,73
4411,Female,7.0,83,52,48,80,24,Yes,Yes,7.6,65
4412,Female,6.3,78,79,52,59,25,Yes,No,7.5,70
4413,Female,6.2,89,55,74,78,12,Yes,Yes,6.8,69
4414,Female,5.3,66,72,73,81,19,Yes,Yes,7.3,67
4415,Female,4.4,90,75,50,64,12,Yes,Yes,7.6,60
4416,Male,6.8,67,56,83,43,25,Yes,Yes,7.5,66
4417,Male,5.4,84,73,57,79,21,Yes,No,5.2,70
4418,Female,6.0,85,64,69,51,27,Yes,No,6.4,69
4419,Male,6.1,86,32,88,77,30,Yes,No,5.1,63
4420,Male,9.3,81,82,57,74,18,Yes,Yes,7.4,73
4421,Female,1.0,67,50,52,71,18,Yes,No,5.3,49
4422,Male,3.0,72,62,99,76,10,Yes,Yes,7.4,62
4423,Male,7.1,90,70,67,65,25,Yes,Yes,6.3,74
4424,Male,8.3,56,38,91,77,23,Yes,Yes,7.8,68
4425,Male,6.9,85,32,65,70,23,No,Yes,6.8,56
4426,Female,7.2,73,89,78,83,20,Yes,Yes,4.5,79
4427,Female,6.2,73,80,65,71,26,Yes,Yes,5.3,74
4428,Female,7.7,53,90,86,47,29,Yes,No,5.4,81
4429,Female,9.7,81,62,74,65,25,No,Yes,6.6,75
4430,Female,7.2,65,42,53,85,22,Yes,Yes,7.3,66
4431,Male,6.4,80,47,63,76,21,Yes,Yes,6.1,64
4432,Female,5.7,89,94,70,54,28,No,No,7.4,83
4433,Male,3.3,60,85,72,68,13,Yes,Yes,6.8,66
4434,Female,9.7,72,45,87,36,15,Yes,No,7.3,60
4435,Female,5.0,72,81,41,82,16,Yes,No,7.2,72
4436,Male,7.3,59,71,74,66,30,Yes,Yes,6.7,77
4437,Female,7.6,83,31,53,81,25,Yes,Yes,7.5,65
4438,Male,6.8,93,77,41,60,27,Yes,Yes,5.0,66
4439,Male,8.8,91,74,72,86,16,No,No,6.2,70
4440,Female,7.0,62,68,87,48,14,No,Yes,7.1,65
4441,Female,3.4,93,42,62,67,27,Yes,Yes,5.3,61
4442,Male,8.5,66,89,94,46,24,Yes,Yes,7.6,77
4443,Female,5.4,71,53,52,48,21,Yes,No,6.2,57
4444,Male,4.1,64,72,77,58,26,No,Yes,5.6,72
4445,Female,5.3,94,81,91,61,25,No,Yes,7.2,80
4446,Female,8.3,87,89,68,83,29,Yes,No,6.8,81
4447,Female,6.6,57,74,80,52,22,Yes,No,6.5,68
4448,Female,2.5,87,48,55,81,15,Yes,No,7.2,54
4449,Female,4.3,84,68,75,75,21,Yes,Yes,7.6,69
4450,Female,6.3,83,78,65,63,26,Yes,No,6.5,72
4451,Male,1.2,81,59,87,73,29,Yes,No,7.3,68
4452,Female,7.6,76,57,63,70,26,Yes,Yes,5.0,64
4453,Male,6.6,86,34,75,62,24,Yes,No,6.3,61
4454,Male,7.0,70,63,46,78,20,Yes,Yes,5.6,62
4455,Female,9.6,55,68,76,66,28,No,No,6.1,66
4456,Male,7.9,87,80,41,36,24,Yes,Yes,6.3,73
4457,Male,6.0,77,58,81,94,16,Yes,No,7.8,72
4458,Male,8.4,85,57,63,85,21,Yes,Yes,5.5,68
4459,Male,5.7,86,81,42,85,29,Yes,No,7.4,76
4460,Male,6.7,91,64,88,76,29,Yes,Yes,6.0,74
4461,Male,7.9,50,51,99,99,21,Yes,No,7.4,78
4462,Female,1.6,67,78,73,95,17,Yes,No,7.3,74
4463,Male,6.7,78,80,77,44,22,Yes,Yes,6.3,71
4464,Female,6.0,71,37,86,37,23,Yes,No,5.5,60
4465,Female,8.4,88,69,76,78,23,Yes,No,6.1,76
4466,Male,6.4,87,55,81,58,26,Yes,Yes,5.6,64
4467,Male,7.8,82,45,79,78,18,Yes,Yes,5.7,63
4468,Female,5.4,52,81,85,83,25,Yes,No,6.8,76
4469,Male,1.7,82,68,72,75,23,Yes,Yes,6.9,65
4470,Male,8.7,51,76,85,99,21,Yes,Yes,5.6,76
4471,Male,2.6,81,68,84,84,22,Yes,Yes,7.3,70
4472,Female,6.0,77,73,60,75,25,Yes,Yes,5.7,70
4473,Male,3.0,100,71,79,83,21,Yes,Yes,7.9,73
4474,Male,7.5,90,51,83,76,21,Yes,Yes,4.3,64
4475,Female,2.5,65,90,86,44,10,Yes,No,7.9,61
4476,Male,8.9,92,80,71,78,25,Yes,No,6.2,76
4477,Female,6.8,87,82,50,63,21,No,Yes,7.5,74
4478,Male,6.7,85,71,75,50,21,Yes,No,6.6,62
4479,Male,3.8,89,69,76,47,16,Yes,No,6.1,65
4480,Male,6.1,88,33,45,56,21,Yes,No,5.8,57
4481,Male,5.6,85,51,65,71,16,Yes,Yes,7.3,60
4482,Male,5.3,73,50,73,59,21,Yes,Yes,7.4,54
4483,Male,7.9,70,76,73,100,27,Yes,No,6.6,80
4484,Male,5.1,84,70,88,46,14,No,No,4.3,61
4485,Female,6.2,60,70,42,45,14,Yes,No,5.3,51
4486,Male,7.3,63,63,80,55,30,Yes,No,4.8,68
4487,Female,6.7,90,56,54,73,26,Yes,Yes,5.9,72
4488,Female,5.9,69,70,59,74,26,Yes,No,4.1,70
4489,Male,6.3,92,68,72,71,22,Yes,Yes,6.8,69
4490,Male,5.9,70,79,68,52,26,Yes,Yes,7.0,66
4491,Female,5.6,81,64,80,99,12,Yes,No,6.4,67
4492,Female,7.1,85,68,70,68,27,Yes,Yes,4.9,71
4493,Female,4.5,97,48,73,73,16,No,Yes,5.7,62
4494,Female,1.7,96,73,86,63,17,No,No,4.4,62
4495,Female,1.5,78,34,81,51,21,Yes,Yes,5.6,53
4496,Female,7.5,63,89,84,52,29,Yes,No,5.6,84
4497,Male,6.6,88,78,84,95,10,No,No,7.2,75
4498,Female,2.4,90,60,65,68,21,No,No,5.3,61
4499,Male,7.9,58,43,52,80,25,Yes,Yes,6.9,63
4500,Female,6.7,97,64,81,54,24,Yes,Yes,6.8,70
4501,Male,1.7,96,90,71,56,18,Yes,Yes,6.1,71
4502,Female,6.2,68,82,72,80,26,Yes,Yes,7.9,76
4503,Female,7.0,51,59,40,52,24,No,Yes,7.3,60
4504,Male,2.8,76,65,51,54,21,Yes,No,7.1,59
4505,Female,7.4,83,74,83,66,30,No,Yes,7.0,78
4506,Male,2.7,57,87,49,73,19,Yes,No,6.5,60
4507,Male,4.2,76,38,70,51,20,No,Yes,7.5,56
4508,Female,7.3,89,81,43,74,25,Yes,No,7.6,75
4509,Female,3.6,65,70,94,41,21,Yes,No,7.3,67
4510,Female,7.3,77,58,78,65,21,Yes,Yes,6.4,66
4511,Male,6.1,72,49,74,48,27,Yes,Yes,6.1,67
4512,Female,3.6,81,69,61,72,19,Yes,No,8.0,63
4513,Female,7.9,74,64,80,80,29,No,No,4.1,80
4514,Male,3.5,90,64,61,65,21,Yes,No,6.2,58
4515,Male,8.9,77,60,85,72,21,No,Yes,6.8,74
4516,Male,9.5,80,73,99,40,22,No,Yes,6.1,75
4517,Female,6.9,86,36,77,80,26,Yes,No,6.2,64
4518,Female,5.2,86,68,48,31,20,Yes,No,5.8,59
4519,Male,6.6,55,46,97,77,25,Yes,Yes,6.6,72
4520,Male,7.9,66,90,81,70,18,Yes,No,7.5,70
4521,Female,6.1,82,84,67,42,10,Yes,Yes,7.4,65
4522,Female,9.0,80,37,75,44,10,Yes,Yes,6.0,46
4523,Female,7.1,89,68,81,52,17,Yes,Yes,7.2,65
4524,Male,3.6,84,70,55,66,18,Yes,Yes,6.2,67
4525,Female,7.1,92,78,77,82,10,Yes,No,6.7,69
4526,Male,3.6,86,50,45,55,19,Yes,Yes,5.1,49
4527,Female,3.5,65,62,88,77,25,No,Yes,7.3,69
4528,Male,6.6,100,32,76,83,17,Yes,No,6.8,68
4529,Female,4.9,81,68,82,75,26,No,No,6.5,68
4530,Female,6.3,68,91,78,77,10,Yes,No,7.3,68
4531,Female,9.3,76,68,74,55,22,Yes,No,6.3,75
4532,Female,6.6,86,34,74,60,25,Yes,Yes,7.5,69
4533,Male,4.5,85,79,43,85,23,Yes,No,7.9,71
4534,Female,9.5,62,82,58,82,27,Yes,No,6.1,74
4535,Male,7.2,82,85,63,52,10,Yes,No,7.6,72
4536,Female,4.5,89,57,70,34,18,Yes,Yes,6.7,63
4537,Male,5.3,65,69,72,62,22,Yes,Yes,6.2,68
4538,Male,2.4,74,54,86,75,29,Yes,No,6.4,66
4539,Female,5.4,87,71,95,85,22,Yes,Yes,6.5,76
4540,Female,7.9,65,30,71,78,11,Yes,No,7.3,54
4541,Female,1.2,99,37,83,98,20,Yes,No,4.5,61
4542,Male,4.1,87,74,63,61,12,Yes,No,6.3,65
4543,Male,6.7,90,68,65,84,30,Yes,No,7.7,81
4544,Male,7.0,94,77,90,34,18,Yes,No,6.9,67
4545,Female,7.2,76,88,86,50,16,No,Yes,6.6,76
4546,Female,7.5,87,51,89,58,22,Yes,No,6.2,69
4547,Female,8.2,89,60,64,95,24,Yes,No,7.8,78
4548,Female,3.2,93,52,52,86,25,Yes,Yes,5.7,68
4549,Female,3.4,70,81,55,89,13,Yes,Yes,5.5,60
4550,Female,6.4,85,44,55,67,23,Yes,Yes,7.3,62
4551,Male,6.3,90,68,94,68,11,Yes,No,7.4,67
4552,Male,5.0,67,78,88,78,24,Yes,Yes,7.1,71
4553,Female,6.7,60,87,95,72,21,Yes,No,6.5,78
4554,Male,9.1,67,34,55,83,28,Yes,Yes,7.2,73
4555,Female,8.6,82,81,86,61,19,Yes,Yes,5.6,69
4556,Male,7.2,81,70,47,94,16,Yes,No,5.2,66
4557,Female,5.0,86,95,84,85,21,Yes,Yes,5.8,81
4558,Female,6.5,88,56,62,32,26,Yes,No,7.7,64
4559,Female,7.2,79,59,83,87,29,Yes,No,7.7,78
4560,Male,8.0,78,55,55,62,21,Yes,No,6.0,59
4561,Male,6.2,83,74,76,45,22,Yes,Yes,5.4,68
4562,Female,3.7,76,49,100,83,17,Yes,No,7.5,63
4563,Male,6.3,68,70,79,77,21,Yes,No,5.2,63
4564,Female,7.7,89,77,55,99,17,Yes,No,6.8,78
4565,Female,7.8,87,39,56,50,26,Yes,Yes,5.1,63
4566,Male,6.6,90,82,53,75,21,Yes,No,7.3,73
4567,Male,2.8,85,75,73,85,23,Yes,No,6.5,72
4568,Male,7.7,75,76,88,50,29,Yes,No,6.6,80
4569,Male,7.7,81,54,97,88,22,Yes,Yes,7.9,76
4570,Male,6.0,59,50,80,80,22,No,Yes,4.8,66
4571,Female,2.6,82,33,88,51,11,Yes,Yes,6.3,48
4572,Male,9.2,57,89,87,52,20,Yes,Yes,5.8,78
4573,Female,7.0,68,80,81,80,20,Yes,Yes,6.0,75
4574,Female,7.5,99,71,83,49,24,No,Yes,7.5,75
4575,Female,6.7,65,60,57,62,16,No,No,6.6,56
4576,Male,6.9,88,77,79,56,26,Yes,Yes,7.2,77
4577,Male,6.0,93,37,88,84,21,Yes,No,5.6,63
4578,Male,4.2,96,78,98,72,26,Yes,Yes,7.0,77
4579,Male,4.9,86,76,52,30,29,Yes,Yes,5.6,63
4580,Female,6.2,86,55,45,85,14,Yes,Yes,5.3,56
4581,Male,2.6,89,68,88,85,23,Yes,Yes,6.6,78
4582,Male,3.4,71,77,51,80,21,Yes,No,6.3,70
4583,Male,3.8,86,72,88,40,29,Yes,No,6.8,77
4584,Female,6.1,63,68,65,82,23,No,Yes,6.3,65
4585,Female,4.7,82,91,52,55,21,Yes,Yes,4.5,67
4586,Male,1.3,86,85,41,49,18,Yes,Yes,7.5,57
4587,Male,6.0,86,78,89,98,23,Yes,No,7.3,79
4588,Female,5.0,75,94,54,70,21,Yes,No,7.3,70
4589,Female,7.1,80,75,56,72,12,Yes,No,5.0,67
4590,Female,6.2,54,83,87,64,20,Yes,No,5.6,69
4591,Male,7.8,65,78,75,58,17,No,No,7.5,73
4592,Female,7.9,89,63,78,78,21,Yes,Yes,6.4,74
4593,Female,1.1,77,55,75,33,14,Yes,Yes,7.0,58
4594,Female,7.8,85,55,57,80,24,Yes,No,5.6,64
4595,Male,7.4,80,95,87,50,16,Yes,No,7.8,79
4596,Female,6.6,100,67,46,80,21,Yes,No,6.9,73
4597,Female,8.9,99,73,88,81,26,Yes,No,7.6,81
4598,Male,5.0,98,68,72,70,22,Yes,Yes,7.6,74
4599,Female,6.5,65,63,63,50,16,Yes,No,6.6,60
4600,Female,4.3,97,62,84,55,21,Yes,No,5.8,65
4601,Male,7.5,90,84,98,85,21,Yes,Yes,7.9,81
4602,Female,6.8,75,58,62,75,21,Yes,No,5.6,63
4603,Female,1.2,87,52,58,96,19,Yes,No,6.7,67
4604,Male,4.7,82,78,73,75,21,Yes,Yes,7.5,72
4605,Male,3.3,78,84,58,60,15,Yes,Yes,7.9,67
4606,Male,7.2,83,85,40,45,16,Yes,Yes,7.4,62
4607,Male,4.6,79,56,72,91,29,Yes,No,6.2,69
4608,Male,2.5,64,58,78,59,29,Yes,Yes,7.0,69
4609,Female,6.2,99,71,45,76,12,No,No,6.8,60
4610,Male,4.9,75,87,68,59,14,No,No,6.6,65
4611,Female,6.4,82,36,56,80,27,Yes,Yes,7.2,64
4612,Male,3.7,88,39,84,56,25,Yes,No,5.0,60
4613,Male,4.5,90,50,87,54,22,Yes,No,6.0,63
4614,Female,8.9,80,70,80,68,25,Yes,Yes,6.4,77
4615,Female,6.8,81,77,57,51,23,Yes,Yes,5.6,70
4616,Male,2.7,96,78,87,55,22,Yes,No,7.9,74
4617,Female,5.4,70,76,76,78,17,Yes,No,6.7,66
4618,Female,9.7,87,70,56,99,19,No,Yes,5.6,73
4619,Female,9.8,80,75,79,68,16,Yes,Yes,6.2,76
4620,Male,9.7,84,84,55,77,16,Yes,Yes,6.3,76
4621,Male,1.9,87,68,98,70,16,Yes,No,7.5,63
4622,Male,9.7,86,90,88,58,28,Yes,Yes,5.7,85
4623,Female,1.0,82,39,73,85,20,Yes,No,5.6,50
4624,Female,7.0,60,52,76,69,17,No,No,7.5,63
4625,Female,1.1,62,39,78,78,12,Yes,Yes,6.9,56
4626,Male,6.7,67,30,74,50,10,Yes,No,5.1,44
4627,Female,4.8,61,77,87,72,24,Yes,Yes,6.3,70
4628,Female,8.0,69,51,86,69,28,No,No,7.7,75
4629,Female,7.5,70,64,83,82,21,Yes,Yes,6.7,68
4630,Male,1.4,98,53,69,50,27,Yes,No,5.5,59
4631,Female,8.4,99,81,69,57,30,Yes,No,7.8,83
4632,Female,4.6,87,62,74,97,30,Yes,Yes,5.7,74
4633,Male,2.6,90,88,62,83,21,Yes,Yes,6.1,71
4634,Female,4.1,67,50,55,97,24,Yes,Yes,7.5,67
4635,Male,8.2,90,64,72,45,18,Yes,Yes,5.0,66
4636,Male,8.0,89,71,71,84,15,Yes,No,5.6,71
4637,Male,6.9,84,73,82,73,14,No,No,7.8,70
4638,Female,6.8,60,86,54,84,21,Yes,Yes,6.7,74
4639,Female,5.6,90,75,88,52,22,Yes,No,4.7,70
4640,Male,8.8,87,78,82,100,23,Yes,No,6.3,84
4641,Male,9.1,99,86,56,36,17,Yes,No,4.9,66
4642,Male,8.5,65,75,86,96,22,No,Yes,5.6,77
4643,Female,8.6,89,90,58,76,21,Yes,Yes,4.4,73
4644,Male,8.8,68,36,88,68,14,Yes,Yes,7.0,60
4645,Female,9.9,70,92,56,60,22,Yes,No,5.5,72
4646,Female,7.0,71,79,72,96,23,Yes,Yes,6.7,74
4647,Female,6.7,88,88,59,64,15,Yes,Yes,5.2,69
4648,Female,4.7,55,39,88,85,10,Yes,Yes,6.1,55
4649,Male,6.2,82,65,77,72,24,Yes,No,6.9,74
4650,Female,2.3,65,68,99,71,28,No,Yes,7.4,71
4651,Female,7.5,60,60,78,78,18,Yes,Yes,6.7,68
4652,Male,1.5,88,38,51,60,25,Yes,Yes,7.8,57
4653,Female,4.9,68,70,75,55,30,Yes,Yes,6.5,72
4654,Female,7.7,71,81,88,60,16,Yes,No,6.3,69
4655,Female,3.7,89,68,44,81,30,Yes,Yes,6.6,71
4656,Male,7.5,60,36,87,55,21,Yes,Yes,7.0,61
4657,Male,8.0,81,68,79,63,23,Yes,No,7.3,73
4658,Female,8.6,89,39,44,71,16,Yes,Yes,6.1,51
4659,Female,6.5,71,82,75,85,10,Yes,Yes,7.1,70
4660,Male,9.1,85,88,90,59,17,No,No,5.7,83
4661,Female,4.1,70,35,98,63,21,Yes,Yes,7.1,59
4662,Male,8.2,80,93,75,84,25,Yes,Yes,7.7,82
4663,Female,9.7,67,84,41,73,29,Yes,Yes,5.5,77
4664,Male,5.3,61,71,54,85,14,Yes,No,5.8,63
4665,Male,5.3,88,75,79,75,22,Yes,No,6.6,77
4666,Male,6.5,87,67,70,84,22,Yes,No,6.1,68
4667,Female,7.3,99,75,100,66,25,No,No,5.4,81
4668,Female,2.0,66,36,71,73,24,Yes,Yes,4.1,56
4669,Male,9.3,65,73,83,80,11,Yes,Yes,6.3,69
4670,Male,5.6,84,80,53,75,27,Yes,No,6.5,75
4671,Female,4.0,65,79,77,79,27,Yes,No,6.6,77
4672,Female,4.6,84,72,69,72,10,Yes,Yes,7.8,66
4673,Male,7.3,76,83,64,31,22,Yes,No,6.8,65
4674,Male,4.6,81,80,86,83,24,Yes,Yes,6.0,79
4675,Female,6.7,58,54,89,54,26,Yes,Yes,5.8,66
4676,Male,3.4,72,82,71,74,25,Yes,Yes,7.8,74
4677,Male,6.5,88,49,60,40,24,Yes,Yes,4.1,58
4678,Male,3.7,87,67,79,63,22,Yes,No,5.6,66
4679,Female,10.0,78,46,49,78,16,Yes,No,5.1,64
4680,Male,9.6,53,65,42,73,22,Yes,Yes,6.4,66
4681,Male,5.2,84,68,58,84,23,Yes,Yes,5.4,65
4682,Female,9.4,82,61,72,38,21,Yes,No,6.9,65
4683,Female,4.9,57,51,84,77,22,Yes,Yes,7.6,66
4684,Female,3.8,85,71,66,85,16,Yes,No,7.3,71
4685,Male,7.4,51,41,48,72,26,Yes,Yes,7.6,63
4686,Female,4.7,56,71,84,61,12,Yes,No,7.1,59
4687,Female,2.8,76,83,58,78,12,No,Yes,6.4,70
4688,Female,6.4,65,58,40,79,25,Yes,Yes,6.7,65
4689,Male,6.6,55,69,42,76,20,Yes,Yes,7.4,68
4690,Female,6.3,80,60,87,51,22,Yes,Yes,6.6,67
4691,Male,5.9,88,81,65,85,18,No,Yes,5.0,73
4692,Female,3.1,78,86,87,72,20,Yes,No,6.4,75
4693,Male,7.7,85,70,42,72,21,Yes,Yes,6.2,71
4694,Female,5.9,85,79,63,73,23,Yes,Yes,7.2,77
4695,Female,1.2,70,90,56,75,12,Yes,No,6.3,64
4696,Female,9.8,95,36,76,60,16,Yes,No,7.7,62
4697,Male,2.1,90,81,58,61,24,No,No,6.6,66
4698,Female,7.1,98,76,88,60,30,Yes,No,6.2,81
4699,Female,8.7,56,51,79,83,29,No,Yes,7.0,76
4700,Female,5.2,78,66,79,81,25,Yes,No,5.9,71
4701,Male,6.7,89,83,86,83,22,Yes,No,6.4,83
4702,Male,6.5,84,85,61,48,22,Yes,No,7.2,75
4703,Male,1.6,90,81,86,73,25,Yes,Yes,5.3,70
4704,Female,2.6,82,50,88,47,16,Yes,Yes,6.7,54
4705,Male,7.5,75,67,43,75,21,No,Yes,5.0,64
4706,Male,3.0,80,72,76,40,24,No,No,6.0,65
4707,Male,8.6,52,83,78,70,22,Yes,No,7.9,75
4708,Female,6.4,54,66,62,73,26,Yes,Yes,7.1,73
4709,Male,7.5,90,57,98,89,27,Yes,Yes,6.3,80
4710,Male,2.4,97,40,87,33,23,No,No,6.5,57
4711,Male,4.6,76,70,78,33,25,Yes,No,7.3,62
4712,Male,9.6,94,66,85,84,19,Yes,Yes,6.5,73
4713,Male,5.2,86,80,84,84,18,Yes,No,7.5,76
4714,Male,8.8,67,62,79,96,21,Yes,Yes,7.6,69
4715,Female,9.1,89,74,69,42,22,No,No,7.2,75
4716,Male,9.9,63,58,74,35,27,Yes,No,5.6,66
4717,Female,2.9,61,80,63,37,19,Yes,Yes,5.2,68
4718,Male,1.9,84,44,79,57,21,Yes,No,5.3,63
4719,Female,4.1,90,59,42,79,25,Yes,No,6.9,64
4720,Female,7.1,81,75,41,70,12,Yes,Yes,7.6,63
4721,Male,8.7,96,94,47,37,28,Yes,Yes,7.3,80
4722,Female,8.4,81,65,61,80,22,No,No,6.2,76
4723,Female,6.3,63,33,61,83,24,No,Yes,7.7,56
4724,Female,5.7,65,74,76,85,27,Yes,Yes,4.0,67
4725,Male,3.7,70,70,78,68,24,Yes,No,7.1,67
4726,Male,9.7,88,54,70,65,23,No,No,5.7,71
4727,Female,6.3,93,81,98,53,23,Yes,Yes,5.9,78
4728,Female,2.3,65,68,53,77,21,Yes,Yes,5.5,64
4729,Male,4.5,77,79,88,74,22,Yes,Yes,6.9,71
4730,Female,4.2,58,68,96,54,24,Yes,Yes,6.4,61
4731,Female,2.3,63,90,80,39,21,Yes,Yes,6.0,68
4732,Male,6.7,95,68,95,78,16,No,No,6.1,70
4733,Female,7.1,81,64,69,85,11,Yes,Yes,7.2,60
4734,Female,4.0,66,82,86,70,26,Yes,Yes,6.0,74
4735,Male,7.2,65,84,57,67,17,Yes,Yes,5.4,69
4736,Female,3.4,77,55,75,50,24,Yes,No,6.3,61
4737,Male,3.4,82,79,58,81,29,Yes,Yes,5.3,71
4738,Male,6.5,63,61,83,30,21,Yes,Yes,7.1,62
4739,Female,7.6,56,54,72,81,18,Yes,Yes,5.6,62
4740,Female,7.9,66,75,86,71,27,Yes,No,6.1,73
4741,Female,1.8,72,62,97,85,26,No,No,7.7,70
4742,Female,4.2,78,68,60,63,17,Yes,Yes,6.7,63
4743,Male,6.9,58,65,65,58,16,Yes,Yes,5.7,61
4744,Female,8.5,67,31,59,47,21,Yes,Yes,6.8,56
4745,Male,9.2,89,63,86,94,22,Yes,Yes,7.2,76
4746,Female,4.4,76,66,91,32,22,Yes,Yes,4.9,62
4747,Male,7.6,84,88,58,75,24,Yes,Yes,5.8,70
4748,Female,9.2,71,63,64,71,26,Yes,Yes,6.5,73
4749,Male,7.1,93,83,66,70,12,Yes,Yes,6.5,74
4750,Female,5.0,84,68,57,86,26,No,Yes,5.0,66
4751,Female,5.8,69,52,97,71,20,No,No,5.4,64
4752,Male,2.4,87,77,66,34,21,No,Yes,7.6,64
4753,Male,5.4,100,46,95,98,24,Yes,Yes,6.1,77
4754,Male,5.9,55,74,59,85,22,Yes,Yes,6.6,68
4755,Female,6.0,56,59,77,43,26,Yes,No,4.8,60
4756,Female,1.8,91,69,83,56,21,Yes,No,6.5,59
4757,Female,6.5,80,66,66,41,22,Yes,Yes,5.1,63
4758,Female,7.6,86,74,61,57,21,Yes,Yes,6.3,75
4759,Female,3.3,57,75,49,90,23,Yes,Yes,4.3,65
4760,Female,8.8,84,70,63,79,21,Yes,Yes,6.1,73
4761,Male,3.3,86,30,80,81,21,Yes,Yes,6.5,60
4762,Female,7.1,80,49,78,64,25,Yes,No,6.8,68
4763,Male,8.8,89,80,82,82,28,Yes,No,7.4,82
4764,Female,8.2,68,46,96,62,21,Yes,No,7.2,70
4765,Male,3.0,85,87,82,76,16,Yes,Yes,5.4,70
4766,Male,5.7,100,51,84,56,19,Yes,No,4.1,62
4767,Male,2.0,90,49,63,90,22,Yes,No,6.9,60
4768,Male,1.9,86,51,72,80,22,Yes,Yes,7.1,67
4769,Female,3.9,88,89,82,60,16,Yes,Yes,7.7,74
4770,Female,6.0,81,73,76,61,30,Yes,Yes,7.1,74
4771,Male,4.1,80,75,48,58,18,Yes,Yes,6.9,65
4772,Female,2.1,99,59,70,71,25,No,Yes,6.7,65
4773,Male,9.3,84,54,44,88,22,Yes,No,5.1,64
4774,Male,7.4,90,74,72,55,22,Yes,Yes,6.0,69
4775,Male,1.5,87,39,69,34,24,Yes,No,7.1,48
4776,Male,6.8,80,79,86,54,25,No,Yes,7.8,78
4777,Female,3.7,77,61,75,78,22,Yes,No,6.7,61
4778,Female,5.5,53,60,57,53,10,Yes,Yes,7.9,50
4779,Female,8.0,50,42,96,91,17,Yes,No,6.1,59
4780,Male,7.8,88,76,61,94,20,No,Yes,4.9,74
4781,Male,5.5,65,55,72,66,29,Yes,Yes,6.5,67
4782,Male,8.6,96,80,72,97,23,Yes,No,7.8,82
4783,Female,6.2,84,76,84,70,24,Yes,Yes,5.3,71
4784,Female,9.6,55,89,60,54,24,Yes,No,7.3,71
4785,Female,3.8,58,82,87,76,21,Yes,No,7.3,74
4786,Female,1.0,83,69,70,75,27,Yes,Yes,6.6,67
4787,Female,3.9,65,30,97,58,20,Yes,Yes,7.9,58
4788,Female,5.2,52,83,86,56,20,Yes,No,7.2,67
4789,Male,4.5,91,36,79,70,18,Yes,Yes,7.6,60
4790,Female,4.8,90,51,88,74,19,No,No,6.7,70
4791,Female,6.1,80,76,67,34,24,Yes,No,5.8,68
4792,Female,5.9,91,49,81,44,15,Yes,Yes,6.6,57
4793,Male,2.9,82,71,57,84,22,Yes,Yes,6.2,68
4794,Female,6.9,89,68,40,64,22,Yes,No,7.5,66
4795,Male,3.5,65,71,60,70,22,Yes,Yes,7.2,65
4796,Female,7.3,88,80,55,67,21,Yes,Yes,6.5,71
4797,Male,2.5,60,36,71,70,25,Yes,Yes,6.0,55
4798,Male,3.8,75,69,62,74,11,Yes,No,7.0,61
4799,Male,1.7,86,75,78,73,22,Yes,Yes,6.7,66
4800,Male,9.1,90,66,65,68,29,Yes,Yes,7.8,75
4801,Female,7.5,52,58,85,68,23,Yes,No,7.8,65
4802,Male,6.6,74,57,79,50,26,No,Yes,6.7,62
4803,Male,7.9,87,65,84,72,12,Yes,Yes,6.7,64
4804,Male,4.2,71,78,78,61,21,No,No,5.2,68
4805,Male,8.2,84,79,64,97,29,Yes,No,6.3,80
4806,Female,7.0,87,73,62,56,21,No,No,5.8,69
4807,Male,2.4,71,50,83,85,24,Yes,Yes,4.2,63
4808,Male,5.9,87,81,63,43,19,Yes,No,6.8,61
4809,Male,5.3,82,68,82,61,26,Yes,Yes,7.6,75
4810,Male,8.6,94,65,41,73,24,Yes,Yes,5.5,71
4811,Female,3.6,65,50,69,81,16,Yes,Yes,5.2,54
4812,Female,6.2,93,80,72,87,24,Yes,Yes,6.8,80
4813,Female,5.3,78,72,86,98,16,Yes,No,6.8,70
4814,Male,7.8,52,68,70,83,21,Yes,Yes,5.2,69
4815,Female,8.0,87,60,78,59,15,Yes,No,7.9,63
4816,Female,9.1,80,83,81,93,21,Yes,No,6.7,76
4817,Female,9.2,82,44,88,85,26,Yes,No,6.5,73
4818,Male,4.3,56,37,67,93,20,Yes,Yes,7.3,59
4819,Female,4.4,83,74,62,69,17,Yes,No,5.0,62
4820,Male,4.8,52,82,70,43,15,Yes,Yes,7.8,59
4821,Male,9.8,72,74,73,72,18,Yes,Yes,7.4,72
4822,Male,5.5,54,74,69,47,20,Yes,No,7.9,65
4823,Male,4.7,66,71,85,46,27,Yes,Yes,7.7,70
4824,Male,6.9,74,64,76,92,21,Yes,Yes,5.1,71
4825,Male,7.7,73,48,68,53,16,Yes,No,4.1,54
4826,Female,1.2,88,74,84,96,14,Yes,Yes,5.7,70
4827,Female,9.7,72,63,53,69,29,Yes,No,4.1,67
4828,Female,7.7,83,80,85,82,21,Yes,Yes,4.3,78
4829,Male,5.3,60,78,50,76,25,No,Yes,7.9,74
4830,Female,1.4,69,75,86,98,22,Yes,Yes,6.4,73
4831,Male,9.3,56,61,50,68,22,Yes,Yes,5.2,63
4832,Male,3.1,65,72,57,57,17,Yes,Yes,8.0,59
4833,Female,3.6,81,70,96,44,28,Yes,No,5.6,73
4834,Female,3.3,51,82,61,78,14,Yes,No,6.7,58
4835,Male,2.3,83,55,40,83,29,Yes,No,6.7,61
4836,Male,6.3,86,79,59,77,28,Yes,Yes,5.4,74
4837,Male,4.1,91,74,88,79,24,No,No,5.3,78
4838,Male,8.3,81,60,40,38,21,Yes,No,5.9,60
4839,Male,3.4,84,34,76,46,13,No,No,5.3,45
4840,Male,6.3,68,59,73,43,27,Yes,Yes,7.7,66
4841,Male,7.6,73,45,60,59,22,Yes,No,7.3,60
4842,Female,7.8,89,76,41,51,12,Yes,No,6.0,59
4843,Male,9.8,60,77,58,79,24,Yes,Yes,7.7,79
4844,Female,9.5,89,52,65,78,26,Yes,No,6.3,68
4845,Male,9.5,80,94,77,63,23,Yes,Yes,7.6,87
4846,Male,3.2,80,85,55,74,19,Yes,No,6.7,70
4847,Female,4.1,90,82,62,37,21,No,No,5.5,68
4848,Female,6.1,87,68,58,78,23,Yes,No,6.4,69
4849,Female,3.4,75,94,83,76,24,Yes,Yes,7.8,78
4850,Male,5.1,72,62,66,57,22,Yes,Yes,6.0,58
4851,Male,7.3,84,80,44,77,18,Yes,No,6.4,68
4852,Male,9.9,53,80,49,75,27,Yes,Yes,6.5,76
4853,Male,7.4,77,92,40,51,16,Yes,Yes,7.3,71
4854,Male,4.2,65,82,99,83,21,No,No,7.2,73
4855,Female,5.3,96,70,55,76,26,Yes,Yes,5.3,69
4856,Female,6.9,81,83,60,83,26,Yes,Yes,6.5,77
4857,Male,3.6,90,81,84,40,10,Yes,Yes,6.4,57
4858,Female,2.2,89,73,80,70,17,Yes,Yes,7.3,68
4859,Male,5.7,84,85,85,52,27,Yes,No,5.9,74
4860,Male,8.9,80,55,85,71,21,Yes,No,7.6,71
4861,Male,7.8,77,80,44,85,26,No,No,6.9,74
4862,Male,7.3,64,92,79,52,22,Yes,No,4.7,70
4863,Female,7.4,52,89,76,32,22,Yes,No,4.8,67
4864,Female,5.7,69,49,72,81,22,Yes,No,7.4,65
4865,Female,5.8,66,93,98,67,22,Yes,Yes,6.4,77
4866,Female,9.0,69,70,81,35,25,Yes,No,7.9,70
4867,Female,4.3,90,78,63,48,20,Yes,Yes,5.8,66
4868,Male,2.1,61,85,66,66,26,Yes,No,7.8,75
4869,Female,7.3,53,41,53,63,12,Yes,No,7.1,52
4870,Female,5.8,67,79,64,75,23,Yes,Yes,7.6,75
4871,Female,6.8,89,83,74,77,28,Yes,No,7.7,78
4872,Female,8.6,92,76,55,33,17,Yes,Yes,4.9,64
4873,Female,6.0,75,63,57,43,20,Yes,No,5.9,56
4874,Female,7.2,87,62,65,83,16,No,Yes,6.6,63
4875,Male,6.3,76,69,60,96,10,Yes,No,6.2,62
4876,Female,5.4,90,73,84,39,21,Yes,Yes,5.1,70
4877,Female,6.6,99,44,93,76,24,Yes,Yes,5.7,73
4878,Male,7.6,65,68,85,56,22,No,Yes,7.3,71
4879,Male,1.3,68,88,87,82,22,Yes,Yes,7.4,69
4880,Male,5.4,86,55,84,53,22,Yes,Yes,7.3,65
4881,Female,6.8,90,80,61,74,27,Yes,No,7.0,78
4882,Female,8.7,80,85,89,86,18,Yes,Yes,5.9,80
4883,Male,7.1,67,71,59,45,23,No,Yes,5.1,58
4884,Male,9.0,90,37,62,36,19,Yes,Yes,6.8,54
4885,Male,7.8,85,63,87,72,23,No,No,6.4,74
4886,Female,4.3,59,82,65,94,16,No,No,5.7,69
4887,Male,5.9,92,52,90,73,25,No,No,7.9,66
4888,Male,4.6,80,72,89,75,25,Yes,No,6.4,74
4889,Male,8.1,66,72,49,88,18,Yes,Yes,6.2,69
4890,Male,2.1,75,57,75,56,16,Yes,Yes,6.3,59
4891,Female,1.7,78,74,75,38,25,Yes,Yes,6.1,65
4892,Female,7.2,96,88,73,94,10,Yes,No,5.4,75
4893,Female,6.4,73,77,77,63,24,Yes,No,6.5,70
4894,Male,5.9,88,38,70,50,26,Yes,Yes,6.3,55
4895,Male,4.4,71,72,55,35,20,Yes,Yes,5.4,57
4896,Male,8.5,85,65,51,82,22,No,Yes,6.4,74
4897,Female,6.1,73,80,60,84,17,Yes,Yes,4.1,71
4898,Male,6.2,87,90,77,95,29,No,No,5.1,86
4899,Female,1.8,50,92,67,85,21,Yes,Yes,6.4,71
4900,Male,1.4,70,81,85,89,23,No,No,6.2,73
4901,Male,4.7,66,73,78,78,24,Yes,Yes,5.6,69
4902,Male,6.8,77,77,97,85,22,Yes,No,7.8,80
4903,Female,5.1,90,76,67,47,16,No,No,6.7,69
4904,Female,1.0,73,79,74,81,24,Yes,No,7.6,68
4905,Male,3.4,64,78,75,55,22,No,No,6.6,71
4906,Female,7.2,95,38,82,70,22,Yes,No,7.6,66
4907,Male,2.7,79,76,72,62,10,Yes,No,6.8,64
4908,Male,7.6,67,60,66,46,11,Yes,No,6.5,53
4909,Male,7.5,52,79,88,53,29,Yes,No,6.8,78
4910,Male,2.4,69,58,91,35,18,Yes,No,7.9,56
4911,Male,6.2,90,53,76,65,22,Yes,No,7.1,63
4912,Male,7.1,90,79,44,57,26,Yes,No,7.6,73
4913,Female,1.4,90,52,75,78,20,Yes,No,7.3,65
4914,Male,5.2,87,38,60,77,10,No,Yes,5.4,49
4915,Male,1.8,93,62,68,79,21,No,Yes,5.9,60
4916,Male,9.7,69,71,58,98,25,Yes,Yes,6.0,77
4917,Male,1.3,80,58,55,95,24,Yes,No,6.5,64
4918,Male,3.5,89,61,85,84,26,Yes,No,7.4,75
4919,Female,9.0,80,80,72,79,10,Yes,Yes,6.7,73
4920,Female,5.1,89,78,76,80,13,Yes,No,4.8,67
4921,Male,6.3,87,68,85,62,10,No,No,5.0,68
4922,Male,2.8,83,57,48,71,19,Yes,Yes,6.8,59
4923,Male,5.2,53,31,55,35,19,Yes,No,5.7,44
4924,Female,3.1,98,78,92,55,21,Yes,No,7.8,68
4925,Female,9.1,68,51,99,97,21,No,Yes,7.9,75
4926,Male,8.6,89,32,52,48,26,Yes,No,4.8,57
4927,Male,1.9,80,66,84,82,19,Yes,No,6.8,69
4928,Male,6.7,91,81,81,85,23,Yes,Yes,6.1,80
4929,Female,2.6,80,64,76,38,25,Yes,Yes,7.3,60
4930,Male,7.0,92,79,62,85,26,Yes,No,5.9,78
4931,Male,3.5,75,74,80,83,13,No,Yes,5.0,66
4932,Female,4.5,85,59,87,85,18,Yes,Yes,7.3,73
4933,Male,1.7,94,31,84,87,13,Yes,Yes,6.9,58
4934,Female,5.6,67,64,73,64,29,Yes,No,4.2,70
4935,Female,6.3,61,89,85,83,25,Yes,No,6.0,79
4936,Male,4.5,64,56,74,37,15,Yes,No,4.1,53
4937,Male,7.1,60,75,52,48,30,Yes,Yes,6.2,73
4938,Male,8.3,68,72,72,80,22,Yes,No,6.2,69
4939,Male,6.3,57,53,85,92,16,Yes,Yes,6.7,64
4940,Female,6.7,90,76,77,50,18,Yes,Yes,7.7,68
4941,Female,7.8,82,59,65,94,23,Yes,Yes,7.6,75
4942,Female,6.7,88,71,92,64,26,No,Yes,6.7,80
4943,Male,1.2,87,45,84,92,22,Yes,No,5.8,61
4944,Male,6.8,89,78,82,35,16,Yes,No,7.1,60
4945,Male,7.5,96,50,65,44,25,Yes,Yes,5.8,63
4946,Male,8.2,80,57,85,61,30,Yes,No,6.0,77
4947,Female,8.1,80,80,59,60,11,Yes,No,7.1,67
4948,Male,7.9,62,59,72,80,16,Yes,No,6.3,66
4949,Male,8.9,67,30,85,33,23,Yes,Yes,7.5,58
4950,Male,7.9,94,93,50,83,28,Yes,No,6.5,79
4951,Male,4.0,87,45,54,74,13,Yes,Yes,6.2,55
4952,Male,1.7,93,93,87,74,17,Yes,No,7.0,71
4953,Male,6.2,85,73,87,46,22,No,Yes,5.7,76
4954,Male,4.6,75,49,74,79,21,Yes,No,6.0,64
4955,Male,6.4,78,92,42,43,20,Yes,Yes,5.0,64
4956,Male,2.8,72,68,57,76,22,No,Yes,7.8,63
4957,Female,5.0,90,63,81,70,17,No,No,6.5,66
4958,Female,3.5,65,65,99,52,26,Yes,No,6.3,67
4959,Female,6.3,87,52,48,82,11,Yes,No,7.0,62
4960,Female,4.1,69,79,83,39,26,Yes,No,6.0,69
4961,Male,2.7,79,58,66,88,28,Yes,Yes,5.2,65
4962,Male,5.1,96,76,81,72,22,Yes,No,6.3,80
4963,Male,1.9,85,92,57,65,16,Yes,Yes,6.3,66
4964,Female,3.1,88,50,46,61,23,Yes,Yes,5.9,59
4965,Female,5.7,89,65,68,84,21,Yes,No,4.0,66
4966,Male,4.8,65,84,76,81,24,Yes,No,6.3,76
4967,Female,1.3,90,54,72,39,14,Yes,No,7.0,53
4968,Male,4.5,90,33,77,56,19,Yes,No,7.0,51
4969,Male,9.7,68,42,93,66,20,Yes,No,6.6,73
4970,Male,7.1,61,52,47,93,12,Yes,Yes,5.6,61
4971,Male,7.8,78,56,76,69,25,No,Yes,4.6,67
4972,Male,7.7,91,41,92,94,27,Yes,No,7.0,72
4973,Male,6.4,92,58,87,82,16,Yes,Yes,7.7,71
4974,Male,6.7,66,79,56,56,19,Yes,Yes,7.2,67
4975,Female,1.2,62,95,79,83,30,Yes,Yes,5.3,78
4976,Female,9.5,86,79,88,45,22,No,No,7.6,77
4977,Male,6.6,88,82,100,85,18,Yes,Yes,6.7,81
4978,Female,3.9,80,77,85,53,16,Yes,No,6.5,70
4979,Male,1.5,71,76,83,98,21,Yes,No,7.6,74
4980,Male,3.5,79,62,48,45,11,Yes,Yes,6.8,48
4981,Female,7.2,96,55,43,79,28,No,No,6.4,73
4982,Male,1.0,92,68,59,76,27,No,No,7.1,73
4983,Male,3.3,71,68,79,30,21,Yes,No,7.0,70
4984,Male,1.4,95,39,83,94,13,Yes,No,6.7,55
4985,Female,8.0,86,60,88,40,19,Yes,Yes,5.7,66
4986,Female,5.4,59,86,81,56,20,No,No,6.7,64
4987,Female,6.1,83,36,87,45,25,Yes,Yes,7.4,64
4988,Male,6.4,81,73,88,67,22,Yes,No,6.1,71
4989,Male,7.8,86,46,85,41,20,Yes,No,7.1,69
4990,Female,7.5,60,75,43,63,22,No,No,6.0,63
4991,Female,6.8,74,85,78,41,22,Yes,Yes,7.4,67
4992,Male,3.8,84,77,62,75,12,Yes,Yes,5.7,61
4993,Male,3.4,88,72,80,75,16,Yes,Yes,6.0,61
4994,Female,8.5,85,78,56,47,10,Yes,Yes,6.0,64
4995,Male,3.2,55,66,48,76,26,Yes,Yes,6.9,57
4996,Female,3.3,84,74,42,60,20,Yes,No,7.8,63
4997,Male,7.1,80,50,65,98,22,Yes,Yes,4.8,61
4998,Female,5.2,73,75,76,64,21,Yes,No,6.4,68
4999,Male,2.1,58,52,86,71,26,Yes,Yes,6.0,68
5000,Male,6.9,70,63,96,49,21,Yes,No,6.1,69
5001,Male,6.8,65,82,80,81,26,Yes,No,7.4,76
5002,Male,3.3,65,74,60,79,15,Yes,No,5.9,61
5003,Female,6.2,50,71,48,91,22,Yes,No,6.8,68
5004,Male,7.6,84,62,63,75,12,Yes,Yes,6.7,65
5005,Male,6.7,66,80,62,82,11,Yes,No,7.4,63
5006,Female,7.1,51,51,51,63,19,Yes,Yes,5.7,58
5007,Male,9.0,77,76,59,83,27,Yes,Yes,6.7,70
5008,Male,3.3,65,79,99,99,17,Yes,No,6.3,71
5009,Female,3.6,76,81,59,57,24,Yes,Yes,5.9,65
5010,Male,6.1,82,74,78,83,19,Yes,No,7.2,75
5011,Female,7.0,56,72,74,76,19,Yes,Yes,6.1,68
5012,Female,8.0,78,46,88,62,19,Yes,Yes,5.8,60
5013,Male,1.4,75,79,85,87,20,Yes,Yes,5.0,66
5014,Female,5.2,84,80,88,80,25,Yes,Yes,5.2,77
5015,Female,3.8,75,93,40,71,25,Yes,Yes,7.2,71
5016,Male,4.3,92,72,82,60,18,Yes,Yes,6.9,66
5017,Female,9.3,78,67,67,80,26,No,Yes,7.7,76
5018,Male,1.3,53,79,98,69,21,No,No,7.8,71
5019,Female,9.3,86,77,69,72,24,Yes,Yes,5.9,75
5020,Female,2.3,66,95,61,77,15,Yes,No,6.4,66
5021,Female,7.3,84,38,69,76,17,Yes,Yes,7.2,68
5022,Male,7.4,72,47,59,84,10,Yes,No,7.0,54
5023,Female,7.7,91,75,69,65,13,Yes,No,6.4,62
5024,Male,3.0,68,59,41,51,26,No,Yes,6.7,60
5025,Male,9.1,97,50,84,100,22,Yes,No,6.9,74
5026,Male,6.2,86,41,87,63,22,No,Yes,6.0,63
5027,Male,2.1,65,69,55,59,16,Yes,No,6.9,54
5028,Male,2.8,92,73,61,83,24,Yes,Yes,5.7,69
5029,Female,7.3,84,82,72,84,22,Yes,No,7.0,83
5030,Male,6.6,86,69,68,49,24,Yes,Yes,6.1,71
5031,Male,3.3,98,84,77,64,18,Yes,Yes,6.3,73
5032,Female,6.0,70,81,80,50,23,Yes,No,4.5,65
5033,Male,2.3,73,72,81,31,16,Yes,Yes,6.6,54
5034,Female,10.0,78,47,64,50,26,No,No,7.2,58
5035,Female,7.1,59,74,66,60,29,Yes,Yes,5.9,69
5036,Male,6.9,65,81,55,70,11,No,No,7.3,67
5037,Female,6.0,66,89,86,70,27,No,Yes,7.5,82
5038,Male,7.3,99,74,62,100,23,Yes,No,6.0,77
5039,Female,7.4,85,39,59,68,13,Yes,No,6.8,56
5040,Male,8.4,82,56,77,42,20,Yes,Yes,5.1,61
5041,Male,4.9,88,80,83,96,22,No,Yes,6.1,78
5042,Male,8.7,89,81,71,59,22,Yes,Yes,7.4,79
5043,Female,8.2,85,77,86,54,26,Yes,No,7.0,73
5044,Male,5.5,89,78,76,38,26,Yes,Yes,5.8,71
5045,Male,7.0,75,71,45,52,17,Yes,Yes,5.9,63
5046,Male,7.6,53,87,75,49,26,Yes,Yes,6.1,72
5047,Female,7.2,84,51,82,74,18,Yes,Yes,7.9,70
5048,Female,2.7,82,55,44,90,28,Yes,No,6.5,73
5049,Female,6.8,97,78,88,85,30,No,No,5.7,83
5050,Male,4.8,84,82,81,62,24,Yes,No,5.3,74
5051,Female,7.7,65,54,88,92,22,No,No,6.8,70
5052,Female,6.1,84,67,75,76,21,Yes,No,6.0,71
5053,Female,8.9,61,80,80,65,21,Yes,Yes,5.9,75
5054,Female,7.2,54,94,67,66,22,Yes,Yes,7.2,76
5055,Female,8.2,85,76,66,76,24,Yes,No,6.4,73
5056,Male,9.4,90,57,74,65,17,Yes,No,7.2,69
5057,Male,7.8,67,73,62,37,22,Yes,No,6.3,69
5058,Female,1.1,66,53,56,90,25,Yes,Yes,5.3,61
5059,Male,6.1,80,89,88,71,24,No,Yes,5.6,81
5060,Male,5.2,52,74,47,32,20,No,Yes,7.0,57
5061,Male,1.9,90,69,64,99,24,Yes,No,6.0,72
5062,Male,8.0,88,77,97,82,23,Yes,No,7.3,83
5063,Male,6.3,86,83,93,69,22,Yes,No,7.3,76
5064,Male,9.8,65,56,49,65,23,Yes,Yes,6.5,66
5065,Male,1.2,85,54,84,79,16,No,No,6.9,58
5066,Female,5.7,71,68,74,81,23,Yes,Yes,5.8,68
5067,Male,5.8,62,79,98,59,24,Yes,Yes,6.9,75
5068,Female,7.0,94,87,83,96,23,No,No,4.9,83
5069,Female,6.8,82,66,86,84,22,Yes,Yes,7.8,72
5070,Male,1.5,98,31,45,94,24,No,Yes,5.4,59
5071,Male,7.7,83,92,80,76,21,Yes,No,4.9,80
5072,Female,7.5,59,56,63,99,19,Yes,No,7.8,66
5073,Male,3.8,80,81,63,65,22,Yes,Yes,7.6,65
5074,Male,6.1,94,88,86,72,21,Yes,No,4.5,76
5075,Female,1.1,59,86,75,82,27,Yes,Yes,7.9,72
5076,Male,2.1,88,80,58,88,17,Yes,No,7.5,68
5077,Female,4.6,82,67,90,70,16,Yes,No,5.8,65
5078,Female,1.8,72,93,67,94,19,Yes,No,7.4,67
5079,Male,8.5,87,79,77,70,21,Yes,No,5.3,74
5080,Male,3.1,65,93,85,73,16,Yes,Yes,4.4,68
5081,Female,1.2,90,75,64,34,12,Yes,Yes,7.6,58
5082,Female,1.6,70,85,68,63,25,Yes,Yes,7.5,68
5083,Female,8.8,84,75,91,53,25,Yes,Yes,4.9,81
5084,Male,7.5,69,50,85,71,10,Yes,No,6.8,55
5085,Female,1.6,88,40,55,33,24,Yes,Yes,6.6,55
5086,Female,5.8,99,66,75,93,18,Yes,Yes,7.7,73
5087,Female,6.4,70,62,49,72,30,Yes,Yes,5.6,71
5088,Male,4.5,84,74,86,40,17,Yes,No,5.1,63
5089,Female,2.9,72,68,56,51,27,Yes,Yes,7.6,68
5090,Female,7.3,70,50,79,64,26,Yes,No,6.1,66
5091,Female,5.0,65,35,60,71,12,Yes,Yes,6.5,47
5092,Male,9.6,62,82,85,74,22,Yes,Yes,5.6,82
5093,Male,5.8,92,85,55,54,24,Yes,Yes,7.2,72
5094,Female,6.3,87,77,95,80,19,No,No,8.0,78
5095,Male,5.4,90,77,61,79,21,Yes,No,7.8,77
5096,Male,5.3,80,88,98,82,21,Yes,No,7.5,77
5097,Female,7.1,83,75,70,81,18,Yes,Yes,5.6,73
5098,Female,4.7,50,53,76,84,30,Yes,Yes,7.2,67
5099,Male,6.6,100,77,59,68,29,Yes,No,7.0,77
5100,Male,2.3,70,82,84,76,25,Yes,Yes,5.7,72
5101,Female,3.9,77,58,76,41,26,Yes,No,4.3,56
5102,Female,4.3,90,79,82,68,10,Yes,No,7.5,64
5103,Male,7.2,89,73,53,58,26,Yes,Yes,5.2,74
5104,Female,7.5,80,64,67,45,26,Yes,No,6.8,71
5105,Male,3.9,74,70,70,52,22,Yes,Yes,7.5,65
5106,Male,3.9,80,79,72,52,12,Yes,Yes,6.7,63
5107,Male,4.4,91,51,75,78,24,No,Yes,6.1,66
5108,Male,7.3,87,74,92,82,13,Yes,No,5.2,76
5109,Male,3.3,88,80,50,60,26,No,Yes,4.8,66
5110,Male,3.5,74,47,72,53,26,Yes,No,6.4,61
5111,Female,5.8,91,81,99,66,24,Yes,No,7.9,84
5112,Male,3.8,83,81,76,73,29,Yes,No,6.3,74
5113,Male,4.9,72,45,50,65,30,Yes,No,5.4,65
5114,Male,9.8,80,87,90,83,23,Yes,Yes,6.4,80
5115,Female,3.8,73,65,82,81,18,Yes,Yes,7.7,72
5116,Male,2.8,83,44,86,83,19,Yes,Yes,6.1,60
5117,Female,9.5,78,64,83,78,16,No,No,7.1,71
5118,Female,3.7,90,50,66,90,12,Yes,No,6.7,54
5119,Female,5.4,71,77,68,74,14,Yes,No,5.1,63
5120,Female,4.1,58,40,56,98,19,Yes,No,8.0,56
5121,Male,7.4,90,58,44,78,24,Yes,No,5.4,65
5122,Male,7.1,70,41,70,97,22,Yes,Yes,7.7,67
5123,Female,6.5,90,78,77,69,19,Yes,No,6.6,76
5124,Male,7.5,87,70,54,58,21,No,No,5.7,67
5125,Male,4.9,73,77,46,82,18,Yes,Yes,5.5,66
5126,Male,1.3,80,57,72,79,16,Yes,No,7.8,57
5127,Male,6.4,90,58,84,75,16,Yes,Yes,6.2,64
5128,Female,1.8,97,68,61,59,26,No,No,6.0,71
5129,Male,7.0,69,80,92,56,18,Yes,No,6.1,69
5130,Female,9.3,82,69,80,62,25,Yes,No,5.0,79
5131,Female,6.6,67,79,86,69,29,Yes,Yes,6.7,78
5132,Male,8.8,80,72,63,93,19,Yes,No,5.1,73
5133,Male,6.2,90,63,100,88,25,Yes,No,7.0,82
5134,Female,5.4,93,70,74,78,18,Yes,Yes,7.6,75
5135,Female,4.9,90,62,79,79,13,Yes,No,6.6,64
5136,Male,2.3,68,83,79,64,16,Yes,No,6.4,64
5137,Male,4.8,54,77,63,56,18,Yes,No,6.6,62
5138,Female,3.8,51,79,76,85,20,Yes,Yes,6.3,70
5139,Male,7.3,57,60,64,92,19,Yes,Yes,5.5,68
5140,Male,7.2,62,49,80,50,16,Yes,No,7.8,60
5141,Male,6.3,81,60,77,69,25,Yes,Yes,7.3,73
5142,Male,1.6,64,67,83,69,20,Yes,Yes,5.5,67
5143,Female,7.3,61,78,87,58,10,Yes,No,6.2,66
5144,Male,10.0,84,61,88,68,11,No,No,7.6,70
5145,Female,3.5,72,80,83,75,19,No,No,6.6,66
5146,Male,3.0,79,72,67,52,16,Yes,Yes,7.6,53
5147,Male,6.8,78,72,78,65,21,Yes,Yes,7.5,73
5148,Female,3.2,86,50,62,92,23,Yes,Yes,7.4,65
5149,Male,1.1,71,82,46,91,26,Yes,Yes,6.2,67
5150,Male,4.1,100,55,75,54,25,Yes,No,6.5,66
5151,Male,6.0,87,37,76,80,15,Yes,No,5.7,59
5152,Male,3.6,65,58,43,45,23,Yes,Yes,7.0,59
5153,Male,7.0,83,42,85,44,19,Yes,Yes,6.1,60
5154,Female,7.9,77,77,88,80,16,Yes,Yes,6.0,71
5155,Female,7.3,82,83,90,34,22,Yes,Yes,4.0,73
5156,Male,6.4,67,79,86,78,18,Yes,Yes,6.3,72
5157,Male,6.7,97,80,96,84,21,Yes,No,6.4,82
5158,Female,7.1,84,49,76,77,26,No,No,5.4,67
5159,Female,3.8,80,67,86,60,29,No,No,6.9,70
5160,Male,6.9,80,77,71,98,27,Yes,Yes,7.2,81
5161,Male,6.3,51,88,42,66,23,Yes,No,5.8,67
5162,Male,7.6,83,51,63,94,19,Yes,No,6.1,68
5163,Male,8.6,66,32,73,99,19,Yes,No,4.9,61
5164,Male,7.8,85,80,72,38,25,Yes,Yes,6.3,67
5165,Male,7.3,71,67,67,90,29,Yes,No,6.2,75
5166,Female,8.6,69,93,97,73,24,Yes,No,7.3,87
5167,Male,7.2,91,44,61,62,22,Yes,No,6.9,62
5168,Female,6.1,82,89,74,56,12,Yes,Yes,6.1,67
5169,Male,6.1,87,72,87,50,25,Yes,Yes,6.9,76
5170,Female,2.7,80,80,89,65,25,Yes,Yes,7.9,72
5171,Male,6.1,74,80,98,71,25,Yes,Yes,6.1,73
5172,Male,3.9,80,65,57,80,26,No,No,7.5,69
5173,Male,3.1,80,83,77,71,12,Yes,Yes,6.2,64
5174,Male,7.1,83,65,46,79,26,Yes,Yes,6.8,68
5175,Female,4.0,75,68,47,72,25,No,Yes,7.0,65
5176,Female,6.2,87,82,67,51,21,No,Yes,6.0,71
5177,Female,5.5,82,80,74,76,21,Yes,Yes,6.4,73
5178,Female,3.6,64,72,76,59,17,Yes,No,6.4,63
5179,Female,7.4,84,50,80,76,10,Yes,No,7.8,68
5180,Female,7.9,70,57,73,73,22,Yes,Yes,5.8,66
5181,Female,7.4,63,78,79,61,19,Yes,Yes,6.9,71
5182,Male,7.1,87,50,89,50,28,Yes,Yes,4.6,66
5183,Male,6.4,73,40,41,59,26,Yes,Yes,6.1,55
5184,Male,4.5,74,73,79,51,23,Yes,No,7.1,66
5185,Male,3.2,92,50,48,100,27,Yes,No,6.2,65
5186,Male,6.5,67,51,72,96,24,Yes,No,7.2,71
5187,Female,6.4,55,81,96,83,24,Yes,No,7.4,86
5188,Female,7.6,80,82,44,56,27,Yes,Yes,7.0,70
5189,Male,7.0,90,72,88,33,24,Yes,No,5.7,69
5190,Male,7.5,70,39,62,59,10,Yes,No,7.8,53
5191,Male,6.7,54,74,83,70,18,Yes,No,7.3,71
5192,Male,1.8,73,58,79,74,23,No,Yes,5.5,63
5193,Male,6.1,66,87,80,82,22,Yes,No,6.3,80
5194,Male,8.1,67,69,45,79,19,Yes,No,6.6,59
5195,Female,5.8,85,67,76,56,17,Yes,No,7.5,59
5196,Female,6.3,88,69,53,84,15,Yes,Yes,7.4,65
5197,Female,2.7,84,60,72,41,28,Yes,No,6.1,66
5198,Male,7.0,80,68,90,74,29,Yes,No,5.4,72
5199,Male,6.0,86,52,44,82,18,Yes,No,5.4,51
5200,Male,2.7,58,55,67,50,27,Yes,No,5.3,60
5201,Female,3.9,85,71,66,53,14,No,No,7.9,62
5202,Male,3.9,70,67,69,39,15,Yes,Yes,6.4,53
5203,Female,6.9,90,57,41,58,14,Yes,No,5.9,54
5204,Male,1.8,82,89,96,71,24,No,Yes,6.7,73
5205,Male,7.2,84,93,83,57,14,Yes,No,5.7,73
5206,Male,4.8,50,90,76,77,20,Yes,Yes,5.7,69
5207,Female,8.2,71,75,68,98,28,Yes,Yes,6.6,82
5208,Male,7.6,82,31,63,60,24,Yes,No,5.3,50
5209,Male,2.7,77,76,71,70,11,Yes,No,5.4,57
5210,Male,1.1,67,50,82,89,26,Yes,No,6.4,61
5211,Male,4.9,68,82,57,70,20,Yes,No,6.8,67
5212,Male,7.0,98,79,42,81,12,Yes,No,6.4,65
5213,Male,7.3,89,39,79,51,14,Yes,Yes,7.6,61
5214,Female,4.9,99,72,100,98,19,Yes,Yes,7.1,73
5215,Male,5.2,82,94,69,40,26,Yes,Yes,4.1,71
5216,Male,1.9,67,82,71,55,29,Yes,Yes,5.5,70
5217,Male,3.1,86,71,56,96,24,Yes,No,7.4,77
5218,Male,6.7,77,36,64,73,24,Yes,No,5.5,59
5219,Female,1.7,56,73,42,98,23,Yes,No,6.5,65
5220,Male,2.1,100,81,55,67,24,Yes,Yes,4.3,61
5221,Male,6.9,65,89,68,54,17,Yes,Yes,6.3,62
5222,Male,7.3,87,79,68,58,23,Yes,No,7.2,76
5223,Female,9.0,70,79,58,34,18,No,No,5.0,64
5224,Male,7.9,91,81,89,75,30,Yes,Yes,7.7,89
5225,Male,4.5,92,70,75,56,11,Yes,No,6.3,57
5226,Male,6.7,83,61,79,70,24,Yes,No,6.5,73
5227,Male,6.3,60,61,83,82,24,Yes,Yes,6.5,76
5228,Male,6.8,83,69,56,93,23,Yes,No,6.4,74
5229,Female,9.2,80,69,74,91,24,Yes,Yes,5.8,78
5230,Male,1.4,51,55,81,51,24,Yes,No,7.1,58
5231,Male,6.4,87,66,95,81,18,Yes,No,5.8,67
5232,Female,7.1,75,38,91,49,16,Yes,Yes,7.0,63
5233,Female,5.4,78,54,65,97,22,Yes,No,7.4,67
5234,Male,7.5,87,74,64,69,28,No,Yes,4.0,75
5235,Female,7.7,72,46,93,41,22,Yes,No,5.2,57
5236,Male,6.8,60,40,62,37,11,Yes,Yes,6.5,44
5237,Male,6.9,68,78,89,97,26,Yes,Yes,5.3,84
5238,Female,2.5,75,85,74,95,11,Yes,Yes,6.9,67
5239,Male,4.4,65,45,58,80,30,Yes,No,4.9,67
5240,Female,8.4,89,90,94,44,22,Yes,No,5.2,77
5241,Male,8.1,96,60,48,100,16,Yes,Yes,4.4,61
5242,Female,2.9,84,49,55,60,30,Yes,No,6.7,65
5243,Female,6.5,96,52,73,94,21,Yes,No,5.3,67
5244,Male,3.3,100,38,81,80,16,Yes,No,7.8,63
5245,Male,7.8,85,47,76,80,10,Yes,Yes,6.9,62
5246,Female,6.1,51,80,60,63,22,No,No,6.1,62
5247,Male,3.2,80,89,82,54,23,Yes,No,6.7,73
5248,Female,8.9,82,94,92,87,21,Yes,Yes,6.3,92
5249,Male,9.8,73,70,62,92,30,Yes,Yes,6.6,82
5250,Female,9.1,79,77,100,65,10,No,Yes,5.5,71
5251,Male,3.8,61,74,55,85,22,Yes,Yes,6.6,70
5252,Male,9.3,65,68,83,84,26,Yes,No,5.4,77
5253,Male,9.3,89,82,72,63,20,Yes,Yes,5.8,76
5254,Female,8.0,72,70,44,85,17,Yes,Yes,7.7,65
5255,Female,7.4,62,81,86,72,21,Yes,No,5.6,75
5256,Female,6.6,66,70,83,47,21,Yes,Yes,5.3,69
5257,Male,6.4,54,46,72,58,17,No,Yes,5.6,53
5258,Male,8.3,80,47,40,45,22,Yes,Yes,6.0,61
5259,Male,7.5,91,65,100,85,18,Yes,No,6.1,75
5260,Female,4.4,85,66,82,93,20,Yes,Yes,4.1,66
5261,Male,5.6,84,79,75,78,21,Yes,No,6.9,77
5262,Male,7.0,80,69,67,62,22,No,No,7.5,69
5263,Male,4.3,86,46,76,66,30,Yes,No,7.2,70
5264,Male,5.1,96,53,76,61,24,Yes,No,4.2,63
5265,Female,6.3,97,79,51,85,27,Yes,No,4.4,75
5266,Male,6.6,75,80,87,89,25,Yes,Yes,6.5,82
5267,Female,2.8,50,79,47,33,14,Yes,Yes,6.2,53
5268,Female,6.4,66,66,74,93,24,Yes,Yes,7.1,68
5269,Male,6.5,87,84,87,78,23,No,Yes,6.9,76
5270,Male,2.1,65,42,58,38,26,No,Yes,6.0,54
5271,Male,7.5,90,76,52,66,21,Yes,Yes,6.8,70
5272,Male,5.8,88,75,72,75,10,No,No,7.5,65
5273,Male,3.1,83,44,83,59,16,Yes,No,5.5,51
5274,Male,2.9,81,84,74,73,21,Yes,Yes,6.1,67
5275,Female,7.4,93,68,71,82,16,Yes,No,5.9,64
5276,Male,6.0,56,68,69,39,28,Yes,Yes,8.0,67
5277,Male,4.5,89,70,87,93,29,Yes,Yes,6.4,77
5278,Male,7.6,80,81,81,82,20,Yes,No,7.9,75
5279,Female,6.9,95,72,60,78,24,Yes,Yes,6.8,74
5280,Male,1.3,81,81,78,40,24,Yes,Yes,4.3,65
5281,Male,7.4,81,73,75,70,23,Yes,Yes,5.3,79
5282,Female,3.3,89,34,72,70,19,Yes,No,7.4,53
5283,Female,6.7,59,58,86,87,19,Yes,No,7.5,73
5284,Female,5.3,70,81,77,82,14,Yes,Yes,5.4,71
5285,Male,7.9,84,82,83,68,25,Yes,No,7.6,78
5286,Female,7.3,98,75,53,40,26,Yes,No,6.8,71
5287,Male,1.7,86,80,75,67,26,No,No,5.5,69
5288,Male,9.6,76,68,57,81,22,Yes,No,4.5,71
5289,Female,8.1,83,84,71,95,26,Yes,Yes,6.4,87
5290,Female,7.2,68,95,95,33,26,No,Yes,6.3,79
5291,Male,5.6,90,41,47,39,25,Yes,No,7.9,59
5292,Male,4.0,60,95,68,53,25,Yes,No,7.1,71
5293,Male,9.2,99,75,100,54,10,Yes,No,6.0,67
5294,Male,6.7,80,75,75,94,11,No,No,7.8,70
5295,Female,7.4,94,35,57,54,30,Yes,No,6.3,67
5296,Male,2.6,88,81,69,70,10,Yes,No,6.7,58
5297,Female,2.0,90,50,78,83,24,Yes,No,5.8,61
5298,Male,7.1,89,45,72,60,16,Yes,No,6.1,60
5299,Female,4.0,84,73,60,57,19,Yes,No,6.7,61
5300,Female,2.4,70,71,56,94,27,Yes,Yes,7.9,69
5301,Female,4.4,80,76,85,49,22,Yes,Yes,7.2,68
5302,Female,2.9,72,84,73,74,22,No,No,7.7,68
5303,Female,4.8,77,53,70,53,29,No,No,4.3,60
5304,Male,7.7,90,80,67,56,21,Yes,No,6.5,75
5305,Male,6.0,59,53,86,51,10,No,No,6.6,52
5306,Male,9.8,65,76,99,96,13,Yes,Yes,7.0,73
5307,Male,5.7,83,76,72,72,23,Yes,Yes,7.1,71
5308,Female,7.4,94,95,83,58,24,Yes,No,5.1,82
5309,Female,5.3,89,63,83,77,29,No,Yes,4.0,72
5310,Female,9.9,81,71,78,96,16,No,Yes,5.2,73
5311,Male,8.7,84,62,79,79,17,Yes,Yes,7.9,72
5312,Female,9.5,73,30,81,37,30,No,Yes,6.1,58
5313,Male,8.5,85,57,54,85,22,Yes,No,5.7,70
5314,Female,3.4,75,69,63,56,20,No,Yes,7.6,64
5315,Male,6.5,83,48,47,71,14,No,No,7.3,56
5316,Male,7.8,89,31,77,78,18,Yes,Yes,4.1,62
5317,Male,5.7,92,70,41,70,25,Yes,No,6.7,65
5318,Male,3.8,94,78,67,79,22,Yes,Yes,8.0,77
5319,Female,3.7,93,56,97,82,26,Yes,No,6.1,73
5320,Female,3.8,84,39,88,50,22,Yes,No,6.1,57
5321,Female,6.1,86,73,97,70,21,Yes,Yes,4.0,72
5322,Male,7.6,85,72,86,50,22,No,No,6.6,72
5323,Female,6.9,81,66,41,83,27,Yes,No,6.9,74
5324,Female,7.9,83,56,45,70,18,Yes,Yes,7.9,60
5325,Male,6.6,99,39,86,79,20,No,Yes,6.4,64
5326,Female,2.7,69,53,61,65,23,No,No,6.7,62
5327,Female,3.5,98,80,80,70,28,Yes,No,6.6,75
5328,Male,6.6,84,73,83,72,27,No,Yes,7.4,81
5329,Male,9.5,82,32,72,31,21,Yes,Yes,7.5,63
5330,Male,3.9,77,90,81,70,21,No,No,5.0,71
5331,Male,4.8,85,67,90,79,16,Yes,No,4.3,69
5332,Male,3.7,72,50,98,65,30,Yes,No,7.2,66
5333,Male,6.4,73,91,79,54,23,Yes,No,5.4,76
5334,Male,9.5,99,73,64,49,22,Yes,No,4.1,71
5335,Female,4.0,99,50,66,79,25,Yes,Yes,6.6,68
5336,Male,9.8,99,74,41,95,22,Yes,Yes,6.3,74
5337,Male,1.1,84,86,73,52,19,Yes,No,7.9,62
5338,Male,7.0,86,88,55,58,25,No,No,7.5,77
5339,Female,3.8,51,81,72,62,26,Yes,Yes,5.8,62
5340,Male,9.6,84,94,85,82,19,Yes,No,6.0,82
5341,Male,7.3,87,74,67,80,21,Yes,No,4.8,75
5342,Male,5.7,80,60,49,92,17,Yes,No,4.3,62
5343,Male,6.8,50,71,67,48,19,No,No,5.0,67
5344,Male,1.6,86,74,85,70,10,No,No,6.7,65
5345,Male,6.4,77,36,47,57,16,Yes,Yes,7.4,50
5346,Female,7.2,87,77,74,69,28,Yes,No,7.9,79
5347,Male,5.7,79,85,75,94,16,No,No,5.6,73
5348,Male,5.1,90,82,57,82,20,Yes,No,6.9,68
5349,Female,4.4,83,62,100,84,17,No,No,7.2,68
5350,Male,3.9,92,65,45,62,26,Yes,No,7.1,64
5351,Male,1.0,92,68,88,77,16,No,Yes,7.3,60
5352,Female,6.7,67,86,89,54,21,Yes,Yes,7.3,75
5353,Male,6.0,81,57,76,70,25,Yes,No,6.1,68
5354,Male,3.9,85,68,85,52,20,No,Yes,6.6,61
5355,Male,4.0,66,33,98,80,22,Yes,Yes,6.3,63
5356,Female,4.5,80,80,89,69,21,Yes,No,5.0,74
5357,Male,3.3,99,58,61,90,15,Yes,No,6.2,63
5358,Male,9.6,80,32,87,64,13,Yes,Yes,6.9,59
5359,Male,6.6,65,65,58,72,29,Yes,No,6.5,72
5360,Male,6.8,87,90,80,54,30,Yes,No,6.8,83
5361,Female,4.7,77,63,55,79,26,Yes,No,7.3,69
5362,Male,2.7,65,46,78,86,13,Yes,No,5.1,52
5363,Male,2.0,98,68,55,56,21,No,Yes,5.6,62
5364,Female,2.3,100,60,66,47,16,Yes,Yes,7.2,62
5365,Male,6.6,81,78,68,72,11,Yes,Yes,6.8,65
5366,Female,7.8,80,49,59,78,26,Yes,No,6.3,74
5367,Male,6.7,93,62,83,72,20,Yes,No,7.5,70
5368,Male,7.4,71,68,72,82,25,Yes,No,4.8,72
5369,Male,7.1,66,34,54,74,25,Yes,No,4.3,55
5370,Male,7.9,87,76,78,52,26,Yes,No,7.3,77
5371,Male,7.9,76,42,46,58,14,Yes,No,6.1,48
5372,Male,3.2,89,67,94,60,22,Yes,Yes,5.3,66
5373,Male,6.0,81,89,76,60,27,Yes,Yes,6.8,75
5374,Female,3.9,79,70,88,68,21,Yes,No,7.8,71
5375,Male,4.6,70,65,47,72,13,Yes,Yes,7.3,61
5376,Female,5.5,64,62,92,78,23,Yes,Yes,4.4,70
5377,Male,7.5,92,81,57,63,29,Yes,No,5.5,69
5378,Male,5.6,93,78,61,64,21,No,Yes,7.5,77
5379,Female,9.6,88,77,79,67,24,Yes,No,7.1,80
5380,Male,9.3,67,74,43,65,16,Yes,Yes,8.0,64
5381,Male,7.8,86,49,78,79,24,Yes,Yes,6.7,71
5382,Male,6.3,82,77,67,36,13,Yes,Yes,7.9,63
5383,Female,1.6,59,82,87,84,25,Yes,No,6.7,71
5384,Female,3.7,84,49,99,30,25,Yes,Yes,6.1,62
5385,Female,7.5,65,77,86,73,18,No,No,6.7,71
5386,Female,7.6,83,46,75,74,21,Yes,No,6.3,65
5387,Male,9.6,66,46,87,99,18,No,No,7.4,69
5388,Male,9.2,87,43,88,46,22,Yes,Yes,5.5,60
5389,Male,7.0,72,63,80,60,22,Yes,No,6.5,69
5390,Male,4.9,84,56,55,97,17,Yes,No,4.2,63
5391,Female,7.8,83,34,65,50,15,Yes,No,6.3,55
5392,Male,7.5,66,45,100,99,23,Yes,No,5.6,74
5393,Male,8.7,73,70,86,32,30,Yes,Yes,7.4,76
5394,Male,1.7,64,55,76,74,26,Yes,No,6.4,61
5395,Female,7.2,64,58,66,85,17,No,Yes,5.9,67
5396,Male,4.1,52,91,64,84,10,No,Yes,5.0,59
5397,Male,8.0,86,81,73,75,25,Yes,Yes,6.4,76
5398,Male,1.1,98,93,67,87,12,Yes,No,6.7,66
5399,Female,8.0,65,74,87,72,22,Yes,No,5.2,76
5400,Male,8.0,87,82,63,50,10,Yes,Yes,5.4,67
5401,Female,5.3,70,72,79,69,21,Yes,No,6.1,70
5402,Female,6.2,82,80,76,68,25,Yes,Yes,6.3,78
5403,Female,8.3,70,74,82,80,26,Yes,No,4.3,73
5404,Male,9.3,83,67,86,88,13,Yes,Yes,7.2,74
5405,Female,2.4,78,63,79,67,14,No,Yes,6.4,59
5406,Male,6.5,90,34,82,76,20,Yes,Yes,7.9,67
5407,Female,7.5,77,62,77,73,26,No,Yes,7.0,73
5408,Male,2.4,82,86,73,79,26,Yes,No,6.8,74
5409,Female,4.8,64,60,83,98,19,Yes,Yes,6.3,70
5410,Male,5.1,88,82,80,88,25,Yes,No,6.7,82
5411,Female,8.4,90,73,59,60,27,Yes,Yes,5.3,71
5412,Male,7.7,70,68,56,78,26,Yes,No,7.1,72
5413,Female,5.9,97,74,72,42,21,Yes,No,6.6,65
5414,Male,7.8,90,56,57,70,23,Yes,Yes,7.0,61
5415,Female,1.9,78,39,100,62,12,Yes,No,7.7,56
5416,Female,6.6,92,50,84,48,28,Yes,Yes,6.2,70
5417,Male,3.7,77,83,50,81,22,Yes,No,6.0,70
5418,Male,8.8,63,82,75,78,22,Yes,Yes,6.9,71
5419,Male,7.4,83,47,99,77,13,Yes,No,6.6,64
5420,Male,6.6,78,81,72,71,18,Yes,No,5.7,64
5421,Male,8.2,77,82,62,94,24,Yes,No,7.6,84
5422,Male,2.9,71,68,74,85,20,No,No,7.4,64
5423,Female,6.3,80,82,97,81,19,Yes,No,6.9,82
5424,Male,3.4,66,79,77,78,16,Yes,Yes,6.5,70
5425,Female,6.4,83,87,40,65,22,Yes,No,7.9,69
5426,Male,1.7,79,68,96,65,16,Yes,No,6.6,61
5427,Male,6.7,52,74,66,100,28,Yes,Yes,6.8,78
5428,Male,5.8,58,82,80,62,29,Yes,No,5.4,72
5429,Male,5.0,80,84,100,80,14,Yes,No,5.7,73
5430,Male,4.8,82,89,78,39,14,No,No,7.3,65
5431,Male,8.9,57,62,56,70,11,Yes,No,7.1,55
5432,Male,7.3,80,95,67,63,21,Yes,Yes,7.0,70
5433,Male,2.7,58,75,66,72,23,Yes,No,5.5,65
5434,Male,2.9,89,60,89,74,19,No,Yes,5.8,64
5435,Female,7.3,53,34,55,74,10,Yes,Yes,7.3,49
5436,Male,10.0,87,69,72,96,15,Yes,Yes,7.1,77
5437,Male,3.3,65,53,96,43,26,Yes,No,4.3,64
5438,Male,8.4,100,86,72,72,21,No,Yes,6.8,78
5439,Male,4.6,80,78,65,76,10,No,Yes,7.9,64
5440,Male,5.6,66,35,83,70,21,Yes,No,5.5,60
5441,Female,6.6,86,40,64,81,22,No,Yes,7.3,60
5442,Female,9.4,74,87,61,76,23,No,Yes,6.5,79
5443,Female,7.7,69,50,87,85,19,Yes,Yes,6.9,70
5444,Female,4.1,84,80,83,98,21,Yes,Yes,6.8,79
5445,Male,4.5,96,79,86,98,21,Yes,No,5.3,71
5446,Female,7.8,87,52,78,92,16,No,Yes,4.4,64
5447,Male,4.8,78,80,89,68,26,Yes,No,7.9,75
5448,Female,1.9,86,84,82,30,10,No,No,6.2,58
5449,Male,3.9,70,63,96,84,29,Yes,Yes,6.7,76
5450,Female,6.3,83,92,74,78,25,Yes,Yes,4.7,83
5451,Female,5.5,65,73,98,54,27,Yes,No,6.0,71
5452,Female,6.9,87,77,100,80,20,Yes,No,6.1,76
5453,Male,2.6,55,45,98,85,22,No,Yes,6.4,66
5454,Male,2.1,82,84,59,54,26,No,Yes,6.0,68
5455,Male,4.0,74,90,77,98,11,No,No,6.9,75
5456,Male,5.7,89,32,86,83,26,Yes,Yes,4.5,65
5457,Female,5.3,92,73,67,72,14,Yes,Yes,6.8,63
5458,Male,7.2,96,75,100,65,12,Yes,No,6.2,68
5459,Male,1.2,65,71,86,70,22,Yes,No,5.8,60
5460,Male,7.5,84,30,72,70,21,Yes,Yes,5.4,61
5461,Male,9.3,100,73,84,57,13,Yes,No,5.5,74
5462,Male,6.6,97,77,46,74,21,Yes,Yes,6.6,76
5463,Male,6.4,70,35,78,41,23,No,No,7.0,60
5464,Male,1.0,71,51,41,34,16,Yes,No,6.6,48
5465,Male,7.5,88,88,66,95,21,Yes,No,7.4,79
5466,Male,7.3,72,39,75,86,25,Yes,No,6.9,64
5467,Female,9.1,81,33,67,76,21,Yes,No,5.9,65
5468,Female,1.4,87,69,49,91,15,Yes,No,5.4,61
5469,Male,7.0,68,71,91,54,18,No,No,6.4,69
5470,Female,3.2,83,61,74,94,25,No,Yes,7.2,72
5471,Male,7.1,78,87,72,78,18,No,No,8.0,77
5472,Male,6.3,68,30,72,71,15,No,No,7.6,59
5473,Male,6.9,87,71,85,71,30,Yes,No,5.1,82
5474,Female,8.3,80,56,56,70,17,Yes,Yes,5.8,64
5475,Female,1.1,80,80,65,47,25,Yes,No,4.0,65
5476,Male,4.5,94,49,62,72,21,Yes,No,7.2,64
5477,Female,2.2,98,65,55,54,22,Yes,No,7.9,61
5478,Male,2.7,65,47,75,75,23,Yes,No,7.3,63
5479,Female,4.3,65,72,86,62,18,Yes,Yes,7.6,63
5480,Male,5.9,63,70,64,66,25,Yes,Yes,7.9,73
5481,Male,3.4,77,73,88,78,21,Yes,Yes,5.2,66
5482,Male,8.3,86,81,76,74,13,Yes,Yes,5.3,72
5483,Male,4.2,66,50,99,70,16,Yes,No,7.9,60
5484,Male,7.8,77,73,44,95,10,Yes,No,5.3,66
5485,Male,4.0,83,68,75,61,21,Yes,No,6.8,66
5486,Male,6.8,80,80,75,78,21,Yes,No,6.6,70
5487,Male,3.5,74,53,45,76,21,Yes,Yes,6.9,60
5488,Female,5.4,59,68,80,50,16,Yes,Yes,5.6,59
5489,Female,7.8,89,55,52,72,10,No,Yes,8.0,63
5490,Male,7.9,68,69,82,55,18,Yes,Yes,6.4,68
5491,Female,6.5,89,57,84,67,23,Yes,No,7.0,72
5492,Male,2.0,67,52,46,70,17,Yes,Yes,6.1,49
5493,Male,8.9,86,58,95,66,16,Yes,Yes,4.0,66
5494,Female,7.1,80,73,58,63,25,No,Yes,5.8,69
5495,Male,9.3,71,54,70,47,24,Yes,No,5.0,67
5496,Male,1.7,91,73,59,80,13,Yes,No,8.0,68
5497,Male,6.1,85,89,88,34,23,Yes,No,6.8,72
5498,Male,6.9,82,66,93,79,21,Yes,No,6.5,77
5499,Female,5.6,100,82,81,52,26,Yes,No,8.0,71
5500,Female,6.9,80,88,77,72,20,Yes,Yes,5.4,71
5501,Female,3.1,84,49,63,62,25,Yes,No,6.6,58
5502,Male,7.6,79,79,86,79,16,Yes,No,7.8,71
5503,Male,6.8,61,56,67,84,26,Yes,No,6.9,65
5504,Female,6.3,67,34,81,56,23,Yes,No,7.8,61
5505,Male,5.1,76,60,77,31,15,Yes,Yes,7.9,57
5506,Female,7.2,80,72,74,37,22,Yes,No,7.2,69
5507,Male,7.7,87,30,87,43,22,Yes,Yes,7.0,62
5508,Male,3.1,94,79,55,92,24,Yes,No,6.5,74
5509,Female,4.4,61,65,80,45,10,Yes,Yes,7.0,58
5510,Male,7.5,51,58,82,73,21,No,Yes,7.3,68
5511,Female,7.7,62,74,72,70,22,Yes,No,7.0,68
5512,Female,2.9,88,52,100,78,27,Yes,No,7.9,75
5513,Male,9.0,50,78,81,31,21,Yes,Yes,6.5,66
5514,Female,6.3,90,88,80,68,10,Yes,No,6.6,68
5515,Male,3.3,96,81,45,64,20,Yes,No,5.1,64
5516,Female,4.6,54,82,100,80,28,Yes,Yes,7.4,77
5517,Male,7.4,64,74,42,85,18,Yes,No,7.7,67
5518,Female,7.3,56,68,57,58,26,No,No,6.2,68
5519,Male,7.4,82,80,76,76,21,Yes,No,6.1,76
5520,Female,6.4,94,65,68,96,23,Yes,Yes,7.4,73
5521,Male,3.4,87,70,55,59,10,No,Yes,7.7,56
5522,Female,3.8,87,52,88,57,15,Yes,No,7.2,64
5523,Male,4.3,64,60,80,80,13,No,No,5.2,61
5524,Male,1.5,86,38,75,88,21,Yes,No,8.0,67
5525,Female,5.8,95,81,92,33,20,No,Yes,7.8,76
5526,Male,8.7,91,75,85,76,21,Yes,No,7.7,83
5527,Male,3.0,79,68,69,79,21,No,No,5.2,61
5528,Female,4.8,84,71,70,60,15,No,Yes,6.1,65
5529,Male,8.6,74,76,94,34,30,Yes,No,5.6,76
5530,Male,7.9,90,35,50,35,21,Yes,No,5.0,51
5531,Male,6.2,74,70,63,93,16,Yes,Yes,4.4,67
5532,Male,1.0,82,94,62,56,16,Yes,No,6.1,67
5533,Female,4.3,93,84,90,95,26,Yes,Yes,6.7,84
5534,Male,8.6,97,57,79,59,26,Yes,No,7.5,71
5535,Female,1.5,85,82,96,48,21,Yes,No,5.4,70
5536,Female,1.5,65,79,47,100,16,Yes,No,6.1,61
5537,Female,6.1,50,64,52,82,23,Yes,No,7.1,66
5538,Male,2.3,86,66,93,83,26,Yes,No,4.3,70
5539,Female,9.9,84,61,82,59,21,Yes,Yes,5.5,70
5540,Female,3.7,56,71,84,63,16,Yes,No,6.0,64
5541,Female,3.2,99,79,79,82,25,Yes,Yes,5.8,72
5542,Female,7.9,81,46,75,66,25,Yes,Yes,7.5,74
5543,Female,4.6,67,69,68,80,11,Yes,Yes,6.2,56
5544,Female,3.6,64,58,46,94,21,Yes,No,6.9,60
5545,Male,3.2,81,82,44,70,19,Yes,Yes,5.9,65
5546,Female,3.0,85,66,47,82,25,No,Yes,4.2,66
5547,Female,1.3,100,81,80,58,22,Yes,Yes,6.1,69
5548,Male,7.7,70,77,43,48,30,Yes,Yes,7.6,71
5549,Female,7.4,60,93,85,85,16,Yes,No,4.1,76
5550,Female,4.9,83,36,84,85,26,No,No,7.7,67
5551,Female,7.0,100,68,72,59,26,No,Yes,6.6,78
5552,Male,3.5,90,75,81,47,22,Yes,No,6.0,70
5553,Male,4.7,82,70,84,56,26,Yes,No,5.8,73
5554,Male,7.1,75,51,93,59,26,No,No,5.9,66
5555,Male,4.0,86,58,46,77,23,Yes,No,5.1,61
5556,Male,8.5,92,72,58,94,11,Yes,No,7.8,70
5557,Female,5.3,93,84,63,74,15,Yes,Yes,6.5,67
5558,Female,4.8,91,63,61,35,23,Yes,No,6.6,63
5559,Male,8.8,84,37,79,82,19,No,No,7.6,65
5560,Female,8.8,91,57,80,84,26,No,No,6.2,78
5561,Male,3.5,87,30,64,85,17,Yes,No,6.5,52
5562,Male,7.8,81,55,84,82,29,Yes,Yes,6.7,81
5563,Male,6.4,55,51,78,56,16,No,No,7.2,56
5564,Female,4.1,53,51,55,50,10,Yes,No,4.7,46
5565,Female,4.0,84,47,82,75,26,Yes,Yes,5.7,68
5566,Female,8.2,58,80,82,74,11,No,Yes,6.3,67
5567,Female,8.8,80,69,60,50,20,Yes,No,7.0,70
5568,Male,8.4,83,74,61,72,14,Yes,No,5.7,64
5569,Male,5.2,52,52,77,77,24,Yes,No,4.2,66
5570,Female,6.3,65,69,80,36,10,No,No,7.8,59
5571,Female,1.4,86,74,41,60,30,Yes,Yes,6.0,63
5572,Female,4.5,83,81,86,34,30,Yes,Yes,6.1,72
5573,Male,5.7,91,73,87,85,26,Yes,Yes,6.8,81
5574,Female,2.9,87,67,69,82,21,No,Yes,7.5,67
5575,Male,7.9,90,40,62,46,24,No,Yes,6.9,59
5576,Female,7.9,71,62,63,84,16,Yes,Yes,5.7,65
5577,Male,7.7,77,76,68,93,19,Yes,No,6.9,71
5578,Male,5.5,89,68,60,77,24,Yes,No,7.5,77
5579,Male,3.2,50,61,45,75,24,No,Yes,6.3,58
5580,Male,4.5,50,52,72,61,27,Yes,Yes,7.0,65
5581,Male,7.2,66,31,73,50,18,No,Yes,5.4,53
5582,Male,1.0,81,82,84,45,22,Yes,No,4.4,61
5583,Male,8.0,60,61,71,83,10,No,Yes,5.9,62
5584,Female,4.0,67,81,48,66,22,No,Yes,7.7,69
5585,Male,6.0,87,75,75,30,22,Yes,No,7.1,67
5586,Female,7.5,76,69,87,72,22,No,No,6.3,77
5587,Male,4.4,96,68,84,56,22,Yes,Yes,5.4,71
5588,Male,6.4,86,82,62,50,15,Yes,Yes,6.1,68
5589,Female,6.1,88,64,70,86,11,Yes,Yes,7.0,64
5590,Male,3.8,99,80,99,32,15,Yes,No,7.5,64
5591,Female,1.7,76,77,66,62,22,Yes,No,5.7,62
5592,Female,7.4,82,61,74,96,22,Yes,Yes,5.5,73
5593,Female,7.1,77,75,81,56,28,Yes,No,5.4,76
5594,Male,5.8,93,62,72,97,22,Yes,Yes,6.8,67
5595,Male,7.5,88,69,80,85,20,Yes,Yes,6.3,74
5596,Female,1.9,84,61,65,94,26,Yes,Yes,6.5,69
5597,Female,8.4,82,62,43,89,12,Yes,No,6.4,62
5598,Female,5.4,67,38,55,79,25,Yes,Yes,4.9,62
5599,Female,4.4,84,73,82,45,16,Yes,Yes,6.4,65
5600,Male,6.5,53,65,73,87,26,Yes,Yes,6.3,75
5601,Male,7.8,81,80,76,93,27,Yes,Yes,6.6,82
5602,Male,4.8,96,68,86,43,29,No,No,5.6,74
5603,Female,7.8,75,40,65,46,26,No,Yes,7.6,67
5604,Male,7.1,89,78,93,68,25,Yes,Yes,6.9,84
5605,Male,3.9,54,39,68,76,13,Yes,No,4.3,46
5606,Female,5.4,60,68,50,75,23,No,No,7.3,65
5607,Male,1.5,69,54,77,94,21,No,No,5.6,61
5608,Male,6.4,70,65,72,61,16,Yes,No,5.3,64
5609,Female,1.7,80,68,64,49,30,No,Yes,6.3,67
5610,Male,1.2,96,44,59,73,26,Yes,No,7.9,59
5611,Male,7.2,84,73,41,51,30,Yes,No,7.7,71
5612,Female,7.2,73,69,84,82,16,Yes,Yes,5.7,64
5613,Male,6.3,69,51,61,68,16,Yes,No,4.9,61
5614,Male,3.6,63,81,94,80,16,Yes,Yes,5.3,67
5615,Male,2.1,63,61,80,45,23,Yes,No,4.9,58
5616,Female,3.6,60,68,74,54,22,Yes,No,6.0,61
5617,Female,7.3,67,76,86,38,23,No,No,7.1,74
5618,Female,5.4,60,71,49,71,25,No,No,7.8,59
5619,Female,3.0,68,58,57,66,26,Yes,No,6.1,61
5620,Female,3.2,90,58,95,75,15,No,Yes,6.9,65
5621,Male,3.2,73,31,68,81,23,No,Yes,6.8,56
5622,Male,6.1,89,72,86,80,24,Yes,Yes,7.4,83
5623,Female,3.2,80,81,95,77,17,Yes,Yes,6.5,69
5624,Female,7.1,74,87,47,48,22,Yes,No,5.9,70
5625,Male,5.6,88,58,57,63,26,No,Yes,6.1,67
5626,Male,5.9,79,50,74,82,16,Yes,Yes,5.6,66
5627,Male,7.6,86,72,72,65,10,Yes,No,7.5,64
5628,Female,8.8,78,80,95,96,25,Yes,No,6.5,83
5629,Male,7.9,72,72,62,85,26,Yes,Yes,6.6,79
5630,Male,4.5,92,43,63,60,19,Yes,Yes,7.0,59
5631,Male,5.0,92,68,87,77,15,Yes,Yes,6.7,64
5632,Female,1.7,79,67,87,87,19,Yes,No,7.7,67
5633,Male,4.4,84,80,41,69,23,No,Yes,5.0,67
5634,Female,8.1,50,76,72,80,17,No,No,6.3,72
5635,Male,3.2,90,91,87,50,21,Yes,Yes,5.3,69
5636,Female,9.5,59,74,45,41,18,No,Yes,6.3,53
5637,Female,6.9,96,30,93,50,21,Yes,No,7.0,63
5638,Female,7.7,79,77,75,60,22,Yes,Yes,7.6,70
5639,Male,7.5,90,68,83,75,26,No,No,6.3,71
5640,Female,7.6,94,92,73,59,23,No,Yes,7.9,71
5641,Male,6.3,88,71,87,37,17,No,No,6.2,68
5642,Female,3.1,71,55,63,85,24,Yes,No,7.5,65
5643,Male,8.4,81,61,80,84,22,No,Yes,7.3,74
5644,Male,8.5,90,52,74,35,22,Yes,Yes,5.4,67
5645,Male,1.3,87,49,78,82,18,Yes,Yes,5.6,61
5646,Female,3.5,94,88,91,81,19,Yes,No,5.0,80
5647,Male,6.3,80,60,92,85,17,Yes,No,6.1,65
5648,Female,8.6,92,77,79,64,27,Yes,No,5.9,79
5649,Male,1.8,98,59,98,67,24,No,No,7.6,65
5650,Male,2.0,53,90,60,56,22,Yes,Yes,7.2,65
5651,Male,9.4,89,56,83,69,25,Yes,Yes,7.4,74
5652,Male,1.7,64,56,89,66,24,Yes,Yes,7.4,66
5653,Female,1.1,88,77,88,52,25,Yes,Yes,5.0,68
5654,Female,4.0,53,62,91,52,11,No,Yes,8.0,60
5655,Male,7.2,82,73,51,82,20,Yes,No,6.0,72
5656,Female,7.1,90,64,55,96,20,Yes,No,7.1,78
5657,Male,10.0,80,80,68,81,21,No,No,6.6,77
5658,Female,3.7,69,68,47,95,26,Yes,Yes,7.8,67
5659,Male,3.2,88,51,100,94,20,Yes,No,6.8,70
5660,Male,7.9,72,62,40,81,27,Yes,No,6.8,67
5661,Female,6.5,78,85,51,85,21,Yes,No,5.6,77
5662,Male,4.8,51,60,85,54,20,Yes,Yes,5.6,60
5663,Male,6.1,90,81,100,69,25,Yes,Yes,4.6,77
5664,Female,6.4,89,50,100,46,25,No,Yes,6.0,66
5665,Male,3.9,80,55,55,71,22,No,Yes,5.1,62
5666,Male,9.5,88,74,46,44,18,Yes,No,7.3,66
5667,Female,4.7,100,68,87,90,23,Yes,Yes,7.8,75
5668,Female,5.6,79,34,84,40,21,No,Yes,6.3,61
5669,Female,4.8,82,74,44,97,10,Yes,No,7.3,61
5670,Male,6.7,87,70,88,76,22,Yes,No,7.4,76
5671,Male,6.2,81,53,41,32,20,Yes,No,4.0,54
5672,Male,3.5,64,95,46,84,26,No,No,7.8,70
5673,Male,6.0,65,82,93,70,26,Yes,Yes,7.3,80
5674,Male,6.7,89,36,73,61,23,Yes,Yes,6.8,59
5675,Male,6.8,67,79,77,36,27,Yes,Yes,7.2,74
5676,Female,2.3,95,58,62,84,24,No,No,7.5,64
5677,Male,5.2,87,59,74,84,18,Yes,No,7.1,70
5678,Male,7.6,79,82,72,72,16,No,Yes,7.5,76
5679,Male,3.7,55,78,55,31,29,Yes,No,6.9,66
5680,Male,3.8,81,63,78,78,21,Yes,Yes,5.6,67
5681,Male,4.1,87,57,85,65,28,Yes,No,6.2,69
5682,Male,9.0,71,50,72,65,21,Yes,Yes,6.7,64
5683,Female,7.3,77,91,45,54,18,No,Yes,5.4,72
5684,Male,6.8,77,68,67,37,25,Yes,No,6.7,64
5685,Female,9.8,72,81,68,57,26,No,No,7.8,75
5686,Male,4.3,92,86,87,88,17,Yes,No,6.9,78
5687,Female,2.7,80,33,87,70,16,Yes,Yes,6.0,52
5688,Female,4.1,82,35,69,81,22,Yes,Yes,6.7,57
5689,Male,6.7,88,81,73,33,23,Yes,Yes,5.3,64
5690,Female,4.6,91,69,71,88,26,No,No,6.5,73
5691,Male,6.2,78,49,81,91,12,Yes,No,6.6,63
5692,Female,6.8,100,76,81,73,22,Yes,Yes,5.9,77
5693,Male,9.7,86,90,99,74,23,Yes,Yes,7.8,90
5694,Male,5.2,68,59,77,77,23,Yes,No,6.5,69
5695,Male,6.5,86,74,51,59,18,Yes,Yes,4.8,63
5696,Male,4.9,83,79,57,31,24,No,No,7.4,65
5697,Female,1.2,76,78,73,97,20,Yes,Yes,5.0,70
5698,Female,4.4,88,80,79,74,13,Yes,No,4.8,70
5699,Female,6.3,73,66,88,43,10,Yes,No,4.4,58
5700,Male,6.6,90,67,71,49,18,No,No,6.9,64
5701,Female,9.5,65,71,75,77,26,Yes,No,7.0,74
5702,Male,7.0,87,46,86,92,25,Yes,Yes,6.7,68
5703,Male,7.5,93,79,97,79,22,Yes,No,6.5,83
5704,Female,8.9,60,77,88,74,20,Yes,No,6.5,77
5705,Female,4.0,83,50,75,39,21,Yes,Yes,6.7,60
5706,Male,3.3,86,68,79,77,26,Yes,Yes,6.6,71
5707,Female,1.9,70,73,86,57,16,No,Yes,6.5,66
5708,Male,5.6,87,74,93,61,26,Yes,No,7.2,75
5709,Male,6.2,77,78,58,70,28,No,Yes,5.2,75
5710,Male,7.5,78,37,95,97,26,Yes,No,6.5,72
5711,Male,8.3,50,68,86,55,11,Yes,Yes,6.2,60
5712,Female,7.1,66,70,56,75,27,Yes,No,6.2,73
5713,Female,8.1,86,81,55,77,27,Yes,Yes,7.4,80
5714,Female,1.8,57,39,43,35,26,Yes,Yes,7.6,49
5715,Male,9.4,90,72,71,65,19,Yes,No,6.7,73
5716,Female,1.5,86,50,87,78,12,Yes,No,7.2,58
5717,Female,8.7,88,95,81,87,22,Yes,Yes,6.9,92
5718,Female,5.4,58,69,95,65,25,No,Yes,7.8,76
5719,Male,2.6,100,63,76,58,21,Yes,Yes,7.2,67
5720,Female,6.6,87,32,56,30,16,No,No,4.5,47
5721,Female,6.8,58,69,100,43,16,Yes,No,5.5,67
5722,Male,1.7,78,75,63,71,12,Yes,No,6.0,60
5723,Male,6.7,96,82,91,32,26,Yes,No,7.4,76
5724,Female,7.4,89,74,84,55,18,Yes,No,8.0,71
5725,Male,6.3,72,62,58,59,23,Yes,Yes,6.9,64
5726,Male,7.1,69,68,63,64,14,Yes,No,5.2,52
5727,Female,8.7,78,80,93,46,14,No,No,7.1,72
5728,Male,3.6,88,43,82,71,23,No,Yes,4.1,59
5729,Male,2.7,90,81,62,78,27,Yes,Yes,7.5,79
5730,Female,7.9,84,37,82,75,13,Yes,Yes,7.3,61
5731,Male,3.1,87,53,73,83,13,Yes,Yes,7.4,57
5732,Female,1.0,92,77,93,83,24,Yes,No,6.4,74
5733,Female,7.2,81,59,72,58,26,Yes,No,4.7,64
5734,Male,9.1,64,52,72,65,22,No,No,6.8,68
5735,Female,5.4,75,79,82,46,15,Yes,No,6.0,66
5736,Female,7.2,95,69,55,80,19,Yes,No,7.5,74
5737,Female,8.3,67,65,83,78,20,Yes,No,6.6,69
5738,Male,4.5,100,71,71,72,18,Yes,Yes,6.9,69
5739,Male,6.2,68,68,86,57,17,Yes,Yes,4.5,60
5740,Male,7.2,80,65,67,67,15,Yes,No,4.3,65
5741,Female,3.8,76,68,52,90,25,Yes,Yes,5.9,70
5742,Female,2.2,69,74,55,72,22,Yes,Yes,7.1,66
5743,Female,7.0,80,81,67,80,29,Yes,No,6.9,80
5744,Male,1.1,90,83,44,34,22,No,No,6.8,61
5745,Female,6.4,69,73,53,43,17,Yes,Yes,7.5,66
5746,Female,1.1,81,81,99,39,25,Yes,No,7.3,69
5747,Male,2.6,81,72,42,79,26,Yes,No,4.7,65
5748,Female,1.8,77,57,90,79,18,Yes,Yes,6.8,60
5749,Male,7.0,66,62,45,40,22,Yes,Yes,5.9,56
5750,Female,6.8,83,43,78,63,13,No,No,7.6,60
5751,Female,3.9,83,80,83,80,24,Yes,Yes,6.1,78
5752,Female,7.3,70,47,60,74,25,Yes,Yes,6.2,64
5753,Female,2.4,84,78,100,84,28,Yes,No,7.8,79
5754,Female,8.8,51,61,81,32,23,Yes,No,5.2,62
5755,Male,3.2,65,32,75,93,25,No,Yes,6.6,59
5756,Male,7.3,77,80,79,73,30,No,Yes,5.2,80
5757,Male,3.0,81,74,81,56,24,Yes,Yes,6.5,64
5758,Male,5.4,82,63,61,70,13,No,No,4.5,63
5759,Male,3.4,85,81,95,60,24,Yes,Yes,7.2,73
5760,Male,4.2,50,80,93,84,26,No,No,4.8,76
5761,Female,1.3,91,66,82,79,26,Yes,No,6.3,66
5762,Male,5.5,82,69,56,50,26,No,Yes,6.3,68
5763,Male,7.1,67,82,62,80,21,Yes,No,6.9,75
5764,Female,9.5,64,58,66,51,29,Yes,No,5.1,69
5765,Male,7.5,88,58,79,54,26,Yes,No,7.3,68
5766,Female,5.3,82,89,78,62,22,No,Yes,7.7,77
5767,Female,8.5,83,51,84,69,14,No,No,7.4,62
5768,Male,5.6,75,59,42,54,29,Yes,No,5.8,62
5769,Female,3.6,79,82,77,58,21,Yes,No,6.6,72
5770,Male,7.3,83,76,78,51,21,Yes,Yes,7.0,74
5771,Male,6.2,84,85,84,88,18,Yes,No,6.7,77
5772,Female,2.5,67,34,68,79,21,Yes,Yes,6.0,52
5773,Female,3.0,67,55,76,64,19,Yes,Yes,5.0,60
5774,Female,3.3,88,62,49,80,23,No,Yes,6.9,65
5775,Female,7.1,90,66,48,80,24,Yes,No,6.5,63
5776,Male,4.3,61,47,44,58,16,No,No,7.5,54
5777,Male,2.8,88,78,51,75,30,Yes,No,7.1,73
5778,Female,7.7,86,66,78,51,22,Yes,No,6.6,73
5779,Male,7.1,84,70,53,80,30,Yes,Yes,5.5,71
5780,Male,7.4,85,50,66,73,13,Yes,No,5.7,50
5781,Male,5.5,65,70,55,62,21,Yes,Yes,5.7,64
5782,Male,7.2,87,91,91,53,17,Yes,Yes,6.1,76
5783,Male,5.4,82,79,64,98,18,Yes,No,7.8,69
5784,Female,5.9,59,53,67,95,23,Yes,No,6.9,64
5785,Male,2.9,71,68,71,43,29,Yes,No,5.7,73
5786,Male,3.5,74,58,55,77,14,Yes,No,6.1,56
5787,Male,6.7,55,35,66,95,30,No,Yes,4.0,66
5788,Female,4.4,66,79,89,90,24,No,Yes,5.9,74
5789,Male,2.1,89,52,44,40,28,Yes,No,4.2,48
5790,Male,9.5,62,68,47,57,18,Yes,Yes,6.4,63
5791,Female,8.3,84,62,51,59,17,Yes,Yes,5.9,62
5792,Male,5.9,87,73,86,63,21,No,No,7.9,72
5793,Male,5.9,93,32,67,35,13,Yes,Yes,6.5,49
5794,Female,6.9,61,56,78,100,17,Yes,Yes,5.6,68
5795,Male,2.7,80,54,100,58,20,Yes,No,6.2,62
5796,Male,1.4,89,70,66,34,16,Yes,No,6.7,52
5797,Female,6.5,75,56,81,89,17,Yes,No,6.2,69
5798,Female,6.8,97,58,87,53,19,No,No,5.2,60
5799,Male,4.2,67,57,71,91,18,Yes,Yes,7.1,58
5800,Male,8.9,87,66,64,51,25,Yes,No,7.6,74
5801,Female,7.1,81,68,54,91,23,Yes,No,4.8,72
5802,Male,8.0,80,66,69,77,16,Yes,Yes,7.2,69
5803,Female,4.5,85,79,72,56,16,No,Yes,6.8,62
5804,Male,4.1,85,54,56,66,27,Yes,No,6.7,62
5805,Male,9.4,83,69,70,83,21,No,No,7.2,75
5806,Male,7.9,92,82,75,73,24,Yes,No,5.5,73
5807,Male,6.9,71,60,63,58,22,Yes,No,7.1,63
5808,Male,4.0,52,30,74,87,17,No,No,7.9,57
5809,Female,9.5,73,55,72,67,28,Yes,No,6.9,77
5810,Male,6.1,98,54,67,84,21,No,No,7.3,68
5811,Male,6.2,88,39,99,56,24,Yes,Yes,7.1,69
5812,Female,3.1,50,70,40,45,22,No,No,7.5,51
5813,Male,2.8,75,74,85,95,26,Yes,Yes,7.1,78
5814,Male,7.2,62,90,69,70,17,Yes,No,6.2,69
5815,Male,5.4,100,81,55,66,16,No,No,5.6,68
5816,Male,9.7,55,81,65,30,26,No,No,6.7,70
5817,Female,4.0,90,37,81,80,18,No,No,7.1,65
5818,Male,7.7,92,72,83,41,22,No,No,4.8,67
5819,Female,9.9,87,73,70,93,19,No,Yes,7.9,81
5820,Female,4.5,81,73,41,84,30,Yes,Yes,7.8,72
5821,Female,6.7,62,44,61,75,18,Yes,No,5.2,57
5822,Male,2.7,78,68,77,50,25,Yes,No,6.4,65
5823,Female,6.7,85,68,99,61,21,Yes,No,7.7,72
5824,Male,2.7,85,36,89,55,17,Yes,Yes,5.8,54
5825,Female,5.0,98,85,88,41,13,Yes,No,5.5,67
5826,Female,4.4,70,75,45,53,22,Yes,No,7.6,64
5827,Female,9.3,83,61,64,76,19,Yes,No,6.7,70
5828,Male,4.0,50,45,84,88,26,Yes,No,5.1,66
5829,Female,7.2,83,74,66,63,22,Yes,No,6.8,74
5830,Male,4.2,70,45,84,76,20,Yes,No,6.8,59
5831,Male,6.2,66,81,64,85,23,No,Yes,7.8,78
5832,Male,4.9,81,92,98,70,21,Yes,No,6.5,75
5833,Female,6.1,89,77,73,73,21,Yes,Yes,7.3,76
5834,Male,2.9,88,76,84,53,18,Yes,No,5.5,67
5835,Female,3.4,61,81,82,71,26,Yes,Yes,7.6,68
5836,Female,7.1,92,72,97,33,23,Yes,Yes,5.0,71
5837,Male,9.2,86,70,72,75,24,Yes,No,6.3,75
5838,Male,2.2,86,77,73,78,22,Yes,Yes,5.4,66
5839,Male,4.2,86,82,73,76,26,Yes,No,6.1,79
5840,Female,4.6,61,44,64,70,10,Yes,No,5.7,48
5841,Male,7.4,89,75,82,78,20,No,No,6.0,73
5842,Male,5.6,70,82,75,93,19,No,No,5.9,74
5843,Male,5.7,100,72,70,85,16,Yes,Yes,6.0,72
5844,Male,6.0,87,65,77,79,17,Yes,No,7.0,69
5845,Female,1.3,60,81,81,94,22,Yes,Yes,7.3,75
5846,Male,6.2,70,64,64,55,26,Yes,Yes,5.1,67
5847,Female,4.1,96,75,78,33,29,No,No,5.3,63
5848,Male,3.6,86,77,59,76,30,Yes,Yes,5.7,71
5849,Male,2.3,68,82,75,84,30,Yes,No,7.4,75
5850,Male,5.2,85,35,61,41,20,Yes,No,7.8,56
5851,Female,5.2,80,60,93,85,12,No,No,7.1,59
5852,Male,7.6,83,51,61,66,18,Yes,No,8.0,71
5853,Female,9.7,71,73,79,63,21,No,Yes,5.2,74
5854,Female,2.2,100,69,81,76,29,Yes,No,7.1,75
5855,Male,4.2,78,83,72,33,23,Yes,No,7.9,72
5856,Male,1.0,91,69,72,72,29,Yes,No,7.0,77
5857,Male,2.1,71,70,69,58,26,Yes,Yes,6.6,68
5858,Male,10.0,75,66,76,47,25,No,No,6.8,75
5859,Male,6.3,81,85,87,76,26,No,Yes,6.5,81
5860,Female,7.1,56,36,56,87,22,No,Yes,6.3,59
5861,Female,3.6,96,77,67,78,25,Yes,No,6.7,72
5862,Female,7.1,83,56,95,80,14,No,No,4.4,63
5863,Male,7.7,79,93,60,72,26,Yes,No,5.9,77
5864,Female,5.8,88,55,59,83,22,Yes,No,5.3,61
5865,Male,6.8,52,41,74,77,21,Yes,No,7.3,61
5866,Male,6.7,51,71,88,84,24,Yes,Yes,7.3,70
5867,Male,6.0,62,69,72,76,26,Yes,No,7.1,73
5868,Male,2.3,65,70,99,34,26,Yes,Yes,7.7,67
5869,Female,1.7,86,69,87,63,25,Yes,No,6.1,69
5870,Male,5.7,58,95,47,58,15,No,Yes,7.4,64
5871,Male,6.5,80,53,55,96,26,Yes,Yes,5.4,78
5872,Male,4.5,69,71,82,48,12,Yes,No,5.8,63
5873,Male,6.1,89,70,54,58,19,Yes,Yes,6.6,61
5874,Male,7.5,58,65,76,53,26,Yes,Yes,7.8,71
5875,Female,7.9,82,68,79,75,21,Yes,No,7.5,72
5876,Male,4.7,73,73,56,51,23,Yes,Yes,6.9,62
5877,Female,5.3,63,61,82,78,19,Yes,Yes,5.1,61
5878,Female,7.2,79,81,99,76,24,Yes,Yes,6.5,82
5879,Female,7.5,61,71,65,85,22,Yes,No,6.7,70
5880,Male,1.5,92,82,98,67,19,No,No,7.1,75
5881,Male,4.1,100,66,72,47,18,Yes,Yes,7.0,67
5882,Male,6.1,81,57,53,82,24,Yes,No,6.8,71
5883,Male,6.7,99,72,85,93,25,No,Yes,6.7,78
5884,Male,5.2,86,31,82,94,20,Yes,No,5.8,64
5885,Male,8.2,86,55,94,70,25,Yes,Yes,7.5,77
5886,Male,3.0,86,74,87,43,21,No,No,5.3,64
5887,Female,6.1,77,46,96,45,20,Yes,No,7.6,61
5888,Male,6.7,86,79,75,82,23,Yes,No,6.3,82
5889,Male,8.5,85,77,86,39,26,Yes,Yes,7.6,77
5890,Female,2.5,87,57,86,69,22,Yes,Yes,6.7,67
5891,Female,6.4,81,78,100,94,26,Yes,No,7.3,81
5892,Female,2.8,78,68,82,57,30,Yes,Yes,7.2,67
5893,Female,8.3,100,78,53,32,19,Yes,No,6.4,65
5894,Female,6.6,66,46,77,59,15,Yes,No,6.4,57
5895,Male,5.5,88,80,42,85,11,Yes,No,7.3,62
5896,Female,7.0,67,69,62,43,26,Yes,Yes,4.0,64
5897,Male,6.7,90,33,82,92,15,Yes,No,7.8,58
5898,Male,3.9,54,80,89,79,30,Yes,No,5.7,73
5899,Female,6.6,99,65,65,71,16,Yes,No,7.1,69
5900,Male,7.9,79,72,51,78,14,No,Yes,4.2,65
5901,Male,4.3,66,59,76,61,20,Yes,Yes,7.6,62
5902,Female,6.0,55,80,76,42,30,Yes,Yes,5.4,68
5903,Female,1.6,82,37,72,37,21,Yes,Yes,6.6,48
5904,Female,5.5,72,61,80,71,28,Yes,No,5.9,70
5905,Male,1.1,82,68,48,77,21,No,No,7.7,64
5906,Male,9.1,98,75,76,77,23,Yes,Yes,6.0,81
5907,Female,3.2,84,78,58,72,25,No,No,6.0,68
5908,Female,6.2,90,35,84,77,26,Yes,Yes,6.9,64
5909,Male,5.9,74,69,68,60,21,Yes,Yes,5.1,66
5910,Male,2.0,66,94,72,90,17,Yes,Yes,6.5,69
5911,Male,1.7,63,79,62,80,16,No,Yes,5.9,60
5912,Female,9.0,90,80,82,50,24,Yes,No,6.8,81
5913,Male,7.6,78,75,86,84,22,Yes,Yes,6.6,80
5914,Female,6.1,67,46,87,41,22,Yes,No,6.3,60
5915,Female,7.2,61,82,71,57,27,Yes,No,7.4,71
5916,Female,7.4,80,81,71,39,21,No,No,6.4,70
5917,Male,8.3,98,71,78,69,20,Yes,Yes,6.7,78
5918,Female,4.8,86,74,70,58,30,Yes,Yes,5.7,71
5919,Male,7.3,69,73,56,72,19,Yes,Yes,5.6,71
5920,Male,8.3,89,58,82,51,16,Yes,No,6.9,70
5921,Male,8.9,83,57,55,45,24,No,Yes,5.2,69
5922,Female,1.1,66,73,74,45,10,Yes,No,7.3,55
5923,Female,4.0,74,89,76,77,21,Yes,No,6.0,75
5924,Female,2.7,80,35,79,76,14,No,No,6.0,58
5925,Female,7.3,84,53,81,59,25,Yes,No,7.4,71
5926,Male,6.2,84,78,55,32,25,Yes,Yes,6.7,65
5927,Male,9.8,75,80,66,78,17,Yes,No,6.7,73
5928,Male,6.5,67,71,67,73,26,Yes,No,4.7,71
5929,Female,6.7,87,93,55,61,14,Yes,No,6.5,66
5930,Female,4.3,100,68,99,75,16,No,No,5.9,70
5931,Female,1.8,65,65,62,78,26,Yes,No,6.3,68
5932,Female,3.4,82,68,94,69,18,Yes,Yes,7.4,62
5933,Female,2.0,76,65,40,50,21,No,Yes,4.5,58
5934,Female,7.8,91,57,47,44,18,Yes,Yes,7.6,64
5935,Male,7.9,76,48,77,67,22,Yes,Yes,6.7,65
5936,Female,2.7,61,81,58,54,26,Yes,Yes,7.5,68
5937,Male,9.6,74,36,54,87,17,No,No,5.0,59
5938,Female,2.2,83,79,87,33,20,Yes,No,7.4,69
5939,Male,6.3,74,77,85,52,27,No,No,5.2,76
5940,Male,3.9,76,74,49,74,30,No,No,5.3,65
5941,Female,7.7,65,69,86,75,29,Yes,No,7.4,80
5942,Male,3.5,90,81,82,56,28,Yes,Yes,4.7,72
5943,Male,7.3,89,52,64,72,23,No,Yes,6.7,68
5944,Male,5.5,65,75,90,70,20,Yes,No,6.2,69
5945,Male,5.5,53,81,40,93,16,No,Yes,4.1,68
5946,Female,7.3,82,36,55,82,21,No,Yes,7.1,65
5947,Female,6.6,50,43,73,82,22,Yes,Yes,7.6,61
5948,Female,3.8,83,66,69,92,10,Yes,Yes,7.5,60
5949,Male,8.7,87,80,75,76,26,No,No,7.9,81
5950,Male,4.7,87,78,86,85,22,No,No,4.7,76
5951,Female,7.7,82,52,69,73,24,Yes,No,6.5,69
5952,Female,6.0,65,68,99,97,26,Yes,No,6.2,82
5953,Female,6.4,76,57,69,83,16,Yes,Yes,6.0,66
5954,Female,7.0,100,66,51,97,21,Yes,Yes,6.5,75
5955,Female,6.9,83,39,56,63,21,Yes,Yes,7.1,60
5956,Male,4.0,65,66,75,100,18,Yes,Yes,6.1,63
5957,Female,7.5,66,35,73,65,26,Yes,No,8.0,63
5958,Male,9.6,66,82,55,94,22,Yes,No,7.3,81
5959,Male,6.2,62,65,82,64,27,Yes,No,7.8,72
5960,Female,6.5,73,54,82,85,21,Yes,Yes,6.2,70
5961,Male,9.6,82,44,54,73,22,Yes,No,7.9,65
5962,Male,7.8,68,65,72,77,21,Yes,No,5.2,66
5963,Female,4.3,87,82,42,37,22,Yes,No,5.1,61
5964,Male,8.3,80,73,81,77,22,Yes,No,6.7,77
5965,Male,4.5,67,60,66,61,24,Yes,No,6.9,62
5966,Male,3.6,84,40,88,80,21,Yes,No,7.3,63
5967,Male,3.5,99,77,83,51,25,No,No,4.2,67
5968,Female,7.7,83,48,61,41,21,Yes,Yes,7.0,63
5969,Male,6.9,58,77,80,50,23,No,No,7.1,69
5970,Male,7.7,87,62,54,73,19,Yes,Yes,7.9,72
5971,Male,1.6,84,60,63,85,21,Yes,Yes,6.1,67
5972,Male,4.7,77,39,63,80,22,No,No,7.8,61
5973,Male,7.0,80,92,72,60,16,Yes,No,5.0,68
5974,Male,9.1,84,51,78,89,30,Yes,Yes,7.6,72
5975,Male,6.3,78,50,78,75,22,Yes,No,7.2,63
5976,Male,7.2,86,82,97,93,28,Yes,Yes,6.0,82
5977,Female,6.6,83,50,84,45,24,Yes,No,6.4,69
5978,Male,7.2,64,82,74,91,22,Yes,No,7.9,78
5979,Female,6.5,90,68,55,53,22,Yes,No,6.8,68
5980,Female,7.0,85,88,84,65,29,Yes,No,7.3,76
5981,Male,9.5,63,76,86,58,22,No,Yes,5.7,70
5982,Male,6.0,95,38,44,77,28,Yes,No,6.1,65
5983,Female,2.4,98,68,83,48,17,Yes,Yes,7.6,65
5984,Female,3.8,100,82,81,89,25,No,No,6.2,78
5985,Male,4.3,61,47,83,37,24,Yes,No,6.8,60
5986,Male,2.2,54,39,47,83,22,Yes,No,6.7,58
5987,Female,7.2,65,61,91,80,12,Yes,Yes,8.0,67
5988,Male,7.5,86,71,64,76,21,Yes,Yes,5.4,71
5989,Male,7.8,75,84,69,77,27,Yes,Yes,5.6,79
5990,Male,6.6,95,64,67,71,20,Yes,No,6.2,76
5991,Male,7.2,77,73,72,77,18,No,No,8.0,66
5992,Female,8.7,82,40,67,68,17,Yes,Yes,6.8,63
5993,Female,3.2,91,53,76,82,21,Yes,No,7.9,66
5994,Male,4.5,82,33,76,42,21,Yes,No,7.0,56
5995,Male,4.1,82,68,74,87,28,Yes,Yes,5.5,71
5996,Male,1.6,88,54,43,43,16,No,No,7.7,51
5997,Male,8.9,84,45,75,52,16,Yes,No,5.3,62
5998,Female,4.3,70,73,64,86,26,Yes,No,7.5,82
5999,Female,3.5,80,65,88,80,21,No,Yes,6.2,71
6000,Male,7.6,69,69,67,80,17,Yes,Yes,5.5,65
