Student_ID,Gender,Study_Hours,Attendance_Percent,Previous_Marks,Assignment_Score,Quiz_Score,Internal_Marks,Internet_Access,Extracurricular,Sleep_Hours,Final_Marks
1001,Female,8.5,92,83,87,98,26,Yes,Yes,6.5,84
1002,Male,9.1,100,93,92,99,30,Yes,Yes,6.9,84
1003,Male,8.6,93,90,88,87,29,Yes,No,6.6,89
1004,Female,9.1,96,82,94,96,30,Yes,Yes,6.8,84
1005,Male,10.0,93,83,97,93,29,Yes,No,7.5,90
1006,Male,9.3,100,82,90,92,27,Yes,Yes,7.2,87
1007,Male,8.5,90,90,97,93,26,Yes,No,6.8,87
1008,Male,9.8,100,94,89,93,27,Yes,No,6.9,88
1009,Female,8.7,92,95,87,86,26,Yes,Yes,6.7,84
1010,Female,8.8,97,88,85,88,30,Yes,Yes,7.6,89
1011,Male,8.9,94,85,88,94,30,Yes,Yes,7.4,85
1012,Female,9.2,97,80,88,96,28,Yes,No,6.9,86
1013,Male,9.6,98,84,89,100,30,Yes,Yes,6.7,91
1014,Male,9.4,96,91,99,99,26,Yes,No,6.9,83
1015,Female,9.2,90,82,86,92,26,Yes,Yes,7.9,87
1016,Male,9.3,93,84,100,92,29,Yes,Yes,7.7,86
1017,Male,8.7,96,94,86,88,26,Yes,Yes,7.1,87
1018,Male,9.1,92,93,90,93,29,Yes,Yes,6.9,84
1019,Female,8.1,98,80,87,92,27,Yes,Yes,7.1,90
1020,Male,8.3,90,92,93,99,28,Yes,No,7.1,91
1021,Female,9.9,99,81,95,86,26,Yes,No,7.4,85
1022,Male,9.7,91,82,92,97,26,Yes,Yes,7.9,86
1023,Male,9.3,99,90,93,91,28,Yes,No,6.9,90
1024,Female,8.9,91,80,99,88,26,Yes,No,7.3,86
1025,Male,9.8,95,89,90,99,30,Yes,No,7.6,84
1026,Female,9.9,92,88,88,88,30,Yes,Yes,6.7,89
1027,Male,9.4,94,95,93,86,26,Yes,Yes,7.5,87
1028,Male,9.3,94,85,99,98,30,Yes,Yes,6.5,84
1029,Male,9.2,92,93,89,86,28,Yes,No,7.0,83
1030,Female,9.3,95,93,89,92,27,Yes,Yes,8.0,85
1031,Female,9.6,96,87,93,90,26,Yes,Yes,7.1,82
1032,Female,8.7,93,87,85,91,29,Yes,Yes,7.0,83
1033,Female,9.4,98,90,85,88,28,Yes,Yes,6.8,87
1034,Male,8.7,95,93,88,97,30,Yes,Yes,6.8,84
1035,Female,8.7,91,90,95,88,28,No,Yes,7.3,90
1036,Female,9.1,93,93,97,90,30,Yes,Yes,7.4,91
1037,Male,8.9,99,90,99,99,29,Yes,Yes,7.5,92
1038,Male,9.0,100,90,87,92,28,Yes,No,6.8,86
1039,Female,10.0,99,82,99,98,30,Yes,No,6.8,91
1040,Female,9.3,90,83,98,92,27,Yes,No,7.7,90
1041,Female,8.9,97,90,99,98,30,Yes,No,7.2,86
1042,Female,9.7,94,95,92,93,29,Yes,Yes,6.6,89
1043,Male,9.8,91,84,89,92,29,Yes,Yes,7.5,86
1044,Male,9.1,96,81,91,98,29,Yes,No,7.9,82
1045,Female,8.6,96,93,92,100,27,Yes,No,6.9,91
1046,Male,9.4,97,84,85,97,30,Yes,Yes,7.3,83
1047,Female,9.7,92,81,93,97,28,Yes,Yes,6.8,88
1048,Female,8.6,96,88,87,100,26,Yes,Yes,7.6,82
1049,Female,9.6,100,81,85,92,27,Yes,Yes,7.8,84
1050,Female,9.1,93,94,93,96,27,Yes,Yes,7.4,84
1051,Female,9.2,94,92,97,91,26,Yes,Yes,7.4,86
1052,Female,9.7,99,83,86,96,30,Yes,No,7.1,90
1053,Male,8.0,96,95,88,98,28,Yes,Yes,7.5,90
1054,Male,9.2,98,95,99,98,30,Yes,Yes,6.9,88
1055,Male,8.5,97,92,95,85,29,Yes,Yes,7.8,85
1056,Male,8.7,99,88,85,91,26,Yes,No,6.9,89
1057,Female,9.4,100,95,99,85,26,Yes,Yes,6.9,90
1058,Male,8.9,98,91,98,95,28,Yes,Yes,7.6,87
1059,Female,9.4,95,83,90,91,27,Yes,Yes,7.6,87
1060,Female,8.6,95,85,94,85,30,Yes,Yes,6.7,83
1061,Male,9.3,97,83,85,94,29,Yes,No,7.2,88
1062,Male,9.9,97,83,87,97,29,Yes,No,6.6,84
1063,Male,8.2,93,83,98,92,30,Yes,Yes,7.1,90
1064,Female,8.6,99,81,88,91,27,Yes,Yes,6.9,82
1065,Male,8.3,96,94,100,94,26,Yes,No,6.8,87
1066,Female,9.8,100,86,98,88,30,Yes,Yes,6.8,86
1067,Male,8.1,94,89,99,88,29,Yes,Yes,7.5,89
1068,Female,8.9,99,81,98,95,30,Yes,Yes,6.9,84
1069,Female,10.0,100,88,86,90,29,Yes,No,7.3,92
1070,Female,9.3,97,82,100,96,29,No,Yes,7.0,85
1071,Male,8.6,96,81,99,87,28,Yes,Yes,6.9,83
1072,Female,9.3,98,94,98,86,27,Yes,No,7.3,91
1073,Female,8.5,92,89,99,100,26,Yes,Yes,6.5,85
1074,Male,9.1,91,87,88,99,26,Yes,Yes,7.5,84
1075,Male,9.0,94,93,100,100,27,Yes,No,7.2,85
1076,Female,9.7,94,93,95,93,26,Yes,Yes,6.9,88
1077,Female,9.1,95,90,97,99,28,Yes,Yes,7.8,87
1078,Male,8.1,97,92,97,89,29,Yes,Yes,7.9,85
1079,Female,8.2,97,80,89,98,27,Yes,Yes,6.6,86
1080,Female,9.3,95,92,95,100,30,Yes,Yes,6.6,85
1081,Male,10.0,91,93,88,88,29,Yes,Yes,6.7,89
1082,Female,8.6,95,93,89,92,30,Yes,Yes,7.1,86
1083,Female,9.2,93,95,89,92,29,Yes,No,7.5,91
1084,Male,9.8,100,85,87,99,28,Yes,Yes,8.0,88
1085,Female,9.7,93,92,100,88,27,Yes,Yes,7.1,89
1086,Female,8.0,100,92,93,85,30,Yes,Yes,7.8,83
1087,Female,9.6,93,91,92,91,30,Yes,No,6.9,86
1088,Male,8.6,97,81,96,89,26,Yes,Yes,7.9,87
1089,Female,9.6,95,88,90,93,29,Yes,Yes,8.0,88
1090,Female,9.9,92,87,97,96,26,Yes,Yes,7.7,82
1091,Female,8.7,100,88,97,96,26,Yes,Yes,7.5,90
1092,Male,9.8,93,82,99,94,29,Yes,Yes,6.7,84
1093,Male,8.2,93,84,97,99,28,Yes,No,7.5,89
1094,Male,9.7,99,93,93,86,28,Yes,Yes,6.8,91
1095,Female,10.0,95,91,86,97,28,Yes,Yes,6.8,85
1096,Female,9.3,99,80,86,95,27,Yes,Yes,8.0,85
1097,Male,9.2,93,90,89,85,28,Yes,No,7.8,85
1098,Male,8.2,90,84,85,96,27,Yes,Yes,7.4,81
1099,Male,9.5,98,83,87,100,29,Yes,Yes,7.7,85
1100,Male,9.5,100,89,99,85,26,Yes,Yes,8.0,89
1101,Female,9.4,97,82,87,95,30,Yes,Yes,6.7,85
1102,Female,8.8,99,89,99,98,26,Yes,Yes,7.7,83
1103,Male,8.8,97,92,98,88,28,Yes,Yes,7.1,87
1104,Male,8.1,91,82,98,88,28,Yes,Yes,7.7,82
1105,Female,8.7,100,93,86,94,30,Yes,Yes,7.0,85
1106,Male,8.4,91,91,96,88,28,Yes,Yes,7.4,90
1107,Female,8.1,94,89,95,96,26,Yes,Yes,6.8,83
1108,Female,8.2,98,86,97,98,29,Yes,Yes,7.0,89
1109,Female,9.8,92,85,86,87,28,Yes,No,7.2,90
1110,Male,8.5,98,83,96,98,26,Yes,No,6.9,90
1111,Female,10.0,90,80,91,94,27,Yes,No,7.7,87
1112,Female,9.0,96,85,89,97,30,Yes,No,7.6,89
1113,Male,8.9,97,82,95,98,30,Yes,Yes,7.1,91
1114,Female,9.9,92,94,96,87,29,Yes,No,7.8,88
1115,Female,8.8,94,90,92,95,27,Yes,Yes,6.6,84
1116,Male,8.7,100,84,92,88,27,Yes,No,6.9,84
1117,Male,8.4,100,95,99,99,30,Yes,Yes,7.5,89
1118,Female,8.9,100,89,93,86,28,Yes,Yes,7.3,88
1119,Male,8.7,94,82,87,97,29,Yes,No,7.4,83
1120,Female,8.6,97,84,86,99,26,Yes,Yes,7.7,87
1121,Male,8.1,97,94,90,96,28,Yes,Yes,7.9,89
1122,Male,9.6,100,90,87,95,26,Yes,No,7.3,89
1123,Female,8.7,99,84,96,94,29,Yes,Yes,6.7,84
1124,Female,9.6,100,82,98,96,26,Yes,Yes,7.0,85
1125,Male,8.4,92,84,87,94,26,Yes,No,7.3,81
1126,Female,9.2,92,85,90,90,29,Yes,Yes,6.6,89
1127,Male,9.5,97,87,92,94,29,Yes,Yes,7.9,87
1128,Female,8.9,94,92,98,90,27,Yes,Yes,7.7,84
1129,Female,9.7,98,83,88,94,26,Yes,Yes,7.6,86
1130,Female,9.7,91,87,99,96,26,Yes,No,7.1,89
1131,Female,8.7,90,90,88,95,27,Yes,Yes,6.7,87
1132,Male,9.5,97,94,85,87,26,Yes,Yes,6.9,84
1133,Female,8.5,91,81,92,98,30,Yes,Yes,7.2,84
1134,Female,9.3,99,87,89,94,29,Yes,Yes,6.5,89
1135,Female,9.3,91,91,87,85,29,Yes,No,7.8,83
1136,Female,9.5,95,82,96,92,26,Yes,Yes,7.7,87
1137,Male,9.6,92,94,100,90,27,Yes,Yes,6.6,91
1138,Male,9.6,90,90,94,97,30,Yes,Yes,7.2,84
1139,Male,9.7,95,88,88,96,29,Yes,No,7.8,92
1140,Male,9.0,97,91,93,87,29,Yes,No,6.6,86
1141,Female,8.7,94,89,99,98,27,No,Yes,7.5,88
1142,Male,9.2,96,88,86,87,29,Yes,Yes,7.0,86
1143,Male,8.1,91,87,96,96,29,Yes,Yes,7.9,82
1144,Male,8.7,91,84,96,97,28,Yes,No,7.5,86
1145,Female,9.0,96,83,93,93,29,Yes,Yes,6.8,88
1146,Male,9.7,97,85,99,87,28,Yes,No,7.5,84
1147,Female,9.4,100,85,96,92,26,Yes,No,8.0,84
1148,Male,8.7,99,91,99,89,30,Yes,No,7.8,84
1149,Female,9.1,96,82,89,95,26,Yes,Yes,7.2,88
1150,Male,9.5,92,93,86,88,30,Yes,Yes,6.7,86
1151,Male,8.7,98,89,87,93,27,Yes,Yes,7.5,86
1152,Female,9.0,92,84,90,95,30,Yes,Yes,6.6,83
1153,Male,9.3,99,93,85,100,30,Yes,No,6.9,89
1154,Male,8.6,91,81,90,99,29,Yes,No,7.2,85
1155,Male,9.7,95,91,97,89,28,No,No,7.3,85
1156,Female,8.5,93,84,88,86,28,Yes,Yes,7.9,89
1157,Male,9.6,99,90,91,90,29,Yes,Yes,8.0,92
1158,Male,8.0,96,94,92,91,30,Yes,No,7.0,83
1159,Female,8.6,90,83,98,89,28,Yes,Yes,7.6,89
1160,Female,9.1,93,91,94,87,29,Yes,Yes,7.3,87
1161,Male,8.8,95,91,89,91,30,Yes,Yes,7.3,84
1162,Male,9.6,98,94,89,89,28,Yes,Yes,7.9,89
1163,Male,9.2,98,95,94,100,26,Yes,Yes,7.1,84
1164,Female,9.2,94,87,86,100,27,Yes,Yes,7.3,89
1165,Female,8.1,91,86,85,99,28,Yes,Yes,7.1,89
1166,Male,9.7,90,84,91,95,29,Yes,No,7.3,89
1167,Male,9.1,100,88,100,91,27,Yes,Yes,6.9,88
1168,Male,9.5,93,95,95,100,28,Yes,Yes,7.3,88
1169,Male,9.8,96,91,89,94,26,Yes,Yes,6.9,83
1170,Male,9.5,93,86,93,93,27,Yes,No,6.7,86
1171,Male,9.3,90,83,98,95,29,Yes,Yes,6.7,85
1172,Male,8.8,97,95,91,94,28,Yes,Yes,6.9,83
1173,Male,9.1,90,85,98,90,26,Yes,Yes,8.0,88
1174,Female,9.8,90,89,88,95,28,Yes,Yes,7.2,92
1175,Male,8.5,91,90,90,99,28,Yes,Yes,7.6,82
1176,Female,8.4,100,92,98,95,26,Yes,No,7.1,83
1177,Male,8.6,93,80,93,97,27,Yes,No,7.2,86
1178,Female,8.5,95,87,86,88,29,Yes,Yes,7.0,89
1179,Female,8.7,93,87,89,100,27,Yes,Yes,7.2,88
1180,Female,9.5,100,86,92,87,30,Yes,No,7.2,90
1181,Male,8.1,98,86,89,90,28,Yes,Yes,7.8,90
1182,Male,8.2,98,94,86,99,27,Yes,No,7.3,90
1183,Male,9.4,96,88,85,91,30,Yes,Yes,6.6,91
1184,Female,9.9,91,95,86,94,29,Yes,No,6.8,86
1185,Female,8.9,96,92,87,89,28,Yes,No,6.7,89
1186,Male,9.7,90,89,99,98,30,Yes,No,7.1,88
1187,Male,8.6,91,81,98,85,27,Yes,No,6.8,83
1188,Male,8.5,90,92,99,92,30,Yes,Yes,6.8,83
1189,Male,8.5,99,90,95,92,28,Yes,No,7.8,86
1190,Female,9.1,99,85,98,100,26,Yes,Yes,8.0,89
1191,Male,8.3,96,85,100,92,27,Yes,Yes,7.0,84
1192,Female,9.9,98,84,97,92,28,Yes,No,6.8,84
1193,Female,9.1,93,81,93,97,30,Yes,No,7.4,84
1194,Male,9.0,95,89,85,91,27,Yes,No,7.9,83
1195,Male,8.8,93,90,94,97,29,Yes,Yes,7.3,89
1196,Female,8.9,97,90,91,96,28,Yes,No,7.1,87
1197,Female,8.6,93,90,92,97,30,Yes,No,7.8,92
1198,Female,9.9,100,95,99,90,28,Yes,Yes,6.8,93
1199,Male,9.0,91,81,85,98,27,Yes,Yes,7.8,85
1200,Male,8.4,97,91,86,100,29,Yes,Yes,6.5,90
1201,Male,9.1,94,80,98,90,26,Yes,Yes,7.9,83
1202,Male,9.6,94,92,87,96,29,Yes,No,7.2,87
1203,Male,9.3,100,81,87,97,29,Yes,No,7.1,92
1204,Male,8.2,96,90,88,86,27,Yes,No,6.8,90
1205,Female,9.4,94,81,90,95,26,Yes,No,7.9,84
1206,Female,8.3,93,92,95,97,27,Yes,Yes,7.7,83
1207,Male,8.5,91,90,97,95,26,Yes,No,7.5,89
1208,Female,8.9,100,92,87,94,27,Yes,Yes,7.6,83
1209,Female,9.5,95,91,88,87,26,Yes,No,7.9,90
1210,Female,8.3,92,93,99,98,26,Yes,Yes,6.5,88
1211,Male,9.7,90,89,98,97,26,Yes,No,7.6,86
1212,Male,8.3,94,88,100,89,26,Yes,Yes,6.8,86
1213,Female,8.7,93,95,91,99,26,Yes,Yes,6.7,82
1214,Female,9.6,95,94,95,98,30,Yes,No,6.7,90
1215,Male,9.9,95,89,100,92,28,Yes,Yes,7.1,90
1216,Female,9.2,98,85,85,99,27,Yes,Yes,7.2,87
1217,Male,9.3,92,89,92,93,27,Yes,Yes,7.6,89
1218,Male,9.2,98,93,86,96,30,Yes,No,7.4,85
1219,Male,8.3,99,81,97,95,29,Yes,Yes,6.7,84
1220,Female,8.9,96,94,89,96,26,Yes,Yes,7.2,87
1221,Female,8.2,92,91,94,95,29,Yes,Yes,7.7,91
1222,Female,9.4,97,90,87,94,26,Yes,Yes,7.7,84
1223,Male,9.4,92,87,90,90,28,Yes,Yes,7.3,91
1224,Male,8.4,100,93,97,85,30,Yes,Yes,7.8,91
1225,Male,8.4,91,83,90,96,28,Yes,Yes,6.8,83
1226,Female,9.1,100,90,97,97,30,Yes,Yes,6.7,90
1227,Female,9.8,99,82,89,95,26,Yes,Yes,6.9,84
1228,Male,9.0,96,84,97,98,27,Yes,No,7.2,85
1229,Female,8.4,97,81,96,85,29,Yes,Yes,6.7,89
1230,Female,8.8,97,95,90,87,30,Yes,Yes,6.5,87
1231,Female,9.1,92,94,100,88,30,Yes,No,6.7,90
1232,Male,9.1,96,83,92,94,26,Yes,Yes,7.2,88
1233,Male,9.6,93,86,96,98,27,Yes,No,7.4,86
1234,Male,9.1,99,85,95,94,28,Yes,Yes,7.4,84
1235,Male,9.8,94,84,89,92,27,Yes,Yes,7.6,86
1236,Female,9.3,96,94,87,87,29,Yes,Yes,7.3,88
1237,Female,8.7,90,82,99,96,26,Yes,No,7.7,88
1238,Male,9.0,95,89,95,89,30,Yes,No,7.8,89
1239,Male,8.0,92,94,99,85,29,Yes,Yes,6.8,84
1240,Female,8.2,95,88,87,96,27,Yes,Yes,6.6,86
1241,Male,9.4,90,86,100,87,27,Yes,No,7.4,90
1242,Male,9.6,96,84,100,87,27,Yes,Yes,7.1,84
1243,Male,8.3,92,84,87,85,30,Yes,Yes,7.5,90
1244,Female,9.8,99,94,91,87,26,Yes,No,6.7,84
1245,Female,8.6,92,87,93,87,27,Yes,No,7.3,87
1246,Male,8.4,99,86,97,94,26,Yes,Yes,7.7,85
1247,Female,9.0,99,82,85,96,28,Yes,No,6.7,90
1248,Male,9.5,91,80,87,85,28,Yes,No,6.8,82
1249,Female,8.8,96,82,89,93,26,Yes,Yes,7.0,84
1250,Male,9.2,100,82,94,98,27,Yes,Yes,6.6,83
1251,Female,8.6,100,85,88,85,27,Yes,Yes,7.6,84
1252,Female,8.3,92,88,88,85,28,Yes,No,7.7,86
1253,Male,9.0,98,91,86,100,30,Yes,No,6.8,86
1254,Female,8.5,98,80,86,85,27,Yes,Yes,6.6,87
1255,Female,9.9,90,93,92,95,27,Yes,No,7.1,89
1256,Female,8.2,100,81,90,92,30,Yes,Yes,8.0,89
1257,Male,9.5,94,90,87,99,26,Yes,Yes,7.1,87
1258,Female,8.9,99,95,91,92,27,Yes,Yes,6.5,90
1259,Male,9.3,90,90,85,97,28,Yes,Yes,6.7,86
1260,Female,9.9,92,88,87,86,27,Yes,No,7.8,90
1261,Male,9.2,98,84,97,87,30,Yes,Yes,7.4,91
1262,Male,9.7,96,90,95,99,28,No,No,6.9,87
1263,Male,8.3,92,94,99,95,29,Yes,Yes,6.7,89
1264,Female,8.5,91,82,90,94,30,Yes,Yes,6.6,88
1265,Male,9.9,96,81,94,93,27,Yes,No,6.5,89
1266,Female,8.2,91,84,88,85,26,Yes,Yes,7.7,84
1267,Male,8.7,100,82,93,87,26,Yes,Yes,8.0,84
1268,Male,9.8,95,83,86,99,26,Yes,Yes,6.8,90
1269,Female,9.4,92,91,91,90,28,Yes,No,6.9,85
1270,Male,9.3,97,93,100,86,26,Yes,Yes,6.9,84
1271,Female,9.3,98,80,97,96,29,Yes,Yes,7.3,92
1272,Male,8.8,92,80,95,92,26,Yes,Yes,7.8,85
1273,Female,9.1,99,87,90,88,27,Yes,Yes,7.5,87
1274,Female,9.2,96,91,90,90,27,Yes,No,7.4,89
1275,Female,9.9,99,84,91,100,30,Yes,Yes,7.0,93
1276,Female,9.2,90,95,85,95,30,Yes,Yes,6.8,86
1277,Female,8.1,92,84,88,96,26,Yes,Yes,7.1,87
1278,Female,8.3,92,93,100,95,27,Yes,Yes,7.6,88
1279,Female,8.8,94,84,90,85,30,Yes,No,7.1,83
1280,Female,9.3,91,95,89,95,26,Yes,Yes,6.9,88
1281,Male,9.6,100,90,99,85,28,Yes,No,6.8,84
1282,Female,9.4,90,92,99,98,27,Yes,Yes,7.8,91
1283,Male,8.2,97,87,90,99,26,Yes,Yes,7.7,81
1284,Female,9.9,91,90,90,97,27,Yes,No,7.6,84
1285,Female,9.4,96,85,98,90,26,Yes,Yes,6.7,85
1286,Male,9.3,94,87,88,86,29,Yes,No,7.4,92
1287,Female,8.9,94,95,91,88,26,Yes,No,6.8,87
1288,Female,8.6,96,95,100,93,26,Yes,Yes,7.5,89
1289,Male,8.7,97,81,93,99,29,Yes,Yes,6.9,87
1290,Male,8.2,95,93,92,86,29,Yes,No,7.7,90
1291,Male,9.0,91,92,86,89,26,Yes,Yes,7.9,90
1292,Female,9.9,93,84,86,98,26,Yes,Yes,8.0,90
1293,Male,9.7,94,90,87,87,29,Yes,Yes,7.3,89
1294,Male,9.6,99,93,88,98,27,Yes,Yes,6.7,85
1295,Male,9.6,98,91,98,93,29,Yes,No,7.5,92
1296,Female,8.3,99,92,86,97,28,Yes,Yes,7.5,83
1297,Female,8.0,94,89,93,100,26,Yes,Yes,8.0,85
1298,Male,9.5,95,88,98,87,27,Yes,Yes,7.2,90
1299,Female,9.6,98,85,87,94,30,Yes,Yes,7.1,83
1300,Female,9.7,93,81,99,86,28,Yes,Yes,7.6,87
1301,Male,9.3,91,80,92,96,29,Yes,No,7.4,85
1302,Female,8.7,94,82,94,85,29,Yes,Yes,6.6,85
1303,Female,8.5,96,80,85,100,27,Yes,No,7.5,81
1304,Male,9.4,100,88,98,97,28,Yes,No,7.2,86
1305,Female,9.2,90,91,94,94,26,Yes,Yes,7.2,88
1306,Female,8.5,100,89,91,89,30,No,Yes,7.6,83
1307,Male,9.4,100,95,94,93,29,Yes,Yes,7.1,84
1308,Male,9.4,100,95,96,94,27,Yes,Yes,7.8,86
1309,Female,9.5,98,85,95,87,27,Yes,No,7.0,87
1310,Female,8.7,99,89,99,88,29,Yes,No,6.6,84
1311,Female,9.7,96,89,98,86,27,Yes,Yes,6.7,86
1312,Male,8.3,92,82,100,95,27,Yes,No,7.0,82
1313,Male,9.5,92,85,100,87,27,Yes,No,7.4,90
1314,Female,8.8,90,86,96,85,28,No,No,7.6,85
1315,Male,8.5,95,89,89,88,29,Yes,Yes,7.3,87
1316,Female,8.6,94,94,95,98,27,Yes,Yes,7.0,91
1317,Female,9.9,96,80,92,92,27,Yes,Yes,6.8,82
1318,Male,8.8,100,88,86,86,26,Yes,No,7.5,81
1319,Male,8.9,91,88,100,89,27,Yes,Yes,7.5,82
1320,Female,9.3,94,84,98,88,30,Yes,Yes,7.6,85
1321,Female,9.0,99,86,93,91,28,Yes,Yes,7.6,88
1322,Male,9.8,97,90,92,85,26,Yes,Yes,7.5,84
1323,Female,9.6,91,83,93,92,29,Yes,Yes,8.0,88
1324,Female,9.6,90,89,96,95,29,Yes,No,7.6,85
1325,Male,9.3,92,90,96,99,30,Yes,Yes,6.9,85
1326,Male,8.2,96,94,93,97,29,Yes,Yes,7.7,85
1327,Male,10.0,92,83,98,100,30,Yes,Yes,7.5,87
1328,Female,9.7,92,95,100,88,29,Yes,Yes,7.2,85
1329,Female,9.4,100,87,95,88,29,Yes,Yes,7.5,87
1330,Female,8.3,98,81,85,90,30,Yes,Yes,7.8,91
1331,Male,8.6,95,88,86,92,30,Yes,Yes,7.5,90
1332,Female,9.6,97,82,100,99,28,Yes,Yes,6.7,92
1333,Male,8.1,98,80,87,94,30,Yes,Yes,7.3,90
1334,Female,9.6,97,90,100,96,29,Yes,Yes,6.7,88
1335,Male,9.1,95,83,86,90,29,Yes,No,6.7,90
1336,Female,8.4,96,86,99,91,28,Yes,No,6.7,90
1337,Male,9.5,97,94,89,100,26,Yes,Yes,7.3,83
1338,Female,9.8,92,85,89,88,29,Yes,Yes,7.5,89
1339,Female,8.5,95,89,99,89,27,Yes,No,7.1,87
1340,Male,8.4,99,89,96,89,27,Yes,Yes,7.3,88
1341,Male,9.2,100,93,94,98,26,Yes,No,7.3,82
1342,Female,8.4,92,89,93,89,26,Yes,No,7.5,86
1343,Female,8.7,97,83,92,97,27,Yes,Yes,7.3,87
1344,Male,8.8,100,90,86,85,28,Yes,Yes,6.8,90
1345,Male,9.5,98,86,91,94,29,Yes,No,6.8,84
1346,Male,8.8,96,88,93,89,27,Yes,Yes,7.4,86
1347,Male,8.1,95,81,94,100,30,Yes,Yes,7.3,83
1348,Male,9.0,98,85,98,97,26,Yes,Yes,7.0,85
1349,Female,8.4,99,95,85,88,28,Yes,Yes,7.2,86
1350,Male,8.8,91,92,93,94,26,Yes,No,7.9,88
1351,Female,9.8,93,90,87,88,27,Yes,No,8.0,82
1352,Male,9.7,96,83,91,98,26,Yes,No,7.6,84
1353,Male,8.1,91,81,90,93,30,Yes,Yes,6.6,86
1354,Male,9.3,96,90,85,97,26,Yes,Yes,7.3,83
1355,Male,8.7,98,83,94,94,30,Yes,Yes,6.6,91
1356,Female,8.9,98,87,89,97,30,Yes,Yes,6.9,85
1357,Female,9.9,90,84,88,86,26,Yes,Yes,7.4,89
1358,Male,8.4,100,84,90,90,27,Yes,No,7.4,86
1359,Male,9.7,98,94,87,94,26,Yes,No,6.9,86
1360,Female,8.3,100,87,88,94,30,Yes,Yes,6.6,86
1361,Female,9.2,94,84,96,95,29,Yes,Yes,6.8,89
1362,Male,8.6,95,84,95,100,29,Yes,Yes,7.2,88
1363,Male,9.3,91,88,89,91,28,Yes,Yes,7.6,83
1364,Male,9.6,99,92,91,86,30,Yes,No,6.9,93
1365,Male,9.8,99,89,89,99,30,Yes,Yes,7.3,91
1366,Female,9.7,99,85,89,99,27,Yes,No,6.8,85
1367,Female,8.4,97,87,87,93,28,Yes,Yes,6.9,85
1368,Male,9.8,90,90,88,93,28,Yes,Yes,7.4,86
1369,Female,9.2,91,88,97,92,30,Yes,No,7.1,90
1370,Female,9.0,92,94,90,92,26,Yes,Yes,7.3,86
1371,Male,8.7,91,87,98,95,26,Yes,Yes,7.2,90
1372,Female,9.3,96,80,92,86,27,Yes,Yes,7.4,84
1373,Female,9.8,92,81,90,93,27,Yes,Yes,7.3,89
1374,Female,9.9,93,94,100,100,27,Yes,No,6.8,91
1375,Female,9.2,98,88,90,95,29,Yes,Yes,7.4,84
1376,Male,8.2,93,93,89,88,27,Yes,No,7.2,82
1377,Male,9.8,98,80,98,98,28,Yes,Yes,7.8,90
1378,Male,9.6,96,91,88,98,27,Yes,Yes,6.9,87
1379,Male,8.5,90,80,88,85,29,Yes,No,7.5,87
1380,Female,8.9,99,88,93,98,30,Yes,Yes,7.0,88
1381,Female,9.1,98,95,90,96,30,Yes,Yes,7.3,88
1382,Female,9.5,100,83,92,99,27,Yes,Yes,6.7,89
1383,Male,8.3,100,80,87,89,29,Yes,Yes,7.9,89
1384,Female,8.7,99,81,97,97,30,Yes,Yes,7.5,88
1385,Female,9.3,97,80,91,94,27,Yes,No,6.6,86
1386,Male,8.5,90,85,87,93,29,Yes,Yes,7.0,89
1387,Female,9.5,91,82,94,96,28,Yes,Yes,7.9,87
1388,Male,8.9,96,80,93,90,29,Yes,No,7.3,83
1389,Female,9.6,94,88,99,97,30,Yes,Yes,7.2,88
1390,Female,9.4,99,80,100,88,28,Yes,No,6.6,86
1391,Male,9.9,98,80,93,92,28,No,Yes,6.6,89
1392,Female,9.0,95,86,93,90,27,Yes,Yes,7.2,85
1393,Male,8.4,93,87,96,89,26,Yes,No,6.7,82
1394,Female,9.7,95,90,100,93,29,Yes,Yes,6.8,88
1395,Male,8.1,96,95,86,96,29,Yes,No,7.8,85
1396,Female,8.6,90,80,91,97,30,Yes,Yes,6.7,89
1397,Female,8.5,97,90,96,90,29,Yes,Yes,7.1,90
1398,Male,8.6,92,84,92,88,28,Yes,Yes,7.7,89
1399,Female,8.9,90,85,98,100,27,Yes,Yes,8.0,88
1400,Female,8.8,92,81,91,93,29,Yes,No,7.8,84
1401,Female,8.7,98,88,96,85,29,Yes,Yes,6.7,86
1402,Female,8.7,100,95,99,87,29,Yes,No,7.4,91
1403,Female,8.8,99,92,87,87,27,Yes,No,7.0,88
1404,Male,9.2,96,88,99,96,30,Yes,Yes,7.3,92
1405,Female,8.3,93,88,87,91,27,Yes,Yes,7.1,83
1406,Male,9.1,90,92,87,88,28,Yes,No,7.4,83
1407,Female,9.5,97,84,89,90,26,Yes,No,6.6,88
1408,Female,9.9,98,88,99,89,30,Yes,Yes,6.8,92
1409,Male,9.8,97,87,87,99,28,Yes,Yes,7.0,88
1410,Male,9.0,92,91,94,100,30,Yes,Yes,6.5,92
1411,Female,9.6,99,87,85,96,27,Yes,No,7.1,90
1412,Female,9.7,93,88,87,98,27,Yes,Yes,7.3,87
1413,Female,8.8,91,85,89,94,26,Yes,No,7.5,89
1414,Male,8.4,90,84,86,85,27,Yes,Yes,8.0,86
1415,Female,9.5,93,82,89,85,29,Yes,Yes,6.8,90
1416,Female,10.0,97,81,95,87,27,Yes,Yes,6.6,89
1417,Male,8.4,94,92,85,88,27,Yes,Yes,7.1,90
1418,Male,8.4,91,86,100,97,28,Yes,Yes,7.9,85
1419,Female,8.5,100,89,91,96,26,Yes,Yes,7.8,85
1420,Male,8.6,92,88,88,97,27,Yes,Yes,6.5,82
1421,Male,8.7,91,87,90,100,26,Yes,Yes,7.5,87
1422,Male,9.4,91,84,100,92,28,Yes,Yes,8.0,89
1423,Female,9.4,95,84,93,86,29,Yes,No,7.6,88
1424,Female,9.1,95,94,93,90,26,Yes,Yes,7.3,90
1425,Female,8.9,100,92,90,85,30,Yes,Yes,7.8,87
1426,Male,8.4,100,95,89,94,28,Yes,Yes,7.1,88
1427,Male,8.1,92,85,86,91,26,Yes,No,7.2,82
1428,Male,9.3,98,88,86,96,27,Yes,Yes,7.4,83
1429,Male,9.3,91,94,86,96,30,Yes,No,7.6,91
1430,Male,9.6,94,81,87,94,26,Yes,No,7.9,83
1431,Male,8.4,98,87,90,98,26,Yes,Yes,7.6,88
1432,Female,9.8,92,85,97,95,27,Yes,Yes,7.3,91
1433,Male,9.7,96,93,95,92,30,Yes,No,7.3,91
1434,Female,8.9,96,80,86,94,30,Yes,Yes,6.5,85
1435,Female,8.4,95,80,93,89,26,Yes,Yes,6.6,87
1436,Female,9.8,93,87,93,94,26,Yes,No,7.4,86
1437,Female,8.3,99,83,94,86,30,Yes,Yes,7.1,83
1438,Female,8.8,91,87,85,97,26,Yes,No,7.0,82
1439,Female,8.7,93,84,86,97,29,Yes,Yes,7.6,83
1440,Male,8.3,95,82,100,86,30,Yes,No,7.1,83
1441,Female,9.5,97,86,100,97,30,Yes,Yes,6.8,88
1442,Male,8.6,99,82,88,98,29,No,Yes,7.0,86
1443,Female,9.5,92,91,99,89,29,Yes,Yes,6.6,87
1444,Male,9.5,91,83,86,92,30,Yes,No,7.9,88
1445,Male,8.6,97,80,95,91,30,Yes,Yes,6.8,87
1446,Female,9.4,100,80,97,86,28,Yes,Yes,6.8,88
1447,Male,8.1,100,80,87,97,28,No,Yes,7.5,88
1448,Male,8.5,96,83,95,100,30,Yes,No,7.3,86
1449,Male,9.1,90,81,92,94,28,Yes,Yes,7.2,85
1450,Male,8.7,94,87,93,86,28,Yes,Yes,7.8,82
1451,Female,9.8,100,84,87,97,30,Yes,Yes,7.9,88
1452,Female,8.9,94,90,99,89,27,Yes,Yes,7.5,85
1453,Male,8.9,92,85,95,87,30,Yes,Yes,7.3,84
1454,Female,9.5,95,93,98,94,29,Yes,Yes,7.6,88
1455,Male,8.3,90,88,92,92,27,Yes,No,7.5,88
1456,Female,8.3,99,95,96,90,29,Yes,Yes,7.2,85
1457,Male,8.8,90,88,98,92,27,Yes,Yes,7.6,83
1458,Male,9.7,97,90,99,92,29,Yes,Yes,7.1,84
1459,Female,9.2,99,81,88,99,29,Yes,No,7.7,83
1460,Male,10.0,90,92,86,91,28,Yes,No,7.2,88
1461,Female,8.6,90,84,99,99,26,Yes,No,7.6,83
1462,Male,8.8,95,94,85,90,29,Yes,Yes,7.4,86
1463,Female,9.4,92,83,87,88,29,Yes,Yes,7.5,83
1464,Female,8.8,96,81,90,95,30,Yes,Yes,7.8,85
1465,Male,9.5,90,93,94,94,29,Yes,Yes,6.9,86
1466,Female,8.0,94,80,99,100,29,Yes,Yes,7.3,82
1467,Female,8.9,97,82,85,92,30,Yes,No,6.9,86
1468,Female,9.3,90,84,86,94,28,Yes,No,7.9,82
1469,Male,8.3,94,85,99,96,26,Yes,No,6.6,86
1470,Male,9.6,96,82,94,100,27,Yes,Yes,6.7,87
1471,Male,9.4,99,81,88,87,29,Yes,No,7.6,88
1472,Female,8.5,99,91,89,100,30,No,Yes,7.6,92
1473,Female,9.4,93,80,88,85,29,Yes,Yes,7.4,84
1474,Male,8.8,95,91,91,85,27,Yes,No,7.5,86
1475,Male,9.5,91,90,95,97,30,Yes,Yes,7.4,83
1476,Male,9.8,97,95,86,89,29,No,Yes,6.7,92
1477,Male,9.9,90,89,95,85,27,Yes,Yes,7.4,88
1478,Female,8.6,90,90,97,90,30,Yes,No,7.4,86
1479,Male,9.4,95,81,93,98,26,Yes,No,7.2,86
1480,Male,8.4,94,85,88,96,26,Yes,Yes,7.7,82
1481,Female,9.8,92,86,95,100,30,Yes,No,7.0,90
1482,Female,9.6,98,84,91,86,29,Yes,Yes,7.1,85
1483,Male,9.4,99,82,95,99,26,Yes,Yes,6.7,87
1484,Male,9.3,93,90,91,91,28,Yes,No,6.9,88
1485,Male,8.3,94,83,85,88,27,Yes,No,7.3,87
1486,Female,9.1,92,82,94,95,30,Yes,No,7.2,85
1487,Male,8.2,90,82,98,97,27,Yes,Yes,7.6,89
1488,Female,9.4,100,82,99,89,26,Yes,No,7.7,90
1489,Female,8.9,93,84,93,96,29,Yes,Yes,6.8,88
1490,Female,8.1,91,91,100,99,27,Yes,No,6.9,88
1491,Female,9.6,91,90,87,94,30,Yes,Yes,7.2,91
1492,Male,9.9,96,82,95,91,30,Yes,No,7.1,91
1493,Male,8.3,100,82,100,88,30,Yes,Yes,7.4,88
1494,Male,8.6,96,82,88,97,28,Yes,Yes,7.2,82
1495,Male,9.8,100,80,89,89,29,Yes,Yes,7.3,90
1496,Male,8.6,100,89,98,96,26,Yes,Yes,7.4,89
1497,Female,8.7,98,81,85,96,26,Yes,Yes,7.8,81
1498,Female,9.3,96,92,97,98,30,Yes,No,6.8,87
1499,Female,9.7,95,93,89,94,27,Yes,Yes,6.7,84
1500,Male,9.3,92,82,89,98,29,No,No,7.8,90
1501,Female,9.1,97,92,96,92,27,Yes,Yes,7.1,82
1502,Female,9.4,94,93,96,86,26,Yes,Yes,7.4,88
1503,Female,8.3,98,88,99,87,30,Yes,Yes,7.8,84
1504,Male,9.4,98,89,86,95,30,Yes,Yes,7.7,92
1505,Female,9.1,95,93,96,94,28,Yes,Yes,6.8,88
1506,Female,9.2,99,81,94,85,28,Yes,Yes,7.2,84
1507,Male,8.5,99,88,93,93,26,Yes,Yes,7.6,84
1508,Male,9.6,94,87,100,90,30,Yes,Yes,7.8,89
1509,Male,9.7,96,92,92,99,27,Yes,Yes,6.8,89
1510,Male,8.1,97,92,100,94,29,Yes,Yes,7.6,87
1511,Female,8.9,92,93,85,94,29,Yes,Yes,7.1,89
1512,Female,9.9,96,88,95,93,28,Yes,No,7.7,88
1513,Male,9.5,99,86,95,90,28,Yes,No,7.3,83
1514,Male,9.1,100,94,96,92,28,Yes,No,6.9,83
1515,Male,9.9,100,86,88,88,26,Yes,Yes,7.8,84
1516,Female,9.8,92,88,94,99,26,Yes,No,7.5,87
1517,Male,8.5,91,88,86,97,29,Yes,No,7.0,83
1518,Female,8.4,91,95,91,97,27,Yes,No,7.5,83
1519,Male,8.4,100,83,99,93,26,No,Yes,6.6,82
1520,Female,9.8,92,80,86,97,28,Yes,No,6.7,88
1521,Female,9.0,96,82,92,85,29,Yes,No,7.9,91
1522,Male,8.7,94,92,86,87,28,Yes,Yes,7.3,88
1523,Male,9.3,92,81,97,91,28,Yes,No,7.5,84
1524,Male,9.5,92,81,91,85,30,Yes,Yes,6.9,90
1525,Male,9.0,97,80,86,95,26,Yes,Yes,7.0,82
1526,Male,9.9,98,84,92,87,26,Yes,Yes,7.6,91
1527,Female,8.5,100,84,85,90,26,Yes,No,7.9,83
1528,Female,9.6,91,83,100,92,26,Yes,Yes,7.7,89
1529,Male,8.6,100,84,95,91,26,Yes,Yes,7.4,87
1530,Male,9.5,92,91,90,99,27,Yes,Yes,7.9,83
1531,Female,9.6,90,95,87,85,26,Yes,Yes,6.8,83
1532,Female,9.4,93,84,93,99,29,No,Yes,6.9,86
1533,Male,9.2,91,89,96,98,26,No,No,7.3,85
1534,Male,9.2,98,87,99,91,28,Yes,No,6.6,84
1535,Male,9.0,92,81,86,96,28,Yes,Yes,6.8,86
1536,Female,8.1,90,85,90,85,29,No,Yes,7.3,82
1537,Male,8.8,100,90,92,88,28,Yes,Yes,6.8,86
1538,Female,9.8,91,95,100,86,29,Yes,No,6.7,92
1539,Male,8.9,93,91,93,91,28,Yes,Yes,6.7,83
1540,Female,8.9,92,90,92,94,30,Yes,Yes,6.7,86
1541,Male,9.7,93,95,99,93,26,Yes,Yes,7.6,87
1542,Male,9.8,99,84,85,98,26,Yes,No,6.6,91
1543,Female,9.0,91,94,100,92,26,Yes,No,7.3,82
1544,Male,8.7,93,82,85,100,28,Yes,No,6.7,90
1545,Male,9.5,96,85,96,99,26,Yes,Yes,7.8,83
1546,Male,9.1,94,93,93,91,26,Yes,Yes,7.4,88
1547,Male,9.8,91,92,96,99,30,Yes,Yes,6.6,90
1548,Male,9.1,93,84,95,92,30,Yes,Yes,6.7,92
1549,Male,8.6,94,93,93,86,26,Yes,Yes,7.1,90
1550,Male,8.9,98,89,99,96,26,Yes,Yes,6.8,90
1551,Male,8.6,91,83,90,93,26,Yes,Yes,7.5,90
1552,Male,8.6,100,84,100,96,29,Yes,Yes,7.2,82
1553,Male,9.7,93,90,98,95,28,Yes,No,7.2,91
1554,Female,9.8,94,85,93,92,29,Yes,Yes,7.1,88
1555,Male,8.9,92,85,94,90,27,Yes,No,7.8,84
1556,Male,10.0,99,84,99,93,28,Yes,No,6.8,84
1557,Female,8.7,98,85,94,88,26,Yes,Yes,7.1,90
1558,Male,8.3,98,90,94,100,28,Yes,No,8.0,84
1559,Female,9.5,90,84,88,94,26,Yes,Yes,7.1,85
1560,Female,8.1,100,86,92,93,27,Yes,No,6.5,90
1561,Female,8.4,95,81,96,97,27,Yes,Yes,7.6,89
1562,Female,8.6,95,89,99,87,27,Yes,No,7.6,90
1563,Male,8.3,96,93,89,87,27,Yes,Yes,6.8,90
1564,Female,8.2,96,88,98,90,30,Yes,Yes,7.2,85
1565,Female,8.6,97,81,94,94,29,Yes,No,7.3,90
1566,Male,8.3,94,95,88,94,29,Yes,Yes,6.8,87
1567,Male,9.0,91,91,100,98,28,Yes,No,7.4,91
1568,Male,9.7,92,81,89,95,29,Yes,No,7.8,85
1569,Female,8.7,100,91,86,94,28,Yes,No,7.3,83
1570,Male,9.5,99,85,95,95,28,Yes,No,6.9,89
1571,Male,9.6,90,84,94,96,29,Yes,No,7.1,86
1572,Male,9.7,98,83,98,99,26,Yes,Yes,6.7,84
1573,Male,9.4,92,94,95,90,28,Yes,No,6.5,85
1574,Male,9.4,94,84,91,89,26,Yes,No,7.1,83
1575,Male,9.5,90,86,88,86,30,Yes,No,7.4,92
1576,Male,8.1,100,80,88,88,30,Yes,Yes,6.8,85
1577,Male,8.2,94,91,96,90,30,Yes,No,7.7,87
1578,Male,9.1,93,89,90,85,26,Yes,No,7.9,90
1579,Male,8.9,91,85,96,97,29,Yes,No,6.8,87
1580,Male,8.2,91,84,100,96,28,Yes,Yes,7.3,82
1581,Male,8.8,97,89,99,92,30,Yes,Yes,7.1,91
1582,Male,9.9,95,85,85,100,26,No,Yes,7.1,83
1583,Female,9.4,91,85,87,96,27,Yes,No,7.0,89
1584,Male,9.5,94,88,97,96,29,Yes,No,7.5,90
1585,Female,9.5,91,83,93,100,29,Yes,Yes,6.8,85
1586,Male,9.7,97,80,90,97,30,Yes,Yes,7.5,86
1587,Female,9.5,100,95,99,91,28,Yes,Yes,7.5,92
1588,Male,9.9,90,93,88,97,29,Yes,Yes,7.0,91
1589,Male,8.4,100,89,90,100,29,Yes,No,6.7,90
1590,Female,9.3,100,95,100,90,30,Yes,No,6.6,89
1591,Female,9.2,95,89,95,86,26,Yes,Yes,7.4,84
1592,Female,9.5,100,90,97,88,29,Yes,Yes,7.0,90
1593,Female,8.5,100,89,87,87,28,Yes,Yes,6.7,85
1594,Male,8.9,96,93,93,85,29,Yes,No,7.4,89
1595,Female,9.1,97,83,91,95,29,Yes,Yes,7.3,88
1596,Male,9.9,93,95,87,91,28,Yes,Yes,6.9,88
1597,Female,9.4,99,83,95,93,26,Yes,Yes,7.3,91
1598,Female,9.3,94,89,98,95,27,Yes,No,7.1,87
1599,Female,9.8,100,85,100,91,29,Yes,No,6.9,91
1600,Male,8.9,93,84,94,98,29,Yes,No,7.0,84
1601,Male,9.6,100,85,93,92,29,Yes,Yes,6.9,85
1602,Male,8.9,98,93,98,86,27,Yes,Yes,6.7,84
1603,Male,9.3,92,81,100,85,26,Yes,Yes,7.8,82
1604,Female,9.8,96,91,87,97,27,Yes,No,6.9,84
1605,Male,8.5,91,90,95,97,27,Yes,Yes,7.9,85
1606,Male,9.9,97,93,93,86,29,Yes,Yes,7.3,85
1607,Female,9.4,94,84,96,100,28,Yes,No,7.7,82
1608,Male,9.4,100,87,93,97,28,Yes,No,7.5,89
1609,Female,9.7,96,80,97,93,28,Yes,Yes,6.6,87
1610,Male,9.8,100,90,98,86,28,Yes,Yes,7.8,92
1611,Male,9.4,91,85,93,87,28,Yes,Yes,7.1,88
1612,Female,9.3,92,94,89,85,29,Yes,No,6.8,88
1613,Male,8.3,98,84,98,95,29,Yes,No,7.2,84
1614,Female,9.6,93,82,98,96,27,Yes,Yes,7.1,89
1615,Male,9.8,100,87,87,99,27,Yes,Yes,6.9,86
1616,Male,9.2,92,82,96,90,30,Yes,No,6.7,90
1617,Female,8.2,93,86,93,94,29,Yes,No,7.1,90
1618,Female,9.5,93,93,90,98,27,Yes,Yes,6.5,87
1619,Male,8.7,100,94,87,85,29,Yes,Yes,6.7,89
1620,Female,9.4,99,88,87,88,30,Yes,Yes,6.6,89
1621,Female,10.0,100,81,85,93,30,Yes,Yes,7.4,89
1622,Female,9.9,98,81,90,93,27,Yes,No,7.3,88
1623,Male,9.4,96,84,93,88,28,Yes,No,6.6,85
1624,Female,9.5,96,89,93,93,30,Yes,No,7.0,86
1625,Female,9.5,92,94,86,91,27,Yes,Yes,6.6,85
1626,Male,9.4,96,83,100,86,29,Yes,No,7.0,92
1627,Female,8.2,91,86,94,90,27,Yes,Yes,7.6,86
1628,Female,9.1,99,85,98,87,27,Yes,Yes,7.7,84
1629,Female,8.8,99,83,95,89,26,Yes,Yes,6.6,90
1630,Female,9.2,90,90,86,99,28,Yes,Yes,7.9,85
1631,Male,8.6,90,82,97,87,29,Yes,No,6.9,86
1632,Female,8.3,96,89,89,88,28,Yes,Yes,7.2,89
1633,Female,8.7,91,91,91,100,29,Yes,Yes,7.8,91
1634,Female,8.2,96,91,90,98,29,Yes,Yes,6.6,88
1635,Female,9.9,98,82,94,99,29,Yes,Yes,6.6,92
1636,Male,9.4,94,87,98,94,30,Yes,Yes,6.6,85
1637,Male,8.8,97,88,96,93,30,Yes,Yes,6.6,83
1638,Male,8.4,92,92,86,87,29,Yes,No,7.8,87
1639,Female,9.5,97,88,95,90,27,Yes,Yes,6.8,87
1640,Male,8.0,91,80,90,100,29,Yes,Yes,7.5,90
1641,Female,9.4,100,92,94,87,27,Yes,Yes,6.7,86
1642,Male,9.7,93,95,89,92,29,Yes,No,7.8,87
1643,Male,8.3,96,80,88,90,27,Yes,Yes,7.6,89
1644,Female,9.2,93,89,97,86,28,Yes,Yes,6.5,90
1645,Female,8.1,96,95,100,92,26,Yes,Yes,7.3,89
1646,Male,9.8,96,95,88,100,30,Yes,Yes,7.9,91
1647,Female,8.3,93,95,96,99,27,Yes,Yes,7.3,88
1648,Male,9.4,96,93,96,100,27,Yes,No,7.4,88
1649,Male,8.3,92,95,88,98,29,Yes,No,7.0,86
1650,Male,9.8,95,85,90,86,26,Yes,Yes,7.0,83
1651,Male,9.0,95,91,86,93,27,Yes,No,7.8,84
1652,Male,9.6,91,83,88,86,30,Yes,No,6.7,85
1653,Female,9.5,97,95,88,89,28,Yes,Yes,7.0,85
1654,Male,9.9,90,87,100,95,28,Yes,Yes,7.3,84
1655,Female,8.7,100,87,89,98,27,Yes,Yes,6.7,90
1656,Female,9.9,98,91,85,99,27,Yes,Yes,7.7,84
1657,Male,10.0,92,93,86,97,26,Yes,No,7.5,85
1658,Male,8.8,100,89,95,96,26,Yes,No,7.7,84
1659,Male,9.8,99,94,96,97,27,Yes,No,7.8,84
1660,Male,9.5,92,89,91,87,30,Yes,No,7.3,89
1661,Female,8.5,94,93,88,86,28,Yes,Yes,6.9,88
1662,Female,8.9,99,80,99,95,27,No,Yes,7.7,86
1663,Male,9.4,98,87,88,95,30,Yes,No,7.4,90
1664,Female,9.7,91,82,86,98,27,Yes,Yes,7.2,90
1665,Male,9.2,98,92,93,100,29,Yes,Yes,8.0,92
1666,Female,9.0,97,94,89,88,27,Yes,No,7.2,83
1667,Female,9.8,91,93,88,88,28,Yes,No,7.4,83
1668,Male,10.0,94,89,100,85,27,Yes,No,6.7,90
1669,Male,9.8,93,85,100,85,26,Yes,Yes,7.3,83
1670,Male,9.1,95,92,100,89,27,Yes,No,7.3,91
1671,Female,9.7,95,82,98,97,27,Yes,No,7.9,88
1672,Male,9.5,100,82,90,85,30,Yes,Yes,7.4,88
1673,Male,8.4,99,81,91,100,30,Yes,No,7.8,84
1674,Female,9.6,93,94,87,95,29,Yes,Yes,7.4,92
1675,Female,8.8,98,90,97,93,26,Yes,No,6.7,83
1676,Male,8.5,91,84,94,98,27,No,Yes,6.6,87
1677,Male,8.6,91,90,89,98,28,Yes,Yes,6.9,84
1678,Male,9.0,98,92,88,93,26,Yes,Yes,7.0,89
1679,Male,9.3,90,88,88,92,30,No,No,7.5,85
1680,Female,8.2,100,86,89,96,30,Yes,Yes,8.0,87
1681,Female,8.1,97,89,90,85,26,Yes,Yes,7.9,90
1682,Female,10.0,100,86,94,86,27,Yes,Yes,7.6,84
1683,Female,9.7,98,88,98,91,30,Yes,No,7.3,90
1684,Male,8.5,100,90,95,91,29,Yes,Yes,7.9,89
1685,Male,9.3,90,95,85,85,27,Yes,Yes,7.1,91
1686,Female,9.1,100,94,88,96,29,Yes,No,7.7,90
1687,Female,8.2,95,86,99,85,27,Yes,Yes,7.6,86
1688,Female,9.6,93,87,100,96,26,Yes,No,6.9,86
1689,Male,8.2,94,95,90,91,30,Yes,Yes,7.5,86
1690,Male,8.3,99,87,93,91,26,Yes,No,8.0,86
1691,Female,9.3,100,81,95,98,29,Yes,Yes,6.9,91
1692,Female,9.8,93,81,93,98,30,Yes,Yes,7.2,83
1693,Male,9.8,90,87,98,87,27,Yes,No,6.8,88
1694,Female,8.1,96,80,95,93,27,Yes,Yes,6.7,85
1695,Female,9.0,93,82,99,88,29,Yes,No,7.4,83
1696,Female,8.6,91,84,86,99,26,Yes,Yes,7.0,88
1697,Male,9.1,94,92,97,88,30,Yes,Yes,7.6,87
1698,Female,9.6,99,83,95,85,29,Yes,Yes,7.3,86
1699,Male,9.2,93,84,93,96,29,Yes,No,7.2,91
1700,Male,8.1,94,93,96,94,30,Yes,Yes,7.8,85
1701,Male,8.6,90,84,86,92,30,Yes,Yes,7.7,83
1702,Female,9.3,93,82,95,91,29,Yes,Yes,7.5,91
1703,Male,9.2,96,90,90,88,29,Yes,Yes,7.8,83
1704,Female,9.3,93,94,91,92,29,Yes,Yes,7.6,89
1705,Male,9.7,90,91,85,87,28,Yes,No,6.5,84
1706,Male,9.3,95,81,85,91,27,No,Yes,6.9,86
1707,Female,9.7,93,85,91,85,27,Yes,No,7.8,84
1708,Male,8.8,91,90,91,94,29,Yes,Yes,6.9,89
1709,Male,9.8,91,83,89,89,27,Yes,No,6.8,89
1710,Female,10.0,93,81,91,94,27,Yes,No,7.0,83
1711,Female,8.4,91,95,87,90,30,Yes,Yes,7.1,89
1712,Female,8.6,95,95,100,100,28,Yes,No,7.4,83
1713,Male,8.9,93,92,91,94,29,Yes,Yes,7.8,86
1714,Male,8.3,91,89,99,96,27,Yes,No,7.4,90
1715,Female,8.9,95,95,95,93,29,Yes,No,6.5,91
1716,Male,8.7,91,89,87,93,27,Yes,Yes,6.6,83
1717,Female,8.7,100,90,93,94,28,Yes,Yes,6.8,85
1718,Female,8.6,95,92,97,85,29,No,Yes,7.5,85
1719,Male,8.9,98,94,99,95,26,Yes,Yes,7.0,86
1720,Female,8.4,97,80,96,89,30,Yes,Yes,7.8,88
1721,Male,8.7,96,93,97,94,28,Yes,Yes,7.4,83
1722,Male,9.1,99,92,97,91,29,Yes,Yes,6.6,90
1723,Female,9.1,97,89,87,90,26,Yes,No,7.5,84
1724,Female,8.1,93,82,97,94,27,Yes,Yes,6.8,82
1725,Female,8.3,96,92,90,88,27,Yes,Yes,7.3,90
1726,Male,8.3,93,89,98,100,27,Yes,No,7.4,87
1727,Male,8.6,90,84,99,87,29,Yes,Yes,7.4,86
1728,Male,8.9,99,81,87,94,29,Yes,Yes,7.0,88
1729,Male,8.8,92,93,99,97,27,Yes,Yes,7.5,84
1730,Female,8.5,92,88,94,87,27,Yes,No,7.9,89
1731,Male,9.5,98,90,98,99,27,Yes,No,6.9,83
1732,Female,8.8,96,86,97,86,26,Yes,Yes,6.9,84
1733,Female,9.0,91,82,92,99,27,Yes,No,7.2,86
1734,Female,9.2,92,89,88,97,27,Yes,Yes,6.6,82
1735,Female,8.4,90,86,99,86,30,Yes,No,7.5,84
1736,Female,8.1,90,81,97,91,27,Yes,No,7.1,85
1737,Male,8.1,90,90,91,87,27,Yes,No,7.9,83
1738,Male,8.8,91,90,95,91,30,Yes,Yes,6.8,90
1739,Female,8.2,95,85,85,97,28,Yes,Yes,6.5,85
1740,Female,9.3,95,81,87,91,29,Yes,Yes,7.0,91
1741,Male,8.5,91,90,97,89,28,Yes,No,6.8,88
1742,Female,9.2,99,94,97,92,30,Yes,Yes,7.4,84
1743,Male,8.6,96,87,87,86,27,Yes,No,7.1,87
1744,Male,9.3,93,94,95,89,28,Yes,No,7.0,83
1745,Female,9.5,93,90,95,92,27,Yes,Yes,7.3,86
1746,Male,9.0,92,94,85,87,29,Yes,No,6.6,86
1747,Male,9.9,92,82,90,91,27,Yes,No,7.3,90
1748,Male,8.5,92,87,94,94,30,Yes,No,7.2,86
1749,Female,8.2,95,92,97,90,29,Yes,No,7.2,90
1750,Female,8.0,96,93,87,94,30,Yes,No,7.3,85
1751,Male,6.9,86,76,87,72,23,Yes,Yes,6.3,72
1752,Male,6.0,88,79,83,85,24,No,No,7.9,72
1753,Female,7.3,89,69,85,71,21,Yes,Yes,6.8,72
1754,Male,7.9,85,76,87,81,26,Yes,No,6.1,74
1755,Female,7.0,85,78,72,74,23,Yes,No,7.2,74
1756,Male,6.0,81,78,84,82,26,Yes,Yes,7.2,77
1757,Male,7.8,82,81,85,78,26,Yes,No,6.6,75
1758,Female,7.5,81,69,83,74,23,Yes,Yes,7.5,76
1759,Female,8.0,87,68,75,72,26,Yes,Yes,6.8,73
1760,Female,6.4,82,79,76,76,24,Yes,Yes,6.4,68
1761,Female,6.4,80,79,77,76,23,Yes,No,8.0,75
1762,Female,7.7,82,69,81,72,24,Yes,No,6.2,69
1763,Male,7.0,90,80,75,70,21,Yes,No,6.5,67
1764,Male,6.8,88,80,80,85,24,Yes,Yes,7.5,74
1765,Female,8.0,83,73,84,82,25,Yes,No,6.1,72
1766,Male,6.9,86,79,76,70,25,Yes,No,6.2,73
1767,Female,6.7,89,78,87,83,26,Yes,Yes,6.4,75
1768,Female,7.7,85,78,86,77,25,Yes,Yes,7.0,76
1769,Male,8.0,81,79,84,79,25,Yes,Yes,6.4,71
1770,Female,6.6,90,76,86,75,24,Yes,No,7.9,72
1771,Female,7.5,90,79,74,73,24,Yes,No,8.0,69
1772,Male,7.8,84,71,80,85,26,Yes,No,6.2,71
1773,Female,7.7,89,80,74,80,24,Yes,Yes,7.8,76
1774,Female,7.6,83,72,75,79,21,Yes,No,6.2,70
1775,Male,7.1,82,81,82,82,25,Yes,Yes,7.5,72
1776,Male,7.7,86,73,83,74,25,Yes,Yes,7.3,75
1777,Female,7.1,87,73,76,79,22,Yes,No,7.0,72
1778,Male,7.5,80,77,82,79,25,Yes,Yes,8.0,70
1779,Female,7.3,83,75,81,82,21,Yes,No,8.0,70
1780,Male,7.7,83,79,73,75,24,Yes,Yes,7.5,71
1781,Male,6.7,90,75,83,82,24,Yes,No,6.1,75
1782,Male,7.4,88,74,75,74,23,Yes,Yes,7.5,73
1783,Male,6.9,82,77,76,84,26,Yes,No,7.0,77
1784,Male,7.5,80,73,75,74,24,Yes,Yes,7.9,72
1785,Male,6.7,87,70,73,73,25,Yes,Yes,7.3,73
1786,Male,6.5,81,71,84,85,23,No,No,7.4,68
1787,Male,7.6,90,74,80,84,23,Yes,Yes,6.0,69
1788,Male,6.0,89,77,87,78,26,Yes,No,7.5,76
1789,Male,6.6,82,69,82,72,26,Yes,No,7.8,75
1790,Male,6.8,88,80,88,85,21,No,Yes,7.0,73
1791,Male,7.9,81,70,77,70,25,Yes,Yes,6.9,72
1792,Male,7.3,81,76,80,71,21,Yes,No,8.0,72
1793,Female,6.8,90,68,79,79,21,Yes,No,7.9,71
1794,Female,6.3,87,79,82,81,25,Yes,No,7.1,70
1795,Male,6.5,83,70,81,76,22,Yes,Yes,7.2,68
1796,Female,6.1,84,72,84,75,24,Yes,No,6.9,70
1797,Female,7.1,81,78,80,76,26,No,Yes,6.7,75
1798,Female,6.6,86,74,72,77,21,Yes,No,6.5,71
1799,Male,6.1,90,69,83,80,23,Yes,No,6.3,74
1800,Male,6.8,83,74,75,73,22,No,Yes,7.1,75
1801,Female,6.2,85,79,81,78,25,Yes,Yes,6.2,68
1802,Male,6.4,90,80,84,85,25,Yes,Yes,6.3,69
1803,Male,6.8,84,68,83,77,26,Yes,Yes,7.2,75
1804,Female,7.6,88,72,80,83,25,Yes,No,7.9,78
1805,Male,7.9,86,80,82,72,26,Yes,Yes,6.2,77
1806,Male,7.2,81,79,81,85,21,Yes,Yes,7.9,71
1807,Male,6.8,89,71,72,83,26,No,Yes,7.1,72
1808,Male,7.2,82,78,88,77,22,No,No,6.2,76
1809,Male,6.8,86,70,83,73,23,Yes,No,7.8,69
1810,Female,6.6,83,68,84,76,23,Yes,Yes,7.9,73
1811,Male,6.1,80,77,86,80,23,No,Yes,6.7,67
1812,Female,6.8,80,69,85,85,22,Yes,No,6.2,72
1813,Male,6.0,90,72,79,85,24,Yes,No,6.7,71
1814,Female,6.2,87,78,86,75,22,No,Yes,6.7,71
1815,Male,6.2,84,68,76,82,24,Yes,Yes,7.5,76
1816,Male,7.9,90,72,75,83,24,Yes,Yes,7.1,76
1817,Male,7.0,86,70,75,73,21,Yes,Yes,6.3,70
1818,Female,6.1,85,74,72,83,24,Yes,No,6.6,72
1819,Male,7.2,88,70,79,78,21,Yes,No,7.7,74
1820,Male,6.4,81,79,88,75,22,Yes,Yes,8.0,73
1821,Male,6.8,84,71,76,83,21,Yes,No,7.2,67
1822,Male,7.4,83,71,82,83,24,Yes,Yes,6.1,72
1823,Male,6.7,85,79,85,77,23,Yes,No,7.8,69
1824,Male,6.4,87,72,75,83,22,Yes,No,6.5,71
1825,Female,6.2,80,78,76,80,23,Yes,Yes,7.5,70
1826,Female,6.4,86,69,75,74,26,No,Yes,7.5,69
1827,Male,6.4,87,82,75,72,25,Yes,No,7.2,71
1828,Female,7.1,82,68,76,76,24,Yes,Yes,7.1,70
1829,Female,7.3,81,82,85,72,24,Yes,Yes,6.8,77
1830,Male,7.4,82,72,73,71,26,Yes,Yes,6.4,77
1831,Female,6.3,88,74,84,82,25,Yes,No,6.5,70
1832,Male,7.2,80,82,88,84,25,Yes,Yes,7.4,74
1833,Female,6.6,84,76,75,75,22,Yes,No,6.1,69
1834,Female,7.9,84,82,76,78,21,Yes,Yes,7.3,70
1835,Male,7.3,90,77,83,80,21,Yes,No,7.9,76
1836,Female,7.8,84,73,73,70,23,Yes,No,6.4,70
1837,Female,7.1,89,69,84,78,26,Yes,No,7.3,74
1838,Male,6.6,83,77,84,74,24,Yes,Yes,6.5,75
1839,Female,6.2,82,75,77,75,22,Yes,No,7.1,73
1840,Female,6.6,82,81,84,76,21,Yes,No,6.3,71
1841,Male,6.2,88,70,72,73,24,Yes,Yes,6.8,68
1842,Male,6.3,81,72,76,70,21,Yes,Yes,7.9,67
1843,Male,6.4,87,80,86,75,23,Yes,Yes,6.7,69
1844,Male,7.3,81,68,73,73,25,No,Yes,6.6,73
1845,Male,6.0,86,74,76,81,26,Yes,No,6.6,77
1846,Female,7.0,81,71,75,79,23,Yes,Yes,6.2,70
1847,Male,7.8,89,70,77,83,25,Yes,Yes,6.7,70
1848,Male,7.2,84,73,75,78,24,No,No,7.3,77
1849,Female,7.6,82,80,76,80,22,Yes,Yes,6.8,75
1850,Male,7.2,84,70,74,80,22,Yes,Yes,6.4,71
1851,Female,7.0,86,77,82,74,26,Yes,Yes,7.8,73
1852,Female,7.1,83,74,74,83,25,Yes,No,7.2,75
1853,Male,6.7,83,81,72,81,25,Yes,No,6.9,70
1854,Female,6.7,82,72,86,74,25,No,No,7.9,77
1855,Female,6.1,82,69,76,82,26,Yes,Yes,6.1,71
1856,Female,7.3,81,75,77,70,22,Yes,No,6.7,68
1857,Male,6.3,82,75,76,79,24,Yes,Yes,6.8,71
1858,Female,6.6,82,68,73,75,25,Yes,Yes,6.3,71
1859,Female,7.1,84,82,88,79,26,Yes,Yes,6.5,78
1860,Male,7.0,82,79,78,82,25,Yes,No,6.1,72
1861,Male,7.6,87,75,82,82,24,Yes,Yes,6.3,76
1862,Female,6.5,81,69,83,80,21,Yes,Yes,6.5,67
1863,Female,7.5,84,71,78,71,22,Yes,Yes,6.5,73
1864,Male,6.1,85,69,81,70,23,Yes,Yes,7.5,70
1865,Male,7.5,82,79,75,80,24,Yes,No,7.8,74
1866,Male,6.0,86,75,73,79,22,Yes,Yes,6.3,71
1867,Male,7.9,83,82,78,74,26,Yes,No,6.3,75
1868,Female,6.7,85,77,85,71,26,Yes,Yes,7.5,72
1869,Male,7.9,89,78,87,73,21,Yes,No,6.3,76
1870,Female,7.0,87,73,77,79,22,No,No,6.1,73
1871,Female,6.4,87,72,87,78,24,Yes,Yes,7.3,69
1872,Male,6.1,84,74,85,74,24,Yes,Yes,6.7,75
1873,Female,7.0,84,82,73,71,26,Yes,No,7.6,76
1874,Male,6.6,82,77,84,72,22,Yes,No,6.8,71
1875,Female,7.3,87,69,74,75,26,Yes,Yes,6.2,77
1876,Female,6.8,81,73,82,85,22,Yes,Yes,7.4,71
1877,Male,7.1,87,70,78,80,25,Yes,No,6.1,74
1878,Female,7.6,87,71,73,76,21,Yes,No,7.9,73
1879,Male,6.2,81,72,84,72,23,Yes,Yes,7.7,71
1880,Female,6.4,80,69,85,80,23,Yes,Yes,6.3,70
1881,Female,7.9,86,73,84,70,25,Yes,Yes,7.6,75
1882,Male,6.6,85,68,76,84,22,Yes,No,7.0,70
1883,Male,6.5,80,75,76,84,26,Yes,Yes,7.9,69
1884,Male,6.8,88,80,77,82,22,Yes,No,6.7,70
1885,Male,6.0,84,76,75,85,26,Yes,Yes,8.0,72
1886,Female,7.0,85,69,77,84,24,Yes,Yes,6.7,73
1887,Male,6.6,90,79,85,79,26,Yes,Yes,7.2,78
1888,Male,6.2,80,77,85,73,24,Yes,No,7.5,73
1889,Male,7.3,86,71,79,84,25,Yes,No,6.8,71
1890,Female,7.9,87,74,84,70,23,Yes,Yes,7.6,73
1891,Male,6.6,86,78,79,70,24,Yes,No,6.1,68
1892,Male,6.7,89,74,79,82,22,Yes,No,7.2,71
1893,Male,6.3,90,74,77,82,23,Yes,Yes,7.0,71
1894,Female,7.0,90,77,84,78,25,Yes,Yes,6.3,72
1895,Male,6.9,90,80,76,70,25,Yes,Yes,7.4,77
1896,Female,7.5,82,75,83,75,22,Yes,Yes,7.3,70
1897,Male,7.5,86,80,80,71,23,Yes,No,6.2,70
1898,Female,6.2,89,69,75,74,23,Yes,Yes,6.5,68
1899,Female,7.8,83,74,75,85,21,Yes,No,6.8,72
1900,Male,6.8,85,78,86,75,22,Yes,Yes,6.6,76
1901,Male,6.2,85,73,87,70,22,Yes,No,7.0,69
1902,Female,7.1,88,76,76,76,23,Yes,Yes,6.2,70
1903,Male,6.2,82,72,80,85,22,Yes,Yes,7.9,70
1904,Female,6.9,86,82,78,78,22,Yes,Yes,6.4,76
1905,Female,7.2,89,72,77,76,26,Yes,Yes,7.0,78
1906,Male,7.6,89,69,84,83,22,Yes,No,7.1,71
1907,Female,7.9,84,77,85,79,25,Yes,Yes,7.7,76
1908,Female,6.4,85,74,77,81,22,Yes,No,6.1,73
1909,Male,6.2,85,79,72,80,22,Yes,Yes,6.9,74
1910,Female,6.8,89,71,88,76,21,Yes,Yes,7.1,74
1911,Male,7.4,86,73,82,76,22,Yes,Yes,6.1,72
1912,Female,6.8,81,75,77,80,25,Yes,No,6.8,74
1913,Male,7.8,84,70,84,71,25,Yes,No,7.8,69
1914,Female,6.9,86,79,81,78,23,Yes,Yes,7.5,72
1915,Male,7.0,80,74,81,84,24,Yes,Yes,7.7,77
1916,Female,6.1,80,81,72,74,21,Yes,Yes,8.0,74
1917,Female,6.4,85,81,72,71,23,Yes,No,7.8,67
1918,Female,6.2,85,79,84,78,26,No,No,6.3,70
1919,Female,7.7,89,82,85,84,26,Yes,Yes,6.2,75
1920,Male,8.0,85,80,87,77,21,Yes,No,6.5,71
1921,Male,7.3,83,79,74,72,24,Yes,Yes,6.1,68
1922,Male,6.4,81,73,78,80,23,Yes,No,7.4,73
1923,Male,7.8,83,82,83,82,24,Yes,Yes,7.7,74
1924,Male,6.1,86,70,81,73,22,Yes,No,6.9,67
1925,Male,6.4,80,75,88,84,23,Yes,Yes,6.5,76
1926,Male,6.3,88,74,88,80,21,Yes,No,6.9,70
1927,Male,7.5,86,71,81,76,24,Yes,No,6.4,71
1928,Male,7.4,90,71,75,77,21,Yes,No,6.1,67
1929,Male,6.6,89,79,84,82,24,Yes,No,6.2,75
1930,Male,7.6,85,78,81,79,26,Yes,No,6.0,71
1931,Male,6.3,90,69,77,75,23,Yes,Yes,7.8,68
1932,Male,6.7,82,72,74,75,26,Yes,Yes,7.5,68
1933,Male,7.0,83,75,75,71,21,No,Yes,7.1,69
1934,Male,7.5,81,69,81,80,24,Yes,No,7.0,71
1935,Male,6.7,80,81,83,79,26,Yes,Yes,6.7,74
1936,Female,6.3,86,81,79,74,23,Yes,No,7.0,69
1937,Female,6.4,86,78,75,78,26,Yes,No,7.4,77
1938,Female,6.5,90,73,82,82,25,No,Yes,6.8,71
1939,Female,7.7,81,74,86,81,23,Yes,Yes,6.2,68
1940,Female,6.9,82,76,81,75,23,Yes,Yes,7.0,68
1941,Female,6.4,89,69,73,85,23,Yes,Yes,6.0,70
1942,Male,6.7,84,80,88,74,21,Yes,Yes,7.4,68
1943,Male,6.6,80,75,83,77,26,Yes,Yes,7.3,72
1944,Female,7.8,84,77,81,75,25,Yes,No,6.9,78
1945,Female,7.4,83,72,76,83,25,Yes,No,6.4,71
1946,Male,7.1,86,80,85,73,22,Yes,Yes,7.1,74
1947,Female,6.9,86,75,85,83,24,Yes,Yes,6.1,73
1948,Male,6.2,82,77,81,77,25,No,Yes,7.0,69
1949,Female,6.3,90,68,86,84,21,Yes,No,6.2,69
1950,Male,7.6,89,75,82,71,21,Yes,No,7.5,74
1951,Male,7.1,87,70,79,74,23,Yes,Yes,7.3,74
1952,Male,6.2,80,70,75,73,22,Yes,Yes,6.4,70
1953,Male,6.8,81,72,84,85,22,Yes,No,7.6,75
1954,Male,7.7,89,69,85,74,26,Yes,No,6.0,71
1955,Male,7.0,84,72,75,85,23,Yes,Yes,7.3,71
1956,Female,6.9,86,70,72,79,24,Yes,No,6.2,71
1957,Male,7.3,90,77,86,71,23,Yes,Yes,7.9,73
1958,Female,6.7,88,71,83,82,25,Yes,Yes,6.1,74
1959,Male,6.9,82,72,81,82,21,Yes,No,7.8,73
1960,Female,7.2,82,77,88,78,22,Yes,No,7.4,73
1961,Male,6.1,80,81,77,77,21,Yes,Yes,7.3,71
1962,Female,8.0,83,69,77,82,24,Yes,No,7.8,69
1963,Male,6.9,85,77,72,75,23,Yes,Yes,6.2,72
1964,Male,6.4,87,75,81,77,22,Yes,No,7.5,71
1965,Male,7.3,90,69,78,71,22,Yes,Yes,7.8,70
1966,Male,6.7,90,79,88,85,22,Yes,No,7.7,73
1967,Male,7.2,88,81,76,72,24,Yes,No,6.9,72
1968,Male,7.6,84,69,75,85,22,Yes,Yes,6.1,72
1969,Female,7.8,84,74,83,72,22,Yes,No,7.9,69
1970,Male,6.8,80,76,75,85,23,Yes,No,7.3,68
1971,Female,6.7,80,70,78,80,26,Yes,No,7.8,68
1972,Male,6.7,81,74,74,85,22,No,Yes,6.5,67
1973,Male,7.3,86,75,81,77,21,Yes,No,7.9,67
1974,Male,7.4,80,76,87,71,24,Yes,No,7.5,75
1975,Female,7.1,81,75,75,81,23,Yes,Yes,6.4,71
1976,Male,7.2,83,74,73,70,26,Yes,No,6.5,69
1977,Male,6.4,80,73,83,77,23,Yes,Yes,6.3,71
1978,Female,6.2,88,71,87,81,22,Yes,Yes,6.9,69
1979,Female,7.7,83,76,80,80,26,Yes,Yes,7.1,70
1980,Male,7.4,89,75,80,72,22,Yes,Yes,7.8,76
1981,Male,6.2,82,68,79,84,26,Yes,No,7.5,69
1982,Male,6.5,89,74,81,72,21,Yes,Yes,6.6,72
1983,Male,6.8,80,71,78,82,22,Yes,No,7.3,72
1984,Male,7.1,85,82,72,80,23,Yes,Yes,7.6,74
1985,Male,7.5,89,74,85,71,21,Yes,Yes,7.1,74
1986,Female,6.8,89,80,88,78,22,Yes,Yes,7.9,72
1987,Male,6.6,90,72,74,77,25,Yes,Yes,6.6,74
1988,Female,6.7,90,72,72,73,23,Yes,No,7.1,70
1989,Male,6.9,87,68,86,71,23,Yes,No,7.0,75
1990,Female,6.6,89,76,82,72,24,Yes,No,6.4,75
1991,Female,6.3,90,70,76,71,22,Yes,Yes,6.2,67
1992,Male,7.2,80,76,79,71,26,Yes,Yes,8.0,71
1993,Male,7.1,80,77,79,81,21,Yes,Yes,6.2,71
1994,Male,6.4,89,73,85,72,26,Yes,Yes,6.9,71
1995,Male,6.7,86,82,83,85,23,Yes,Yes,7.2,69
1996,Female,7.8,80,69,78,80,25,Yes,No,7.4,75
1997,Female,7.7,80,78,76,82,26,No,Yes,6.2,70
1998,Female,7.1,81,81,88,71,25,Yes,No,6.9,74
1999,Male,7.7,84,82,79,80,22,No,Yes,7.6,71
2000,Male,7.4,87,79,85,81,21,Yes,Yes,6.7,73
2001,Male,7.2,87,80,85,77,25,Yes,No,7.7,70
2002,Male,7.3,90,70,80,79,23,Yes,Yes,6.6,69
2003,Female,7.2,90,82,78,75,24,Yes,No,6.0,70
2004,Female,7.5,82,81,73,83,21,Yes,No,7.4,68
2005,Male,7.8,85,70,84,77,26,Yes,Yes,6.6,72
2006,Female,8.0,80,69,83,84,24,Yes,No,7.3,75
2007,Female,7.4,82,79,88,72,22,Yes,Yes,7.8,73
2008,Female,6.8,87,70,88,78,21,Yes,Yes,6.5,71
2009,Male,6.6,86,73,77,74,21,Yes,No,7.6,73
2010,Female,7.2,89,73,75,81,23,Yes,Yes,6.3,70
2011,Female,7.8,84,82,80,73,22,Yes,No,7.3,70
2012,Female,6.1,80,82,78,70,24,No,No,7.7,68
2013,Male,7.5,88,70,86,79,21,No,No,7.4,76
2014,Male,7.0,81,81,76,78,26,Yes,Yes,7.3,72
2015,Male,7.5,85,70,88,80,23,Yes,Yes,6.9,75
2016,Male,7.8,80,74,75,80,22,No,No,7.7,74
2017,Male,6.5,89,74,79,76,23,Yes,Yes,6.9,72
2018,Male,6.3,90,82,74,76,21,Yes,Yes,6.9,71
2019,Male,6.8,84,77,84,77,26,No,Yes,6.7,74
2020,Male,7.8,90,75,87,82,25,Yes,Yes,6.7,74
2021,Male,7.9,84,74,86,80,22,Yes,Yes,7.3,69
2022,Male,7.3,85,79,84,74,24,Yes,No,7.7,77
2023,Female,6.1,84,76,78,83,21,No,No,7.1,69
2024,Female,6.8,87,74,84,78,21,No,Yes,6.5,74
2025,Male,6.6,86,71,77,76,26,No,Yes,6.2,74
2026,Female,7.9,80,80,84,72,26,Yes,Yes,6.7,73
2027,Female,6.7,83,70,84,77,23,Yes,No,7.6,76
2028,Male,7.1,83,68,73,70,25,Yes,Yes,6.2,72
2029,Female,6.6,83,78,79,71,23,Yes,No,7.5,75
2030,Female,7.6,84,81,74,72,21,Yes,Yes,7.0,74
2031,Female,6.2,89,80,84,76,25,Yes,No,7.7,76
2032,Male,6.6,87,71,75,78,26,Yes,Yes,7.2,72
2033,Female,7.9,88,72,87,79,26,Yes,No,7.1,72
2034,Female,7.5,85,80,75,84,22,Yes,Yes,7.2,68
2035,Female,6.7,89,69,81,80,22,Yes,No,7.6,68
2036,Male,7.7,87,77,79,72,22,Yes,Yes,6.8,76
2037,Male,6.1,87,72,85,79,26,Yes,No,6.7,70
2038,Male,7.7,84,79,78,85,25,Yes,No,7.0,76
2039,Female,7.0,81,82,75,83,26,Yes,Yes,6.2,71
2040,Male,6.3,87,81,75,71,24,Yes,No,7.0,74
2041,Female,6.8,84,69,85,79,26,Yes,No,7.8,75
2042,Female,7.1,82,70,81,76,25,Yes,Yes,7.9,71
2043,Male,7.9,82,70,88,85,21,Yes,Yes,6.6,69
2044,Male,6.6,83,71,75,84,23,Yes,Yes,6.2,73
2045,Female,6.7,88,82,79,81,26,Yes,No,6.0,71
2046,Female,7.2,84,73,84,78,25,Yes,No,7.1,75
2047,Male,6.2,83,72,77,78,25,Yes,Yes,6.2,75
2048,Female,7.9,89,78,87,76,22,Yes,Yes,6.0,70
2049,Female,6.3,87,81,72,80,21,Yes,No,7.8,67
2050,Male,6.9,87,73,81,73,22,Yes,No,7.1,71
2051,Female,6.6,88,73,88,72,25,Yes,Yes,7.7,70
2052,Male,7.1,87,79,80,73,25,Yes,No,7.8,75
2053,Female,7.7,90,73,85,76,25,No,Yes,7.1,78
2054,Male,7.9,80,71,86,81,25,Yes,Yes,6.4,75
2055,Female,7.8,88,82,72,78,21,No,No,7.3,74
2056,Female,6.5,80,77,72,85,25,Yes,Yes,7.3,72
2057,Male,6.1,80,77,76,75,22,Yes,Yes,6.2,74
2058,Male,6.6,88,72,78,70,23,Yes,Yes,7.7,75
2059,Female,7.8,89,79,83,70,26,Yes,No,6.8,78
2060,Male,7.5,81,70,86,71,23,Yes,No,7.2,74
2061,Female,6.6,88,73,75,80,24,Yes,Yes,7.1,74
2062,Male,6.2,81,70,74,75,23,No,Yes,7.2,67
2063,Male,7.3,87,69,79,79,26,Yes,Yes,7.3,77
2064,Male,6.6,86,79,81,75,23,Yes,No,6.3,71
2065,Female,6.5,83,70,81,78,26,Yes,Yes,6.9,69
2066,Female,6.7,90,76,86,75,21,Yes,No,7.9,73
2067,Female,8.0,86,73,81,76,23,Yes,Yes,7.4,73
2068,Male,6.5,87,72,73,73,25,Yes,Yes,7.3,69
2069,Female,6.7,86,78,73,80,26,Yes,Yes,6.2,72
2070,Male,6.7,90,82,75,75,23,Yes,Yes,6.6,72
2071,Male,7.6,87,77,85,82,24,Yes,No,7.7,72
2072,Female,7.4,84,68,79,73,24,Yes,Yes,6.9,70
2073,Female,7.0,84,82,88,76,25,Yes,Yes,7.5,70
2074,Female,7.9,84,80,76,81,24,Yes,Yes,6.8,73
2075,Male,7.8,84,72,74,75,22,No,Yes,7.7,71
2076,Male,7.4,85,68,87,75,23,Yes,Yes,6.2,73
2077,Female,7.3,87,79,79,73,24,Yes,Yes,6.3,76
2078,Male,7.8,90,79,85,82,25,Yes,Yes,6.1,74
2079,Male,7.5,85,73,82,70,25,Yes,Yes,7.2,72
2080,Male,7.0,80,71,81,83,21,No,Yes,6.7,73
2081,Male,6.6,90,81,87,71,23,Yes,Yes,7.9,72
2082,Male,6.9,81,73,75,82,21,Yes,No,6.3,68
2083,Male,7.0,90,74,85,71,23,Yes,Yes,6.8,75
2084,Female,7.0,87,79,82,81,21,Yes,Yes,7.6,71
2085,Female,6.3,85,82,80,76,25,No,Yes,7.6,75
2086,Female,6.6,81,81,87,84,23,Yes,Yes,6.1,73
2087,Female,7.3,80,76,80,75,23,Yes,No,6.7,68
2088,Female,7.2,85,79,73,82,22,Yes,Yes,6.4,73
2089,Male,7.3,86,82,80,81,24,No,No,7.4,71
2090,Male,6.7,82,77,75,82,25,Yes,Yes,8.0,69
2091,Male,6.8,80,70,80,72,24,No,Yes,7.9,75
2092,Male,7.2,88,81,79,71,23,Yes,No,7.1,70
2093,Male,6.6,90,68,84,75,26,Yes,Yes,6.6,69
2094,Female,7.3,84,72,86,80,21,Yes,Yes,6.4,67
2095,Female,7.5,89,81,86,83,26,Yes,Yes,7.2,75
2096,Male,6.7,85,73,86,74,24,Yes,No,7.7,72
2097,Male,7.3,84,74,73,72,26,Yes,Yes,7.0,72
2098,Male,6.6,85,75,86,70,22,Yes,No,7.2,68
2099,Female,8.0,80,80,81,85,22,Yes,Yes,6.8,73
2100,Male,6.2,83,71,75,79,22,Yes,No,7.7,74
2101,Female,7.5,86,82,80,80,23,Yes,Yes,7.3,75
2102,Female,6.5,86,75,86,79,24,No,No,6.3,76
2103,Male,7.1,85,80,86,75,26,Yes,Yes,7.8,73
2104,Male,6.4,80,77,79,74,25,No,No,7.2,69
2105,Male,7.2,82,77,87,72,23,No,Yes,6.0,73
2106,Female,7.7,82,75,83,77,22,Yes,Yes,6.9,75
2107,Male,6.1,80,71,86,84,22,Yes,Yes,7.4,71
2108,Male,7.0,81,80,82,75,22,Yes,Yes,6.9,68
2109,Female,7.7,87,81,84,72,24,Yes,Yes,7.9,78
2110,Male,6.9,80,72,84,71,23,Yes,No,6.8,76
2111,Male,6.2,84,80,75,75,23,Yes,No,6.8,70
2112,Male,6.4,81,73,74,84,26,Yes,Yes,7.0,70
2113,Male,6.7,87,79,80,78,25,Yes,No,6.1,70
2114,Male,6.4,85,77,83,79,23,Yes,Yes,7.9,69
2115,Female,7.3,82,79,76,74,25,Yes,Yes,6.6,72
2116,Female,7.7,89,72,76,70,23,Yes,No,6.7,73
2117,Male,7.9,90,70,88,80,25,Yes,No,6.7,77
2118,Male,6.4,86,68,74,80,22,Yes,No,6.6,68
2119,Male,7.3,85,75,86,70,26,Yes,Yes,7.7,76
2120,Male,7.3,86,78,75,80,25,Yes,No,6.1,74
2121,Male,6.9,88,71,79,78,26,Yes,Yes,6.4,77
2122,Male,6.4,89,72,80,72,26,No,Yes,6.4,76
2123,Male,7.0,80,71,79,77,25,Yes,Yes,7.5,72
2124,Female,6.6,90,69,78,85,21,Yes,No,6.9,71
2125,Female,7.2,84,77,72,83,21,Yes,No,7.4,71
2126,Male,8.0,84,80,85,78,24,Yes,No,7.3,72
2127,Female,6.5,88,71,82,78,26,Yes,Yes,7.1,71
2128,Female,7.0,85,82,88,85,24,Yes,Yes,6.3,70
2129,Male,7.9,87,73,77,76,21,Yes,Yes,7.5,69
2130,Female,7.5,87,69,81,76,25,Yes,Yes,7.3,72
2131,Female,7.6,82,77,77,80,25,Yes,Yes,8.0,75
2132,Male,6.5,84,75,81,81,22,Yes,No,6.6,74
2133,Female,6.9,86,77,84,83,21,Yes,Yes,7.5,71
2134,Female,7.3,82,75,80,70,26,Yes,Yes,6.4,75
2135,Female,6.0,86,80,84,80,25,Yes,Yes,7.1,70
2136,Male,7.7,81,69,79,75,23,Yes,Yes,7.4,74
2137,Male,7.6,86,79,87,77,23,Yes,Yes,8.0,74
2138,Female,7.3,84,76,83,84,23,Yes,No,6.2,70
2139,Male,7.6,82,77,81,76,25,Yes,No,6.2,71
2140,Female,7.1,84,79,72,74,21,Yes,No,7.7,74
2141,Female,7.8,87,79,78,75,23,Yes,Yes,6.9,73
2142,Female,6.5,80,70,75,83,24,Yes,Yes,6.8,72
2143,Male,7.8,88,73,72,83,21,Yes,Yes,7.9,75
2144,Female,6.6,85,78,74,72,25,Yes,No,6.2,73
2145,Male,7.1,87,77,78,72,26,Yes,No,6.9,72
2146,Female,7.3,81,70,82,84,25,Yes,Yes,7.6,75
2147,Female,7.1,80,77,84,70,21,Yes,Yes,6.5,71
2148,Male,7.2,85,76,86,76,25,Yes,Yes,7.9,77
2149,Male,6.4,82,69,72,71,22,Yes,No,7.1,67
2150,Female,7.3,83,72,77,83,23,Yes,No,6.5,76
2151,Male,6.3,87,69,84,70,24,Yes,No,7.7,75
2152,Male,6.9,83,71,84,73,21,Yes,Yes,7.9,71
2153,Male,6.2,87,79,83,80,24,Yes,Yes,6.4,69
2154,Female,7.9,80,68,84,83,24,Yes,Yes,7.9,69
2155,Female,7.7,86,81,81,77,26,Yes,Yes,6.2,76
2156,Female,7.9,84,79,82,71,22,Yes,Yes,7.7,69
2157,Male,6.3,87,80,73,71,25,Yes,No,7.6,76
2158,Male,7.6,86,70,77,74,26,Yes,No,7.6,75
2159,Male,7.6,80,75,78,79,24,Yes,Yes,7.3,77
2160,Female,7.6,85,68,87,71,26,Yes,No,7.7,78
2161,Female,7.5,88,70,77,73,21,Yes,Yes,6.7,69
2162,Male,6.2,87,75,85,84,22,Yes,Yes,7.7,74
2163,Male,7.8,84,70,82,81,25,Yes,Yes,7.3,70
2164,Female,6.3,88,70,76,77,26,Yes,Yes,6.2,69
2165,Female,6.5,84,70,81,80,26,Yes,Yes,7.9,74
2166,Female,6.7,85,78,76,71,26,Yes,Yes,7.8,72
2167,Male,6.0,90,68,79,75,24,Yes,Yes,6.6,73
2168,Female,6.4,89,74,86,76,24,Yes,No,7.2,73
2169,Male,7.3,88,82,82,80,22,Yes,Yes,6.5,76
2170,Female,7.3,90,81,82,78,21,Yes,Yes,7.6,72
2171,Male,6.2,87,81,75,73,25,Yes,Yes,7.4,69
2172,Female,7.1,81,81,88,75,24,No,No,7.6,77
2173,Male,7.6,83,79,83,74,25,Yes,Yes,7.7,74
2174,Male,7.1,88,70,83,75,21,Yes,No,7.4,73
2175,Male,7.1,89,74,78,78,21,Yes,Yes,7.9,71
2176,Female,7.8,87,73,76,79,21,Yes,Yes,6.1,74
2177,Male,6.1,86,70,76,85,22,Yes,No,7.5,74
2178,Male,7.3,86,77,78,77,23,Yes,Yes,6.1,71
2179,Male,7.5,89,78,76,76,24,Yes,Yes,6.3,71
2180,Female,7.0,88,69,87,77,26,Yes,Yes,6.9,77
2181,Male,6.3,85,82,80,71,24,No,No,7.7,70
2182,Male,7.2,87,80,81,77,25,Yes,Yes,6.2,76
2183,Female,7.7,86,74,73,73,23,Yes,Yes,7.7,75
2184,Female,6.8,84,73,74,70,21,No,No,7.4,71
2185,Male,7.2,90,72,75,85,25,Yes,Yes,7.2,74
2186,Female,6.1,81,77,75,73,21,No,No,7.9,68
2187,Female,7.6,80,73,86,84,25,Yes,No,7.7,69
2188,Male,7.3,80,71,77,70,26,Yes,Yes,7.9,69
2189,Female,7.5,84,73,83,81,22,Yes,Yes,6.6,75
2190,Male,7.5,82,71,82,82,23,Yes,Yes,7.6,69
2191,Female,6.7,88,79,79,80,23,Yes,No,6.2,75
2192,Male,7.2,90,70,84,76,23,Yes,No,7.7,72
2193,Female,7.8,82,70,82,70,21,Yes,No,6.4,70
2194,Female,6.8,81,71,74,72,26,Yes,No,7.2,77
2195,Female,7.4,88,73,84,74,24,Yes,No,6.2,75
2196,Female,6.6,83,75,73,77,25,Yes,Yes,6.3,70
2197,Male,6.5,83,75,78,74,21,No,Yes,6.6,66
2198,Female,7.1,89,71,85,75,25,No,No,7.2,75
2199,Male,7.6,84,74,83,81,22,Yes,Yes,6.6,71
2200,Male,6.6,83,80,76,73,25,Yes,Yes,7.4,73
2201,Female,7.4,90,76,79,84,23,Yes,No,7.1,69
2202,Male,7.2,81,70,72,84,25,Yes,Yes,7.3,77
2203,Female,6.1,85,69,80,78,26,Yes,No,6.1,73
2204,Female,8.0,83,78,86,79,25,Yes,No,7.4,72
2205,Female,6.3,88,78,82,70,25,Yes,Yes,6.1,75
2206,Female,7.2,88,74,77,76,22,Yes,No,8.0,75
2207,Female,7.3,87,79,75,80,21,Yes,Yes,6.2,71
2208,Female,7.4,82,81,82,75,21,Yes,Yes,6.6,69
2209,Male,6.2,84,74,78,77,23,Yes,Yes,8.0,73
2210,Male,7.0,80,82,73,71,26,No,Yes,6.7,70
2211,Male,6.0,86,72,72,81,21,Yes,Yes,7.9,68
2212,Female,8.0,81,81,76,81,25,Yes,Yes,6.4,74
2213,Male,6.1,80,82,75,79,23,Yes,Yes,6.2,73
2214,Male,7.8,87,71,76,80,24,Yes,Yes,7.9,74
2215,Female,7.3,81,73,79,81,22,Yes,No,6.5,75
2216,Male,6.1,80,82,87,73,25,Yes,No,6.2,74
2217,Female,7.5,90,71,81,80,22,Yes,Yes,6.9,70
2218,Female,6.8,86,69,87,70,24,Yes,Yes,6.2,73
2219,Female,7.0,84,80,73,71,22,Yes,Yes,7.9,70
2220,Male,7.1,80,72,84,76,23,Yes,Yes,7.9,68
2221,Female,7.0,90,79,73,76,21,No,No,6.9,69
2222,Female,7.4,87,71,72,71,24,Yes,No,6.4,75
2223,Male,7.8,90,81,82,75,24,Yes,Yes,7.7,72
2224,Female,7.2,89,78,80,83,26,No,Yes,7.1,77
2225,Female,6.8,80,74,85,82,23,Yes,Yes,7.7,69
2226,Female,7.3,86,68,86,74,26,Yes,No,7.4,70
2227,Female,6.1,88,73,77,78,26,Yes,Yes,7.4,75
2228,Female,6.6,89,72,75,73,24,Yes,No,7.6,76
2229,Female,6.4,88,68,87,85,21,No,No,6.2,67
2230,Female,6.5,89,73,86,74,24,Yes,Yes,7.2,68
2231,Male,6.1,80,70,82,78,22,No,No,6.7,68
2232,Male,7.9,88,69,79,75,26,Yes,No,6.4,75
2233,Female,6.1,83,77,88,79,25,Yes,No,6.3,73
2234,Male,6.8,88,68,77,80,23,Yes,Yes,6.1,76
2235,Male,6.8,89,68,84,73,22,Yes,Yes,7.5,67
2236,Male,7.9,90,74,81,82,24,Yes,No,7.8,71
2237,Female,8.0,90,75,87,74,24,Yes,No,7.1,72
2238,Male,7.9,86,72,77,81,26,Yes,No,6.0,77
2239,Female,6.8,88,81,79,82,22,No,No,7.7,71
2240,Female,7.8,87,79,86,84,24,Yes,No,6.9,72
2241,Male,7.4,83,71,78,76,25,Yes,No,6.4,76
2242,Male,6.7,84,71,84,74,24,Yes,Yes,6.2,74
2243,Female,6.1,83,73,77,82,25,Yes,Yes,6.9,72
2244,Male,7.1,82,72,76,82,25,Yes,No,7.6,70
2245,Male,6.5,82,80,87,80,25,Yes,No,7.9,74
2246,Male,6.2,80,82,73,80,21,Yes,No,6.6,75
2247,Male,7.9,84,81,74,81,25,Yes,Yes,7.8,75
2248,Male,6.6,81,80,77,74,22,Yes,No,6.8,72
2249,Female,7.4,84,79,79,73,26,No,No,7.9,78
2250,Male,6.3,86,75,84,85,22,Yes,Yes,7.5,73
2251,Female,6.9,80,75,83,80,21,Yes,Yes,7.8,67
2252,Male,7.4,82,69,78,80,23,Yes,Yes,7.4,75
2253,Male,6.0,89,74,77,81,23,Yes,Yes,6.4,70
2254,Female,6.1,83,79,81,78,24,Yes,Yes,8.0,71
2255,Male,7.3,85,76,73,74,25,Yes,Yes,6.0,74
2256,Female,7.8,86,74,73,78,26,Yes,Yes,6.8,73
2257,Female,6.3,85,79,80,76,24,Yes,No,6.6,68
2258,Female,7.6,85,81,88,73,21,Yes,No,7.6,75
2259,Male,6.7,82,77,79,72,21,Yes,No,6.0,67
2260,Female,6.3,90,81,86,80,26,Yes,Yes,6.2,70
2261,Male,7.8,81,70,74,72,21,Yes,Yes,6.9,73
2262,Male,6.8,90,76,78,85,22,Yes,No,7.4,72
2263,Male,6.9,88,68,74,75,22,Yes,Yes,6.5,75
2264,Male,6.4,85,80,79,75,24,Yes,No,7.3,73
2265,Female,6.4,84,81,83,77,25,Yes,No,6.0,77
2266,Male,6.1,81,75,83,71,25,Yes,Yes,7.5,71
2267,Male,6.0,90,69,82,81,26,Yes,No,7.4,74
2268,Female,6.9,87,73,87,79,24,Yes,Yes,6.6,75
2269,Male,6.1,85,74,86,84,23,Yes,Yes,7.8,75
2270,Male,6.9,82,79,84,83,21,Yes,No,7.7,74
2271,Female,6.8,80,74,77,74,25,Yes,Yes,7.9,70
2272,Female,6.3,85,71,72,85,24,Yes,No,6.3,75
2273,Female,7.2,87,74,85,75,24,Yes,Yes,7.9,68
2274,Female,7.9,87,77,81,74,22,Yes,Yes,7.0,73
2275,Male,7.9,90,70,82,79,26,Yes,Yes,7.2,75
2276,Male,6.7,85,80,76,81,25,Yes,No,7.9,69
2277,Male,6.5,85,79,79,80,26,Yes,Yes,7.8,73
2278,Female,7.4,82,73,79,77,22,No,Yes,7.0,72
2279,Male,6.8,82,77,82,72,25,Yes,No,7.0,74
2280,Female,7.6,84,79,76,81,21,Yes,Yes,6.9,70
2281,Male,7.1,84,73,87,80,25,Yes,No,7.8,71
2282,Male,6.6,80,79,78,79,22,Yes,No,7.6,71
2283,Male,6.3,80,68,85,72,23,Yes,No,6.9,75
2284,Male,7.1,89,75,82,73,23,Yes,No,6.9,70
2285,Female,6.6,80,69,73,80,25,Yes,Yes,7.0,69
2286,Female,7.1,90,74,82,82,22,Yes,Yes,6.7,76
2287,Male,7.1,89,68,88,71,26,Yes,No,7.4,70
2288,Female,6.3,81,76,77,77,21,Yes,Yes,7.5,69
2289,Male,7.5,87,74,73,83,26,Yes,No,7.6,76
2290,Male,7.6,87,70,75,78,22,Yes,Yes,6.5,74
2291,Male,7.0,80,71,79,74,22,Yes,Yes,7.0,70
2292,Female,6.0,84,75,72,83,25,Yes,Yes,6.1,70
2293,Male,6.0,81,77,83,75,24,Yes,No,6.4,72
2294,Male,6.5,85,76,84,75,22,Yes,Yes,7.5,70
2295,Female,6.8,90,72,86,70,24,Yes,No,7.2,74
2296,Female,6.1,81,79,78,76,25,Yes,No,7.5,70
2297,Female,6.7,80,78,79,78,22,Yes,Yes,7.0,70
2298,Male,7.7,83,75,84,80,24,Yes,Yes,8.0,74
2299,Male,7.1,84,80,79,72,25,Yes,No,6.2,69
2300,Male,7.9,80,72,86,82,26,Yes,Yes,7.1,71
2301,Male,7.3,86,79,83,72,23,Yes,No,6.8,68
2302,Female,6.6,84,75,78,73,26,No,Yes,7.5,75
2303,Male,6.3,81,69,79,84,25,Yes,Yes,7.4,70
2304,Female,6.1,82,71,74,82,26,Yes,No,6.8,68
2305,Female,6.8,80,77,73,72,23,Yes,Yes,7.4,74
2306,Female,6.0,84,81,78,77,26,Yes,Yes,6.9,69
2307,Male,7.1,87,80,79,71,23,Yes,Yes,6.7,74
2308,Female,7.1,85,78,83,74,23,Yes,Yes,7.5,71
2309,Female,6.7,85,80,81,74,26,Yes,Yes,7.5,73
2310,Female,6.2,84,82,76,80,23,Yes,No,7.3,72
2311,Male,7.0,90,70,82,75,25,Yes,Yes,6.3,76
2312,Male,6.2,86,82,75,71,25,Yes,Yes,6.2,68
2313,Male,7.5,90,79,82,85,21,Yes,No,6.7,76
2314,Female,7.0,86,71,83,83,26,Yes,Yes,7.5,70
2315,Female,6.3,83,79,72,73,24,Yes,Yes,6.3,68
2316,Male,6.6,83,76,75,76,21,Yes,No,6.0,69
2317,Male,6.1,87,69,85,81,26,Yes,No,6.8,75
2318,Female,6.4,86,77,87,71,26,Yes,No,7.0,69
2319,Female,6.5,87,81,84,73,24,Yes,No,7.4,74
2320,Female,8.0,86,68,87,72,24,Yes,Yes,6.5,69
2321,Male,6.9,85,71,87,71,23,Yes,No,6.6,75
2322,Female,6.2,90,70,72,84,21,Yes,Yes,7.0,70
2323,Female,7.6,88,78,73,78,25,Yes,Yes,6.2,74
2324,Female,6.6,82,68,81,80,24,Yes,Yes,6.2,69
2325,Male,6.5,86,80,77,82,21,No,Yes,6.6,69
2326,Male,6.5,87,80,75,73,22,Yes,Yes,6.3,74
2327,Female,7.6,86,68,88,81,26,Yes,No,7.1,73
2328,Female,7.1,86,69,74,72,23,Yes,Yes,7.8,73
2329,Female,7.8,82,69,72,75,21,Yes,Yes,7.1,73
2330,Male,7.1,87,69,77,83,21,Yes,Yes,7.1,69
2331,Male,7.5,86,68,83,71,25,Yes,Yes,7.6,69
2332,Female,6.6,82,73,79,85,22,Yes,No,6.4,71
2333,Female,6.3,88,78,74,74,26,Yes,Yes,6.3,73
2334,Male,7.0,81,77,77,77,26,No,Yes,7.5,77
2335,Female,6.8,86,68,82,82,21,No,Yes,6.4,73
2336,Female,7.5,82,75,88,83,26,Yes,No,7.7,76
2337,Male,7.0,81,74,72,83,21,Yes,Yes,7.1,73
2338,Male,6.7,86,72,86,80,23,Yes,Yes,7.7,73
2339,Female,7.0,86,80,76,85,23,Yes,Yes,6.2,72
2340,Female,6.5,84,82,80,79,25,Yes,Yes,7.0,72
2341,Female,6.7,84,71,82,83,23,Yes,Yes,6.5,71
2342,Male,7.6,84,71,83,80,22,Yes,No,7.6,73
2343,Female,7.3,83,77,82,75,26,Yes,No,7.6,72
2344,Male,7.9,87,76,82,74,23,Yes,No,7.2,71
2345,Male,6.0,83,80,80,85,24,Yes,Yes,7.9,73
2346,Female,6.4,80,74,87,73,24,Yes,Yes,6.9,71
2347,Male,6.7,80,68,74,78,21,Yes,Yes,7.1,68
2348,Male,6.4,90,77,73,70,21,Yes,No,6.7,72
2349,Male,6.5,89,77,80,81,22,No,No,6.3,72
2350,Female,7.6,86,71,72,75,21,Yes,No,7.1,73
2351,Female,6.2,86,71,79,84,25,Yes,Yes,6.3,69
2352,Male,6.5,84,74,84,84,22,Yes,Yes,6.5,75
2353,Male,6.9,86,81,84,70,25,Yes,Yes,7.5,71
2354,Female,6.6,87,76,84,84,25,Yes,No,6.4,70
2355,Male,6.3,86,71,78,80,23,Yes,No,6.8,69
2356,Female,7.2,87,68,79,72,24,Yes,No,7.4,68
2357,Male,6.8,87,74,86,83,21,Yes,Yes,6.9,70
2358,Male,7.0,82,71,88,76,21,Yes,Yes,8.0,70
2359,Male,7.4,82,69,73,78,21,Yes,No,7.1,69
2360,Female,7.7,84,81,77,77,24,Yes,No,6.6,74
2361,Male,7.2,89,78,77,79,25,Yes,Yes,6.9,73
2362,Male,7.2,81,69,75,78,22,Yes,Yes,7.1,74
2363,Female,7.4,82,76,77,77,21,Yes,Yes,6.7,68
2364,Female,7.0,80,74,76,75,21,Yes,Yes,6.9,74
2365,Male,7.1,84,75,79,84,22,Yes,Yes,7.4,74
2366,Male,6.1,86,70,72,79,24,Yes,No,7.1,71
2367,Female,7.8,87,78,88,81,25,Yes,Yes,7.2,78
2368,Female,6.3,87,70,73,76,21,No,Yes,7.2,69
2369,Male,6.8,84,73,72,80,24,Yes,Yes,6.4,68
2370,Male,6.9,89,80,76,79,24,Yes,No,6.5,69
2371,Male,7.0,87,79,86,81,22,No,No,6.9,72
2372,Male,7.8,81,72,83,71,23,Yes,Yes,6.9,72
2373,Male,6.7,88,76,87,71,24,Yes,No,6.1,71
2374,Male,6.0,81,70,80,71,21,Yes,No,7.0,72
2375,Female,6.7,89,75,83,80,23,Yes,Yes,6.7,75
2376,Male,6.9,88,68,88,72,22,Yes,Yes,7.9,71
2377,Female,7.5,90,72,76,74,22,Yes,No,6.2,71
2378,Female,6.1,80,70,78,83,25,Yes,No,6.4,75
2379,Male,8.0,83,68,74,75,21,Yes,No,6.5,71
2380,Male,7.8,87,69,74,84,23,Yes,No,7.2,71
2381,Female,7.2,88,82,82,80,25,Yes,No,6.3,75
2382,Female,6.5,80,74,87,78,23,Yes,Yes,7.9,70
2383,Female,6.1,89,72,80,73,22,No,Yes,7.1,74
2384,Male,6.9,82,82,75,81,24,Yes,Yes,7.5,72
2385,Male,6.3,87,82,74,80,21,Yes,Yes,6.9,75
2386,Female,8.0,85,73,75,79,22,Yes,No,7.0,72
2387,Female,6.9,83,72,79,75,23,Yes,Yes,6.3,70
2388,Male,6.2,80,70,85,85,21,Yes,No,7.9,73
2389,Male,6.9,80,70,81,81,26,No,Yes,7.4,76
2390,Male,6.1,84,73,75,71,25,Yes,No,6.2,68
2391,Male,7.6,86,81,87,73,23,Yes,Yes,7.2,74
2392,Male,6.3,87,77,80,75,26,Yes,Yes,7.6,73
2393,Male,7.4,80,74,82,75,26,Yes,No,6.9,73
2394,Male,6.6,86,74,79,79,26,Yes,No,6.7,71
2395,Male,6.1,80,77,75,74,21,Yes,No,8.0,67
2396,Male,7.5,85,77,79,85,24,Yes,Yes,6.8,77
2397,Female,7.8,90,68,83,75,24,Yes,Yes,6.4,69
2398,Male,6.8,87,75,84,80,24,Yes,Yes,6.3,71
2399,Female,6.0,82,72,85,72,24,Yes,Yes,7.8,70
2400,Male,6.5,89,75,80,76,26,Yes,No,6.4,69
2401,Male,7.6,85,73,72,73,24,Yes,No,7.5,73
2402,Male,7.4,88,72,88,82,25,Yes,No,8.0,75
2403,Male,6.9,89,76,81,84,21,Yes,Yes,6.6,67
2404,Female,6.9,86,82,86,77,23,Yes,No,7.7,70
2405,Female,7.6,90,82,80,82,23,Yes,Yes,6.0,71
2406,Male,6.5,80,74,73,72,23,Yes,No,7.1,75
2407,Female,7.5,90,68,87,76,25,Yes,Yes,7.3,71
2408,Male,7.1,85,70,78,70,26,Yes,Yes,6.9,72
2409,Male,6.2,84,70,81,78,24,Yes,Yes,6.3,71
2410,Male,6.2,84,72,74,72,22,Yes,No,7.7,74
2411,Female,7.6,84,70,75,84,23,Yes,Yes,6.2,75
2412,Female,7.3,84,80,74,81,21,Yes,Yes,6.7,71
2413,Male,7.5,89,80,74,72,22,Yes,No,6.3,69
2414,Male,6.1,86,80,85,73,25,Yes,Yes,7.6,72
2415,Male,7.5,81,79,79,85,25,Yes,Yes,7.5,73
2416,Male,7.8,80,75,78,70,25,No,Yes,6.7,75
2417,Female,7.5,80,73,86,72,22,Yes,Yes,7.7,73
2418,Female,7.0,88,79,82,73,25,Yes,No,7.6,76
2419,Female,6.6,81,68,81,74,26,Yes,No,6.5,72
2420,Male,8.0,88,73,74,85,23,Yes,Yes,7.5,72
2421,Male,6.7,81,81,76,73,23,Yes,No,6.2,70
2422,Female,6.4,83,77,74,77,21,Yes,Yes,6.6,74
2423,Male,7.8,90,72,75,82,21,Yes,Yes,6.6,76
2424,Male,6.5,80,70,74,73,25,Yes,Yes,6.0,76
2425,Female,6.8,81,72,77,77,21,No,Yes,6.7,68
2426,Male,6.9,82,70,88,77,24,No,Yes,6.0,73
2427,Female,7.0,83,68,85,76,25,Yes,No,7.3,70
2428,Female,7.9,86,82,81,78,22,No,No,7.2,77
2429,Male,7.3,87,68,75,82,25,Yes,Yes,6.4,71
2430,Male,7.9,83,70,73,77,22,Yes,No,7.5,74
2431,Female,7.9,84,69,72,76,26,Yes,No,6.2,76
2432,Male,6.4,82,70,75,81,23,Yes,No,8.0,71
2433,Female,7.7,82,71,84,81,22,Yes,No,7.7,76
2434,Male,6.9,84,68,85,84,22,Yes,Yes,6.1,76
2435,Male,6.4,81,82,81,74,23,Yes,No,6.6,71
2436,Male,7.2,85,72,79,84,22,Yes,Yes,7.4,70
2437,Female,6.3,83,75,76,70,22,Yes,No,7.3,70
2438,Female,6.2,85,76,80,73,23,Yes,Yes,7.7,72
2439,Female,6.1,81,71,81,78,22,Yes,Yes,7.5,72
2440,Male,6.3,80,73,85,80,21,Yes,Yes,7.0,68
2441,Male,6.5,84,77,78,82,26,No,Yes,7.7,74
2442,Female,7.2,83,73,73,80,23,Yes,Yes,6.9,70
2443,Female,7.9,80,79,74,73,25,Yes,No,7.8,71
2444,Female,6.9,88,79,74,73,26,Yes,Yes,8.0,74
2445,Male,7.5,83,73,75,71,23,Yes,No,6.0,73
2446,Female,7.3,87,82,78,72,23,Yes,Yes,7.8,74
2447,Female,7.6,88,79,79,71,24,Yes,No,7.4,74
2448,Male,7.9,87,81,78,83,23,Yes,Yes,6.2,74
2449,Male,6.0,85,82,83,84,25,No,Yes,7.4,68
2450,Male,7.3,83,70,77,77,26,Yes,Yes,6.1,70
2451,Male,6.3,87,68,86,77,25,Yes,No,6.3,68
2452,Male,7.7,86,70,74,75,24,Yes,No,6.8,70
2453,Female,7.4,86,69,74,75,22,Yes,Yes,6.1,71
2454,Male,6.5,88,79,88,80,24,Yes,Yes,6.3,74
2455,Male,6.3,87,72,82,78,25,Yes,No,6.4,75
2456,Male,6.8,88,75,74,73,26,No,Yes,6.3,69
2457,Male,7.1,86,82,76,71,25,Yes,No,6.4,77
2458,Male,7.8,88,81,74,77,25,Yes,Yes,7.1,73
2459,Male,7.1,82,68,85,85,22,Yes,Yes,6.3,74
2460,Male,7.0,89,75,74,83,26,Yes,Yes,7.3,70
2461,Female,8.0,85,68,73,70,21,Yes,Yes,7.6,74
2462,Female,6.2,82,80,74,72,26,Yes,No,6.4,76
2463,Male,6.1,90,79,72,74,23,Yes,No,6.6,73
2464,Female,7.5,84,70,74,74,25,Yes,Yes,7.3,73
2465,Female,6.3,84,76,73,80,24,No,No,6.9,72
2466,Female,7.2,80,78,80,77,24,Yes,Yes,6.7,71
2467,Male,7.1,86,74,75,77,24,No,Yes,6.3,71
2468,Male,7.3,85,72,77,82,26,Yes,Yes,6.1,76
2469,Male,6.8,83,74,86,81,21,Yes,No,7.5,74
2470,Male,6.5,80,82,75,82,23,Yes,No,7.7,68
2471,Male,7.9,90,70,87,85,22,Yes,No,7.0,72
2472,Male,6.8,83,70,74,74,26,Yes,No,6.8,74
2473,Male,6.8,82,68,79,83,26,Yes,No,6.3,75
2474,Female,7.9,84,69,86,71,24,Yes,No,6.6,75
2475,Female,7.5,80,70,84,77,26,Yes,No,7.4,72
2476,Male,7.3,87,74,81,83,23,Yes,No,7.7,73
2477,Male,6.7,88,79,88,75,23,Yes,Yes,6.7,69
2478,Female,7.3,85,68,81,71,23,Yes,Yes,6.5,76
2479,Male,6.4,88,72,82,73,24,Yes,Yes,7.5,75
2480,Male,6.2,89,75,88,84,26,Yes,Yes,7.8,69
2481,Male,6.5,81,78,78,85,22,Yes,No,6.3,73
2482,Female,7.8,80,79,74,72,25,Yes,Yes,7.5,73
2483,Female,6.9,88,81,85,70,21,Yes,No,7.8,69
2484,Male,7.2,85,80,85,73,25,Yes,Yes,6.3,75
2485,Male,6.7,90,79,87,78,26,Yes,Yes,6.6,75
2486,Male,7.8,89,78,78,82,23,Yes,Yes,7.2,72
2487,Male,6.6,81,80,75,79,21,Yes,No,7.1,69
2488,Male,6.7,80,77,76,83,22,Yes,Yes,6.3,74
2489,Male,6.1,87,72,82,80,24,Yes,Yes,6.2,70
2490,Male,6.3,88,74,73,81,26,Yes,No,6.0,76
2491,Female,6.9,80,76,75,73,26,Yes,No,6.3,76
2492,Male,7.7,80,76,78,81,24,Yes,Yes,6.8,74
2493,Male,6.8,90,75,74,80,26,Yes,Yes,6.4,70
2494,Male,6.7,86,76,77,83,25,Yes,Yes,6.2,75
2495,Male,7.2,88,81,80,79,26,Yes,No,7.9,70
2496,Male,7.6,87,80,78,80,23,Yes,Yes,6.5,77
2497,Male,6.5,85,77,75,71,21,Yes,Yes,7.3,71
2498,Male,7.0,89,77,74,79,23,Yes,Yes,7.1,76
2499,Male,8.0,89,80,77,82,25,Yes,Yes,7.4,75
2500,Female,7.7,90,72,86,72,25,Yes,No,6.6,74
2501,Male,6.3,89,69,81,70,25,Yes,Yes,7.8,73
2502,Male,6.2,83,72,76,83,24,Yes,Yes,7.1,67
2503,Female,8.0,87,70,84,73,24,Yes,Yes,7.5,77
2504,Male,7.5,84,76,79,77,23,Yes,Yes,7.3,74
2505,Female,7.3,88,80,72,79,21,Yes,Yes,7.8,71
2506,Male,6.7,88,80,76,82,25,Yes,No,7.5,74
2507,Male,6.2,88,74,84,81,24,Yes,No,7.3,76
2508,Male,7.6,81,78,76,76,25,Yes,No,6.6,72
2509,Female,7.6,86,76,76,77,25,Yes,No,7.6,72
2510,Female,7.7,82,75,79,70,21,Yes,No,7.3,72
2511,Female,6.1,80,69,84,76,21,Yes,Yes,6.2,68
2512,Female,6.1,81,74,88,71,25,Yes,No,7.3,68
2513,Female,7.7,85,68,86,83,22,No,No,7.7,73
2514,Male,7.3,90,70,73,81,22,Yes,No,7.3,70
2515,Female,6.9,84,74,77,71,26,Yes,Yes,7.9,77
2516,Male,7.3,89,70,83,70,25,Yes,Yes,7.6,75
2517,Female,7.8,80,70,74,78,21,Yes,No,6.8,72
2518,Female,6.4,87,71,74,74,23,Yes,No,6.7,75
2519,Female,6.2,88,82,74,84,21,Yes,No,6.4,75
2520,Male,7.2,80,74,75,77,24,No,Yes,6.5,73
2521,Female,7.1,85,74,75,76,22,Yes,Yes,6.9,76
2522,Female,7.5,82,81,82,71,22,No,Yes,7.7,70
2523,Male,6.9,84,68,79,84,22,Yes,No,7.4,75
2524,Female,7.9,87,79,87,75,22,Yes,Yes,6.2,76
2525,Male,7.8,89,76,77,73,26,Yes,Yes,6.4,75
2526,Female,7.5,87,80,86,77,24,Yes,No,7.7,71
2527,Male,7.1,85,74,72,80,22,Yes,Yes,7.1,72
2528,Male,6.8,81,75,87,71,24,Yes,No,7.7,72
2529,Male,7.7,80,73,72,82,25,Yes,Yes,6.3,75
2530,Female,6.7,82,69,84,81,21,Yes,No,7.6,71
2531,Male,6.8,82,79,74,75,21,Yes,Yes,8.0,68
2532,Male,7.5,80,76,80,77,24,Yes,No,7.2,73
2533,Male,7.9,82,82,73,80,21,Yes,No,7.9,75
2534,Male,8.0,89,79,80,79,26,Yes,Yes,6.3,79
2535,Female,7.3,84,73,86,84,21,Yes,Yes,7.4,72
2536,Male,6.5,88,74,86,82,24,Yes,Yes,6.4,75
2537,Male,6.5,81,77,74,84,24,Yes,No,7.2,72
2538,Male,7.0,82,81,76,80,25,Yes,No,7.2,73
2539,Male,7.4,80,74,77,77,23,Yes,Yes,6.1,70
2540,Male,7.5,86,74,82,84,25,Yes,No,6.1,75
2541,Male,7.6,85,81,83,78,23,Yes,Yes,6.4,74
2542,Female,6.4,85,81,81,75,26,Yes,No,6.5,70
2543,Male,7.7,83,76,75,80,24,Yes,No,6.3,69
2544,Male,7.4,87,70,82,82,22,Yes,Yes,7.9,69
2545,Female,7.7,83,73,88,81,21,No,Yes,6.4,72
2546,Female,6.7,80,78,87,78,24,Yes,Yes,7.9,73
2547,Female,7.5,90,72,80,77,21,Yes,Yes,6.4,73
2548,Male,7.9,81,82,87,85,22,Yes,Yes,6.1,74
2549,Female,7.6,81,81,83,76,24,Yes,Yes,6.6,72
2550,Female,7.7,83,69,78,75,23,Yes,Yes,7.2,70
2551,Female,6.5,86,75,82,71,21,No,Yes,7.9,69
2552,Male,6.6,81,68,83,75,24,Yes,Yes,6.8,72
2553,Male,7.1,89,79,76,85,21,Yes,No,6.5,69
2554,Male,6.8,82,82,82,83,24,Yes,Yes,6.1,72
2555,Male,7.1,84,72,77,74,24,Yes,No,7.4,73
2556,Female,7.1,85,79,85,81,23,Yes,No,7.6,76
2557,Female,6.6,89,82,75,72,26,Yes,Yes,6.9,72
2558,Male,7.8,80,70,81,81,26,Yes,Yes,6.5,75
2559,Female,6.3,81,80,82,80,21,Yes,No,6.4,70
2560,Female,7.3,86,76,77,73,23,Yes,No,6.6,76
2561,Female,6.3,83,74,86,84,26,Yes,Yes,7.9,75
2562,Female,6.3,88,79,77,81,23,Yes,Yes,6.4,68
2563,Male,7.4,81,79,76,76,21,Yes,Yes,6.3,73
2564,Female,7.3,89,69,73,82,26,Yes,Yes,6.0,70
2565,Female,6.3,88,75,83,70,25,Yes,Yes,6.3,72
2566,Male,7.3,82,80,77,81,24,Yes,Yes,6.9,71
2567,Female,7.0,86,70,73,80,22,Yes,No,7.2,72
2568,Female,7.5,86,68,77,84,21,Yes,Yes,7.3,68
2569,Male,6.4,83,82,77,70,23,Yes,Yes,6.4,69
2570,Male,7.9,86,80,82,72,26,Yes,Yes,6.6,75
2571,Female,6.7,85,79,79,76,23,Yes,Yes,7.1,70
2572,Male,7.4,87,79,87,77,22,Yes,Yes,7.6,71
2573,Male,6.5,84,77,87,73,22,Yes,Yes,7.8,73
2574,Female,6.9,82,68,82,77,26,Yes,No,7.8,73
2575,Female,7.0,85,70,88,77,22,Yes,Yes,6.3,74
2576,Female,6.8,80,76,78,75,21,Yes,No,7.8,69
2577,Female,7.0,88,81,86,81,26,Yes,No,6.4,76
2578,Female,6.4,90,76,84,71,21,Yes,Yes,6.4,69
2579,Female,7.3,89,81,82,73,24,Yes,Yes,6.1,77
2580,Male,6.0,82,78,77,81,26,Yes,No,6.0,71
2581,Male,6.1,83,82,72,83,24,Yes,No,6.2,74
2582,Female,6.3,80,78,76,74,21,Yes,No,6.4,67
2583,Male,6.1,89,80,74,73,21,Yes,No,6.8,67
2584,Female,6.2,80,75,76,80,26,Yes,Yes,7.5,73
2585,Male,7.9,83,68,81,76,24,No,No,6.8,70
2586,Male,7.3,90,80,81,73,22,Yes,Yes,7.5,71
2587,Male,6.0,88,78,84,74,23,Yes,Yes,7.7,73
2588,Female,7.2,86,70,72,76,26,Yes,Yes,7.7,72
2589,Male,7.6,90,68,78,81,22,Yes,Yes,7.6,73
2590,Female,6.5,87,69,76,78,22,Yes,No,6.8,70
2591,Female,6.6,82,71,72,78,21,Yes,Yes,7.8,73
2592,Male,7.9,86,69,83,75,24,No,Yes,6.5,73
2593,Male,6.9,81,74,85,70,24,Yes,Yes,6.5,69
2594,Male,6.7,84,81,77,70,22,Yes,No,7.4,75
2595,Female,6.2,89,73,84,85,25,Yes,No,7.8,74
2596,Female,7.2,85,75,83,81,23,Yes,Yes,6.9,69
2597,Male,6.3,84,75,85,70,21,Yes,Yes,6.1,66
2598,Male,6.1,80,80,85,77,21,Yes,Yes,6.9,69
2599,Male,7.0,88,68,88,73,26,Yes,No,7.3,73
2600,Male,7.7,81,73,73,84,21,Yes,No,6.4,67
2601,Female,6.1,83,73,74,71,23,Yes,Yes,6.7,71
2602,Male,7.6,82,69,78,70,21,Yes,No,7.1,68
2603,Female,6.9,86,77,80,85,21,Yes,Yes,6.4,72
2604,Male,7.2,82,81,86,78,24,Yes,No,7.8,72
2605,Male,7.0,82,79,87,70,21,Yes,Yes,6.1,70
2606,Female,6.6,85,78,72,72,21,Yes,Yes,6.1,72
2607,Female,7.8,80,68,80,77,25,Yes,Yes,7.5,73
2608,Male,7.1,85,71,74,80,22,Yes,Yes,6.1,73
2609,Male,7.3,89,81,87,82,25,Yes,No,7.1,74
2610,Male,6.9,87,78,75,83,24,Yes,Yes,7.2,75
2611,Female,7.9,82,71,87,79,21,Yes,No,7.0,73
2612,Female,7.5,86,70,78,79,25,Yes,No,7.1,69
2613,Female,7.4,84,70,85,74,21,Yes,Yes,6.4,67
2614,Female,6.2,86,68,77,70,26,Yes,Yes,7.6,74
2615,Female,6.5,90,79,88,84,22,Yes,Yes,7.8,68
2616,Female,7.9,88,68,74,82,23,Yes,No,6.6,69
2617,Male,7.9,85,76,88,77,25,No,Yes,8.0,74
2618,Female,7.1,80,80,72,78,25,Yes,Yes,6.1,73
2619,Female,7.7,82,81,78,82,25,Yes,Yes,6.2,75
2620,Female,7.9,88,82,87,78,22,Yes,No,7.2,72
2621,Male,7.2,90,82,87,71,23,Yes,Yes,6.1,72
2622,Male,7.8,81,80,85,73,23,Yes,Yes,6.9,73
2623,Male,7.3,88,76,79,80,26,Yes,Yes,6.8,70
2624,Female,6.4,90,68,85,79,25,No,Yes,6.8,73
2625,Male,6.1,87,76,81,74,21,Yes,No,6.9,68
2626,Female,6.3,85,77,79,83,23,Yes,Yes,7.1,69
2627,Female,6.5,86,76,88,77,25,Yes,No,6.1,72
2628,Female,7.0,88,75,74,83,21,Yes,No,7.2,68
2629,Female,8.0,81,77,79,81,26,Yes,Yes,7.5,75
2630,Male,7.4,81,71,78,85,26,Yes,No,6.8,69
2631,Male,6.1,84,73,88,73,24,Yes,Yes,6.7,75
2632,Male,7.8,84,80,81,85,22,Yes,Yes,6.5,74
2633,Male,7.7,84,72,72,83,24,Yes,No,7.7,73
2634,Female,7.5,82,79,80,71,25,Yes,Yes,7.1,77
2635,Male,7.7,82,69,80,72,24,No,No,6.5,73
2636,Male,7.2,86,78,84,78,25,Yes,Yes,6.8,75
2637,Male,7.4,88,75,81,82,25,Yes,No,6.6,78
2638,Male,8.0,90,68,75,73,25,Yes,Yes,6.3,74
2639,Male,8.0,83,79,84,71,23,No,Yes,6.2,73
2640,Male,6.5,89,76,84,76,24,No,Yes,6.6,72
2641,Male,6.7,89,68,84,85,21,Yes,No,6.1,72
2642,Female,7.1,89,72,77,71,23,Yes,No,7.8,71
2643,Female,6.9,86,68,82,83,23,Yes,Yes,6.3,75
2644,Female,7.0,87,73,72,84,23,Yes,No,7.5,70
2645,Male,6.9,83,81,83,78,24,Yes,Yes,7.8,76
2646,Male,7.5,85,79,81,71,21,Yes,Yes,6.8,71
2647,Female,6.0,90,74,77,75,21,Yes,No,6.3,69
2648,Female,6.9,87,79,87,79,24,Yes,No,6.3,72
2649,Male,6.2,84,79,75,72,23,Yes,No,7.8,75
2650,Male,8.0,80,80,72,73,24,Yes,No,7.2,72
2651,Female,6.4,81,70,83,84,21,Yes,Yes,7.9,69
2652,Female,7.6,82,78,85,72,22,Yes,No,7.5,76
2653,Male,6.5,87,73,79,83,23,Yes,Yes,7.4,74
2654,Female,6.9,85,81,77,81,23,Yes,Yes,7.9,69
2655,Female,7.0,84,73,80,71,21,Yes,Yes,7.4,70
2656,Female,6.6,87,73,76,76,21,No,Yes,6.2,68
2657,Female,6.6,88,77,87,72,24,Yes,Yes,6.9,75
2658,Male,7.3,90,78,77,85,22,Yes,Yes,6.1,76
2659,Male,7.8,85,79,72,71,21,Yes,Yes,7.2,71
2660,Male,6.7,90,71,73,82,25,Yes,Yes,8.0,70
2661,Female,6.5,83,73,79,79,21,Yes,No,6.1,75
2662,Male,6.9,88,72,88,72,24,Yes,Yes,6.7,69
2663,Female,6.5,86,68,78,81,26,No,Yes,6.1,74
2664,Male,6.0,90,78,82,77,26,Yes,No,7.2,70
2665,Female,7.7,86,80,85,74,26,No,No,7.2,72
2666,Female,7.7,81,72,86,74,23,Yes,No,6.8,68
2667,Male,7.4,82,72,76,76,25,Yes,Yes,7.3,74
2668,Female,6.5,81,70,75,85,21,No,No,6.8,74
2669,Male,8.0,88,81,88,71,26,Yes,Yes,7.2,79
2670,Male,6.1,81,68,77,77,22,Yes,Yes,7.8,66
2671,Male,6.9,86,69,73,70,25,Yes,Yes,7.7,73
2672,Female,6.0,81,81,81,76,23,Yes,No,6.8,68
2673,Male,7.8,84,82,82,77,26,Yes,Yes,7.9,76
2674,Male,6.8,88,78,76,76,23,Yes,Yes,6.6,76
2675,Male,6.1,83,79,72,84,24,Yes,Yes,7.8,68
2676,Female,7.9,89,74,86,72,23,Yes,No,6.0,75
2677,Male,6.8,81,69,72,82,23,Yes,No,6.6,68
2678,Male,8.0,80,80,86,80,21,Yes,Yes,6.8,76
2679,Male,6.1,89,68,83,76,24,Yes,Yes,6.8,69
2680,Female,7.1,89,77,84,75,24,Yes,Yes,7.2,76
2681,Male,7.1,88,82,75,85,25,Yes,No,8.0,75
2682,Female,6.7,85,80,85,75,23,No,Yes,6.9,69
2683,Female,7.4,83,70,72,72,22,Yes,No,6.9,74
2684,Male,6.8,84,69,72,81,22,Yes,Yes,7.9,74
2685,Female,7.9,81,75,87,84,23,Yes,No,7.4,75
2686,Male,7.2,81,69,76,78,21,Yes,Yes,7.2,72
2687,Female,6.5,82,70,87,80,25,No,Yes,7.2,72
2688,Male,7.4,85,72,76,73,25,Yes,Yes,6.7,71
2689,Female,6.6,88,70,72,74,22,Yes,Yes,7.7,70
2690,Female,7.9,80,69,84,77,26,Yes,Yes,7.8,73
2691,Female,6.3,82,72,87,75,25,Yes,No,6.3,73
2692,Female,6.0,81,75,88,75,22,Yes,Yes,7.4,73
2693,Female,8.0,81,74,83,70,24,Yes,No,6.1,76
2694,Female,6.2,89,73,72,75,24,Yes,No,7.8,68
2695,Male,6.2,80,79,83,77,24,Yes,No,6.1,73
2696,Male,6.9,86,77,82,70,21,Yes,No,7.9,69
2697,Male,7.1,85,79,81,77,26,Yes,No,6.3,75
2698,Female,7.7,86,73,76,78,23,Yes,Yes,7.9,75
2699,Male,7.9,88,82,76,85,22,No,No,7.6,76
2700,Male,6.1,85,68,76,81,25,Yes,Yes,7.3,71
2701,Male,6.9,84,71,83,84,23,No,No,7.0,76
2702,Male,6.8,80,74,80,83,21,Yes,No,7.5,71
2703,Male,8.0,84,82,81,76,25,Yes,Yes,6.6,71
2704,Female,7.8,90,81,81,82,22,Yes,Yes,7.1,72
2705,Male,7.9,80,74,83,84,25,Yes,Yes,6.7,70
2706,Female,6.4,82,79,72,71,25,Yes,No,7.9,76
2707,Male,7.3,84,79,72,73,22,Yes,No,6.2,68
2708,Male,6.2,90,68,76,80,23,Yes,Yes,7.4,71
2709,Female,6.3,80,74,83,77,23,Yes,No,7.6,75
2710,Female,7.4,80,82,74,74,22,Yes,No,6.9,71
2711,Male,6.0,86,80,73,72,23,Yes,Yes,6.2,69
2712,Male,7.9,90,78,80,84,26,Yes,Yes,7.8,73
2713,Female,7.9,87,69,86,76,22,Yes,No,6.9,73
2714,Female,7.3,83,78,74,71,21,Yes,No,8.0,70
2715,Male,6.4,89,69,72,78,23,Yes,No,6.3,67
2716,Male,6.1,88,72,75,77,26,No,Yes,6.7,74
2717,Male,6.7,83,82,83,80,22,Yes,Yes,6.1,71
2718,Female,7.9,89,77,72,70,24,Yes,Yes,7.1,77
2719,Male,7.4,87,72,73,77,24,No,Yes,7.0,75
2720,Male,7.3,89,81,81,79,25,Yes,Yes,7.4,72
2721,Female,7.0,86,80,77,80,23,Yes,No,6.0,69
2722,Female,7.0,86,73,80,74,24,Yes,Yes,6.4,69
2723,Male,7.2,90,70,76,77,22,Yes,No,6.6,75
2724,Male,7.1,90,82,85,71,23,Yes,Yes,6.5,75
2725,Female,6.0,81,69,84,82,24,Yes,No,6.4,68
2726,Female,7.9,87,73,86,80,25,Yes,Yes,7.7,70
2727,Male,6.6,86,68,79,77,24,Yes,Yes,7.3,76
2728,Male,6.9,85,76,77,72,23,No,Yes,6.9,72
2729,Male,6.0,87,69,74,81,22,Yes,No,6.5,74
2730,Male,7.4,82,69,77,72,23,Yes,No,7.8,72
2731,Male,7.4,90,73,75,83,21,Yes,Yes,7.5,72
2732,Male,6.7,88,69,82,84,26,Yes,Yes,7.9,70
2733,Male,7.4,85,82,79,85,25,Yes,No,7.5,76
2734,Male,7.2,82,76,87,75,25,Yes,Yes,6.6,77
2735,Female,8.0,82,70,87,75,21,Yes,Yes,6.1,72
2736,Male,7.3,83,70,76,71,23,Yes,Yes,6.2,70
2737,Female,7.5,88,79,75,72,24,Yes,No,7.9,72
2738,Male,7.5,80,70,73,76,21,Yes,Yes,6.6,73
2739,Female,6.3,87,75,83,74,26,Yes,Yes,7.8,70
2740,Female,7.8,82,76,74,83,23,Yes,No,7.8,72
2741,Female,7.4,80,73,79,84,24,Yes,Yes,6.9,72
2742,Male,6.3,81,78,72,75,25,Yes,Yes,6.2,74
2743,Female,7.7,80,81,77,76,21,Yes,No,7.9,68
2744,Female,6.1,86,74,77,74,25,Yes,No,6.2,76
2745,Male,7.0,88,68,83,82,25,Yes,Yes,7.8,76
2746,Female,6.9,80,74,79,82,22,Yes,No,6.2,72
2747,Female,6.6,84,80,80,79,26,Yes,No,6.1,73
2748,Male,7.2,83,79,79,83,23,Yes,Yes,6.0,74
2749,Female,6.3,82,74,76,83,21,Yes,No,6.2,68
2750,Female,7.3,85,78,82,78,26,Yes,Yes,6.3,76
2751,Male,7.9,89,78,75,83,22,Yes,Yes,7.3,75
2752,Female,7.3,89,78,84,78,22,Yes,Yes,6.4,71
2753,Male,7.9,82,82,83,71,23,Yes,Yes,7.1,71
2754,Male,7.9,80,80,79,72,21,Yes,Yes,7.4,71
2755,Male,8.0,84,73,86,82,26,No,Yes,7.1,72
2756,Female,6.8,84,79,82,76,23,Yes,Yes,7.9,72
2757,Female,6.8,89,80,88,82,21,No,No,6.9,76
2758,Male,6.7,85,68,72,80,25,Yes,No,7.8,70
2759,Male,7.5,89,70,82,81,25,Yes,No,6.8,71
2760,Male,6.0,84,70,79,81,26,Yes,Yes,7.2,69
2761,Male,7.9,84,68,80,76,22,Yes,Yes,7.6,69
2762,Female,7.6,84,71,73,84,25,Yes,Yes,6.8,75
2763,Female,6.1,90,78,75,85,25,Yes,Yes,7.6,77
2764,Male,6.2,88,75,74,78,23,Yes,Yes,6.3,70
2765,Female,6.9,88,80,86,78,23,Yes,No,7.7,74
2766,Female,6.4,82,81,72,83,23,Yes,No,7.8,75
2767,Male,6.9,82,77,85,82,26,Yes,No,6.6,71
2768,Male,6.6,80,78,73,81,22,Yes,Yes,7.6,75
2769,Male,6.7,88,78,73,71,21,Yes,No,7.8,71
2770,Male,6.6,85,75,78,73,24,Yes,Yes,6.1,70
2771,Male,7.5,83,80,84,72,24,Yes,Yes,8.0,77
2772,Male,6.8,85,73,76,82,22,Yes,No,7.8,67
2773,Male,7.6,85,70,83,81,26,Yes,No,7.4,78
2774,Male,7.3,87,71,78,75,21,No,Yes,6.6,75
2775,Female,7.6,83,70,79,83,24,Yes,Yes,6.2,71
2776,Male,7.8,88,75,73,75,24,Yes,Yes,7.2,76
2777,Male,7.7,83,74,73,73,21,Yes,No,7.0,68
2778,Male,7.8,88,78,77,72,24,Yes,Yes,7.3,77
2779,Female,7.1,84,80,84,85,22,Yes,No,6.6,75
2780,Female,8.0,83,79,76,74,22,Yes,Yes,7.8,73
2781,Male,6.5,82,73,76,75,22,Yes,Yes,7.5,70
2782,Female,7.6,89,73,78,81,26,Yes,Yes,6.1,73
2783,Male,7.7,83,69,75,71,23,Yes,Yes,6.8,75
2784,Female,6.0,90,73,79,79,21,Yes,Yes,7.3,69
2785,Male,6.4,86,70,84,71,25,Yes,No,7.6,74
2786,Female,7.3,86,69,82,78,24,Yes,No,6.1,71
2787,Female,7.9,90,69,83,72,24,Yes,No,8.0,71
2788,Male,6.7,84,68,74,82,25,Yes,No,8.0,73
2789,Female,6.7,82,68,87,70,22,Yes,No,6.0,68
2790,Female,6.1,90,75,75,74,26,Yes,Yes,7.3,70
2791,Male,7.1,86,82,84,84,25,Yes,No,7.1,74
2792,Female,6.4,82,74,87,85,22,Yes,Yes,6.2,72
2793,Male,7.3,80,75,82,85,26,Yes,Yes,7.1,72
2794,Female,7.9,90,77,81,76,21,Yes,Yes,7.2,74
2795,Female,6.1,88,78,82,75,22,Yes,Yes,6.2,67
2796,Male,6.7,80,80,83,85,24,Yes,Yes,6.5,71
2797,Female,7.0,80,68,76,83,25,Yes,No,6.9,70
2798,Male,7.0,84,77,86,84,23,Yes,Yes,7.8,69
2799,Female,7.8,86,79,73,78,23,Yes,Yes,6.1,72
2800,Male,6.9,80,77,84,78,25,Yes,Yes,6.9,70
2801,Female,7.8,89,78,83,74,25,No,Yes,7.4,71
2802,Female,7.2,80,70,83,81,21,Yes,Yes,6.3,68
2803,Female,6.9,83,69,82,79,25,Yes,Yes,7.2,73
2804,Male,7.8,86,78,85,77,23,Yes,Yes,7.9,76
2805,Female,7.5,84,79,80,72,23,Yes,Yes,7.2,72
2806,Male,7.7,84,72,86,79,22,Yes,No,7.1,70
2807,Female,6.3,80,77,82,83,22,Yes,No,7.2,71
2808,Male,6.2,82,69,72,84,22,Yes,Yes,6.1,68
2809,Male,7.0,84,82,88,81,22,Yes,Yes,6.6,75
2810,Female,7.6,82,81,76,71,22,Yes,Yes,6.0,70
2811,Male,6.8,81,70,79,71,21,Yes,No,6.3,73
2812,Female,6.4,87,73,84,81,25,Yes,Yes,7.4,72
2813,Male,7.3,87,68,85,72,25,Yes,Yes,7.2,69
2814,Male,6.4,85,74,84,77,21,Yes,No,6.1,75
2815,Female,6.6,82,71,85,75,26,Yes,Yes,7.5,68
2816,Male,6.6,84,74,78,73,21,No,Yes,6.6,72
2817,Female,7.0,90,80,84,70,21,Yes,Yes,7.1,76
2818,Female,7.1,84,74,73,74,26,Yes,No,6.2,75
2819,Male,6.1,84,71,73,79,22,Yes,No,7.7,66
2820,Male,7.9,82,70,80,83,24,Yes,No,6.7,73
2821,Female,6.4,82,76,76,77,21,Yes,Yes,6.3,68
2822,Male,6.4,80,71,72,77,22,Yes,Yes,6.5,71
2823,Female,7.3,86,80,86,81,21,Yes,No,6.9,71
2824,Male,7.5,85,71,73,75,23,Yes,No,7.3,70
2825,Male,7.8,89,76,80,85,22,Yes,Yes,6.5,70
2826,Female,6.1,88,72,86,72,25,Yes,No,7.6,75
2827,Male,7.9,90,80,76,79,21,Yes,Yes,7.8,68
2828,Male,7.8,84,78,86,73,24,No,Yes,7.3,76
2829,Female,6.8,89,80,77,78,21,Yes,No,6.8,73
2830,Male,6.3,90,75,76,80,25,Yes,Yes,7.7,69
2831,Male,7.6,89,80,82,82,24,No,No,7.5,72
2832,Female,7.9,87,71,78,84,25,Yes,Yes,7.5,70
2833,Male,6.2,80,69,88,84,25,Yes,Yes,6.1,74
2834,Female,7.6,89,68,74,84,21,Yes,No,7.7,71
2835,Female,7.2,85,69,80,81,22,Yes,No,7.2,74
2836,Male,6.4,87,74,80,77,22,Yes,Yes,7.1,68
2837,Male,6.3,81,74,77,82,26,Yes,Yes,6.6,76
2838,Female,7.7,83,82,78,70,26,Yes,No,7.1,72
2839,Female,6.6,80,72,88,85,25,No,Yes,7.2,77
2840,Female,6.0,82,68,83,82,25,Yes,No,7.4,68
2841,Male,7.0,89,79,77,82,24,Yes,No,7.3,70
2842,Male,6.8,84,70,86,85,24,Yes,Yes,6.6,69
2843,Male,6.0,81,82,84,81,25,Yes,Yes,6.2,75
2844,Female,7.1,82,70,81,73,21,Yes,Yes,6.6,74
2845,Female,7.2,85,80,84,77,24,No,No,6.5,75
2846,Male,7.7,84,78,77,71,24,Yes,Yes,6.8,72
2847,Female,7.3,88,73,75,76,22,Yes,Yes,7.4,69
2848,Male,7.4,82,69,74,75,22,Yes,Yes,6.2,75
2849,Male,7.5,88,78,75,81,25,Yes,No,6.3,73
2850,Female,6.6,80,69,75,80,23,Yes,Yes,7.1,67
2851,Female,7.5,90,68,73,82,22,Yes,Yes,7.1,72
2852,Female,6.5,85,76,82,82,26,Yes,No,6.8,77
2853,Female,7.2,82,71,81,75,21,Yes,No,7.2,73
2854,Female,6.2,82,68,81,72,21,Yes,No,6.6,71
2855,Male,6.6,87,76,75,72,24,No,Yes,7.7,72
2856,Male,7.2,89,77,80,73,26,Yes,Yes,6.3,76
2857,Male,6.1,86,74,85,70,26,Yes,No,7.4,69
2858,Male,7.9,82,76,82,76,25,Yes,Yes,6.8,77
2859,Male,6.7,82,72,79,77,25,Yes,No,7.4,76
2860,Female,7.8,89,70,73,71,24,Yes,No,6.8,75
2861,Male,7.5,83,81,79,75,25,Yes,Yes,8.0,71
2862,Female,6.4,87,74,74,80,26,Yes,No,6.2,75
2863,Female,6.2,86,76,81,73,21,Yes,No,7.9,68
2864,Female,6.4,83,79,76,73,26,Yes,Yes,7.1,73
2865,Female,6.9,89,79,74,85,23,No,Yes,7.4,75
2866,Male,7.0,81,78,73,83,26,No,Yes,7.4,77
2867,Male,7.7,84,71,74,74,24,Yes,Yes,7.2,72
2868,Male,6.7,89,74,79,79,23,Yes,Yes,7.3,69
2869,Female,7.4,86,73,84,82,22,Yes,No,7.2,71
2870,Male,6.4,89,76,77,80,23,Yes,No,6.4,70
2871,Female,7.5,84,82,76,70,24,Yes,Yes,6.5,73
2872,Female,6.8,84,69,86,82,24,Yes,Yes,6.0,68
2873,Female,6.5,85,78,81,82,23,Yes,No,6.2,73
2874,Male,6.2,87,71,81,84,25,Yes,Yes,7.9,71
2875,Male,8.0,84,80,72,78,23,Yes,No,6.6,76
2876,Female,7.8,85,70,75,71,22,Yes,Yes,6.8,72
2877,Female,7.1,80,68,77,78,25,Yes,Yes,7.7,71
2878,Male,7.1,88,77,78,71,23,Yes,Yes,7.0,74
2879,Female,6.5,81,76,83,83,22,Yes,No,6.0,76
2880,Female,6.1,83,68,83,82,26,Yes,Yes,6.8,73
2881,Female,7.8,85,74,81,73,25,Yes,No,6.5,75
2882,Male,6.9,89,68,88,85,26,Yes,Yes,7.8,75
2883,Male,6.8,90,80,73,70,21,Yes,Yes,7.3,69
2884,Female,6.1,84,82,81,79,23,Yes,Yes,6.3,73
2885,Male,7.3,86,76,84,81,22,Yes,No,6.6,68
2886,Male,6.2,85,77,85,85,22,Yes,No,6.6,71
2887,Male,6.2,80,73,79,76,26,Yes,Yes,7.3,70
2888,Female,7.0,87,82,84,79,25,Yes,Yes,6.6,76
2889,Female,7.2,85,70,75,77,25,Yes,Yes,6.5,68
2890,Female,6.6,85,71,75,75,26,No,Yes,7.7,77
2891,Male,6.8,90,70,74,72,26,Yes,Yes,7.6,70
2892,Male,7.0,86,80,80,77,25,Yes,No,6.7,72
2893,Female,6.4,90,72,77,81,22,Yes,No,7.4,70
2894,Male,7.0,89,69,86,72,21,Yes,Yes,6.7,67
2895,Male,6.5,87,72,80,85,22,Yes,Yes,7.5,73
2896,Male,6.6,88,79,81,73,24,Yes,No,6.2,74
2897,Male,6.4,84,81,78,71,23,Yes,No,6.5,72
2898,Male,7.1,86,69,74,76,22,Yes,Yes,7.7,72
2899,Male,7.0,88,76,77,72,23,Yes,Yes,7.6,72
2900,Female,7.7,86,70,82,72,23,Yes,Yes,6.4,72
2901,Female,7.9,83,75,88,71,21,Yes,Yes,7.0,76
2902,Male,6.4,84,81,84,85,21,Yes,Yes,7.5,71
2903,Male,7.2,81,72,79,76,24,Yes,Yes,6.3,73
2904,Female,6.5,85,68,72,71,21,Yes,No,6.1,71
2905,Female,7.1,83,81,82,75,21,Yes,Yes,7.4,72
2906,Female,7.8,82,78,81,82,23,Yes,Yes,7.5,73
2907,Female,7.2,87,70,83,85,23,No,Yes,7.3,73
2908,Female,7.9,81,81,73,75,22,Yes,No,6.1,75
2909,Female,7.6,84,76,78,84,21,Yes,No,6.9,76
2910,Female,7.8,84,82,82,73,23,Yes,Yes,7.6,71
2911,Female,7.0,86,76,75,72,22,Yes,Yes,7.5,73
2912,Male,7.5,88,69,74,77,25,Yes,No,8.0,73
2913,Male,7.2,80,79,77,73,24,No,Yes,6.9,68
2914,Female,7.8,89,71,79,81,21,Yes,Yes,7.3,74
2915,Female,7.5,87,79,72,80,22,Yes,Yes,6.3,72
2916,Female,6.2,83,80,74,70,22,Yes,Yes,7.9,72
2917,Male,6.6,90,81,82,81,21,Yes,Yes,6.5,71
2918,Male,7.7,81,81,88,73,21,Yes,No,6.6,68
2919,Male,6.4,81,82,82,85,22,Yes,No,6.8,71
2920,Male,6.4,85,76,84,77,22,Yes,Yes,6.7,74
2921,Female,7.1,86,69,83,79,24,Yes,No,7.3,69
2922,Female,6.5,87,77,77,81,23,Yes,Yes,7.6,68
2923,Male,6.8,90,77,73,74,25,Yes,Yes,7.8,73
2924,Male,7.7,88,77,85,82,24,Yes,Yes,6.0,78
2925,Female,6.8,84,72,74,83,21,Yes,No,6.1,67
2926,Male,7.3,83,73,81,83,23,Yes,Yes,6.1,71
2927,Female,6.3,83,68,80,74,24,Yes,Yes,6.8,71
2928,Male,6.5,84,78,80,84,21,Yes,No,7.1,72
2929,Male,7.9,89,74,73,83,24,Yes,No,6.8,76
2930,Male,7.0,84,77,88,84,23,Yes,No,7.7,75
2931,Female,7.7,85,76,86,74,24,Yes,Yes,6.2,71
2932,Male,7.6,88,69,75,82,23,Yes,Yes,7.6,75
2933,Male,7.2,88,82,74,85,22,Yes,Yes,7.1,72
2934,Female,7.5,83,74,81,85,24,Yes,Yes,6.0,71
2935,Male,7.2,89,82,75,81,22,Yes,No,7.0,74
2936,Female,7.1,86,70,83,78,22,Yes,Yes,7.9,76
2937,Female,7.7,83,82,74,71,26,Yes,Yes,7.3,74
2938,Female,7.5,81,68,73,85,26,Yes,No,7.2,75
2939,Female,6.3,85,80,79,72,21,Yes,Yes,7.2,73
2940,Female,6.3,84,76,86,70,25,Yes,Yes,7.5,73
2941,Female,8.0,89,74,78,75,22,Yes,No,6.7,72
2942,Female,6.6,84,81,78,75,24,Yes,No,6.2,73
2943,Male,6.8,86,69,84,76,21,Yes,No,6.9,68
2944,Female,6.1,82,80,73,71,25,Yes,Yes,6.7,75
2945,Male,7.4,81,77,83,76,24,Yes,No,7.9,74
2946,Male,7.0,85,68,73,73,24,Yes,No,6.5,71
2947,Male,6.4,87,69,78,71,26,Yes,Yes,6.9,69
2948,Male,7.1,88,75,74,82,24,Yes,Yes,6.3,69
2949,Male,6.6,84,79,85,73,24,Yes,No,6.2,69
2950,Male,6.9,84,71,85,71,22,Yes,Yes,7.7,74
2951,Female,6.4,82,69,84,70,22,Yes,No,6.7,68
2952,Female,7.9,90,79,72,78,23,Yes,Yes,7.5,73
2953,Male,7.2,83,78,77,83,26,Yes,Yes,7.3,72
2954,Male,6.9,81,78,86,79,26,Yes,Yes,7.1,75
2955,Male,7.7,85,77,83,73,24,No,No,6.1,70
2956,Male,6.6,88,77,74,75,24,No,Yes,7.1,72
2957,Female,6.5,88,74,88,83,22,Yes,Yes,6.4,71
2958,Male,6.6,84,68,88,77,24,Yes,No,7.6,72
2959,Female,7.1,87,72,76,72,24,Yes,No,6.6,68
2960,Female,6.8,90,70,78,80,22,Yes,No,6.6,70
2961,Female,7.0,81,71,88,83,23,Yes,Yes,6.5,69
2962,Male,6.3,82,71,87,74,21,Yes,Yes,6.7,69
2963,Male,6.0,80,68,88,82,22,Yes,No,7.6,73
2964,Male,7.2,80,76,88,72,21,Yes,No,6.5,71
2965,Male,6.8,90,70,79,74,26,Yes,Yes,7.0,77
2966,Female,7.5,89,68,84,70,25,Yes,Yes,7.6,72
2967,Male,7.9,88,74,87,78,24,Yes,No,6.5,69
2968,Male,7.4,83,74,75,73,26,Yes,Yes,7.7,73
2969,Male,6.6,90,77,83,78,23,Yes,No,7.0,75
2970,Male,6.4,84,80,72,72,23,Yes,Yes,6.4,75
2971,Female,6.1,85,74,80,79,25,Yes,Yes,7.8,70
2972,Female,7.4,81,68,76,78,26,Yes,No,7.4,76
2973,Male,7.4,82,82,76,77,25,Yes,Yes,6.9,78
2974,Male,7.9,86,70,73,81,25,Yes,Yes,7.8,73
2975,Female,6.9,85,78,78,83,23,Yes,Yes,6.3,76
2976,Female,6.0,84,69,77,73,25,No,Yes,7.9,72
2977,Female,7.4,81,78,77,80,23,Yes,No,7.1,71
2978,Male,6.1,89,70,79,71,23,Yes,No,6.9,67
2979,Male,7.0,87,69,72,72,26,Yes,No,7.8,77
2980,Male,7.1,90,74,74,81,21,Yes,Yes,6.3,73
2981,Female,6.0,86,74,82,77,26,Yes,Yes,7.8,75
2982,Female,7.9,84,78,77,74,24,Yes,Yes,6.8,71
2983,Female,6.2,81,73,79,70,23,Yes,No,7.0,73
2984,Male,7.0,82,72,79,81,25,Yes,No,7.9,69
2985,Male,6.3,85,80,75,74,24,Yes,No,7.3,69
2986,Male,7.0,86,79,84,81,26,Yes,Yes,7.6,71
2987,Female,7.9,89,82,86,83,25,Yes,Yes,6.9,78
2988,Female,6.9,81,78,77,71,26,Yes,Yes,6.4,69
2989,Male,7.6,84,76,87,79,22,Yes,Yes,6.3,71
2990,Female,6.1,86,82,84,74,21,Yes,Yes,6.3,70
2991,Male,6.3,84,77,77,70,24,Yes,No,7.3,70
2992,Female,7.5,81,78,87,76,25,Yes,Yes,7.1,74
2993,Male,7.7,86,71,81,77,23,Yes,Yes,7.4,75
2994,Female,7.4,88,76,80,83,25,Yes,Yes,6.0,73
2995,Female,6.7,81,81,75,71,22,Yes,No,6.2,75
2996,Female,6.2,82,71,72,73,26,Yes,No,6.8,70
2997,Female,7.0,81,79,88,82,21,No,No,8.0,69
2998,Male,6.2,87,76,73,72,21,Yes,No,7.6,66
2999,Male,7.6,83,69,87,73,25,Yes,Yes,7.6,76
3000,Female,7.8,86,82,76,81,26,Yes,No,7.4,77
3001,Male,6.2,90,72,86,80,23,Yes,Yes,7.8,73
3002,Male,6.7,85,76,77,73,21,Yes,Yes,6.9,68
3003,Female,6.9,87,77,73,77,24,Yes,No,6.2,72
3004,Male,7.6,87,81,76,74,22,Yes,No,7.4,77
3005,Female,7.5,88,71,87,80,22,Yes,Yes,6.1,76
3006,Female,7.8,80,70,81,70,26,Yes,Yes,7.4,74
3007,Female,7.7,88,68,72,75,26,Yes,Yes,6.5,77
3008,Female,6.4,86,70,77,73,24,Yes,Yes,7.2,75
3009,Female,7.1,87,72,84,85,21,Yes,Yes,6.8,71
3010,Female,6.5,85,79,76,72,23,Yes,Yes,6.1,68
3011,Female,6.8,80,75,72,76,22,Yes,Yes,6.7,75
3012,Male,6.6,83,79,75,77,25,Yes,No,6.3,73
3013,Female,6.0,84,82,75,83,25,No,Yes,7.6,69
3014,Male,6.1,81,73,74,82,24,Yes,Yes,7.4,74
3015,Male,7.4,83,71,82,77,23,Yes,Yes,7.1,68
3016,Male,7.8,84,82,87,83,23,Yes,No,7.5,70
3017,Female,7.7,81,73,87,77,25,Yes,Yes,6.7,76
3018,Female,7.8,87,73,75,74,22,Yes,Yes,7.2,75
3019,Female,6.7,82,74,73,84,22,Yes,Yes,6.5,71
3020,Male,6.9,85,80,80,83,24,Yes,No,6.9,69
3021,Female,6.1,83,68,88,84,21,No,No,6.7,73
3022,Male,7.1,90,80,79,85,26,Yes,No,7.4,72
3023,Male,8.0,88,68,77,84,23,No,No,7.6,76
3024,Female,7.4,90,70,84,71,22,Yes,No,7.1,71
3025,Female,7.4,86,70,86,75,25,Yes,No,7.0,71
3026,Male,6.5,80,75,84,76,22,Yes,Yes,7.0,68
3027,Male,7.5,86,75,85,74,23,Yes,Yes,7.2,70
3028,Female,7.2,86,82,72,78,25,No,No,7.8,74
3029,Female,6.4,85,80,83,77,23,Yes,Yes,6.0,75
3030,Male,6.9,89,74,74,80,25,Yes,Yes,7.7,72
3031,Female,6.4,90,79,82,83,24,Yes,No,6.1,73
3032,Female,6.7,82,74,74,70,22,Yes,Yes,7.7,72
3033,Female,7.0,86,79,76,84,26,Yes,No,6.4,69
3034,Female,7.0,81,80,74,84,23,No,No,7.3,72
3035,Female,6.2,82,68,81,75,25,Yes,Yes,7.8,70
3036,Male,7.2,83,68,83,75,21,Yes,No,7.7,72
3037,Male,6.4,82,79,85,70,21,Yes,Yes,8.0,75
3038,Female,6.5,81,68,85,70,21,Yes,Yes,6.9,74
3039,Male,6.8,83,75,73,80,26,Yes,Yes,6.0,69
3040,Male,6.4,87,70,80,78,24,Yes,No,7.2,75
3041,Male,6.3,84,80,86,83,22,Yes,No,7.8,67
3042,Male,7.5,85,72,73,75,23,Yes,Yes,7.2,73
3043,Female,7.5,83,70,86,75,24,Yes,No,6.4,76
3044,Male,7.6,83,73,73,79,25,Yes,Yes,7.6,69
3045,Male,6.9,90,73,77,84,22,Yes,No,7.1,70
3046,Female,6.5,90,77,83,70,24,Yes,Yes,7.4,73
3047,Male,6.8,87,73,85,70,22,Yes,No,6.1,67
3048,Male,7.2,82,70,74,81,23,Yes,Yes,7.8,69
3049,Male,7.2,82,82,77,81,22,Yes,Yes,6.5,69
3050,Female,6.7,80,70,83,80,23,Yes,Yes,7.7,67
3051,Male,8.0,84,73,73,77,24,Yes,No,7.2,77
3052,Female,7.2,83,71,77,79,22,Yes,Yes,6.8,68
3053,Female,6.7,88,78,79,73,22,Yes,No,7.7,75
3054,Female,6.3,89,68,86,80,25,No,Yes,6.8,76
3055,Male,6.3,87,74,78,72,24,Yes,Yes,6.9,73
3056,Female,7.8,86,70,80,72,25,Yes,Yes,6.4,73
3057,Female,7.2,82,74,86,72,26,Yes,No,6.5,73
3058,Female,6.3,86,81,80,85,23,Yes,Yes,6.3,76
3059,Male,7.8,82,79,72,83,21,Yes,No,6.9,75
3060,Male,7.3,88,82,80,80,22,Yes,No,6.5,70
3061,Male,6.7,83,81,82,81,21,Yes,No,6.6,70
3062,Male,6.2,90,69,81,77,26,Yes,Yes,7.7,73
3063,Female,7.3,84,75,76,81,26,Yes,No,7.5,77
3064,Male,7.0,83,79,80,80,26,Yes,No,7.9,76
3065,Male,6.6,88,75,87,71,24,Yes,Yes,7.0,72
3066,Male,7.5,89,77,85,81,21,Yes,No,6.7,73
3067,Female,7.4,90,72,85,78,21,Yes,Yes,7.8,70
3068,Female,7.7,88,70,82,83,26,Yes,Yes,7.6,71
3069,Male,7.5,84,74,87,74,26,Yes,Yes,7.2,71
3070,Male,7.7,90,81,82,81,21,Yes,Yes,7.6,72
3071,Male,6.4,85,68,75,75,23,Yes,Yes,7.5,73
3072,Female,6.9,88,74,78,78,22,Yes,Yes,7.3,68
3073,Male,7.8,81,72,77,70,21,Yes,No,7.2,73
3074,Female,6.1,86,74,72,78,23,Yes,Yes,7.7,67
3075,Female,6.1,84,78,73,70,26,Yes,Yes,6.5,69
3076,Male,7.1,83,73,78,75,22,Yes,Yes,6.3,75
3077,Female,6.8,80,79,73,83,21,Yes,No,7.9,68
3078,Female,6.6,84,74,75,83,21,Yes,No,6.9,70
3079,Male,7.4,85,68,72,80,22,No,Yes,6.9,69
3080,Female,7.7,90,70,79,73,22,Yes,No,8.0,76
3081,Male,6.0,89,72,81,72,24,Yes,Yes,6.6,69
3082,Female,7.8,84,69,78,84,22,Yes,No,6.9,74
3083,Female,7.9,80,74,78,78,25,Yes,Yes,6.6,74
3084,Male,7.6,87,73,82,73,25,Yes,Yes,7.1,69
3085,Male,7.2,89,71,77,79,26,Yes,No,6.4,78
3086,Male,6.9,84,80,80,72,24,Yes,Yes,6.3,71
3087,Male,7.6,88,81,84,78,24,Yes,No,7.1,69
3088,Male,7.5,85,79,79,82,22,Yes,No,6.8,74
3089,Male,6.3,88,74,80,72,26,Yes,Yes,6.0,68
3090,Female,7.3,85,75,80,75,21,Yes,Yes,6.8,70
3091,Male,7.7,80,77,79,85,25,Yes,Yes,6.2,75
3092,Female,7.7,90,74,75,79,22,No,No,6.9,76
3093,Male,6.1,86,69,86,81,24,Yes,No,6.5,71
3094,Female,7.5,86,76,74,81,26,Yes,Yes,6.6,76
3095,Male,7.9,82,75,87,75,25,Yes,Yes,7.7,69
3096,Female,7.3,88,74,72,79,22,Yes,No,6.7,75
3097,Female,6.5,83,75,80,83,25,Yes,No,7.0,70
3098,Male,7.3,80,81,84,85,26,Yes,Yes,7.6,78
3099,Female,6.4,82,74,85,85,25,Yes,Yes,7.3,75
3100,Male,7.0,88,74,82,76,25,Yes,No,7.5,75
3101,Female,7.1,83,72,77,85,24,No,Yes,6.0,76
3102,Male,7.7,90,78,81,74,22,Yes,Yes,7.7,75
3103,Female,7.5,81,76,84,84,21,Yes,No,6.8,69
3104,Male,6.8,82,77,72,85,22,Yes,No,7.9,73
3105,Male,7.3,89,81,77,85,21,Yes,Yes,7.1,72
3106,Female,7.5,83,75,74,84,26,Yes,Yes,7.8,69
3107,Female,7.2,82,74,81,75,21,Yes,Yes,6.4,74
3108,Male,7.3,83,73,81,70,21,Yes,Yes,6.6,74
3109,Female,7.2,81,77,82,84,22,Yes,No,6.0,70
3110,Male,6.5,88,79,80,77,21,No,Yes,7.4,74
3111,Male,6.8,88,81,72,82,26,Yes,No,6.8,75
3112,Female,6.7,90,76,73,73,24,Yes,No,7.3,70
3113,Female,6.7,83,75,73,73,24,Yes,Yes,6.1,73
3114,Male,6.1,80,71,72,71,25,No,Yes,7.3,75
3115,Male,6.3,82,77,85,75,26,Yes,Yes,7.7,71
3116,Female,7.5,80,78,72,84,22,Yes,No,7.0,74
3117,Female,7.3,87,78,80,72,21,Yes,No,6.8,67
3118,Female,7.4,86,81,75,75,24,Yes,Yes,6.8,70
3119,Female,7.7,83,77,75,84,21,Yes,No,7.3,75
3120,Male,6.4,84,72,80,76,23,Yes,No,7.6,71
3121,Male,8.0,90,81,87,70,21,Yes,No,6.4,75
3122,Female,6.6,90,82,83,76,24,Yes,Yes,7.2,74
3123,Male,7.9,87,73,79,70,22,No,Yes,7.1,70
3124,Female,6.5,86,78,86,70,22,Yes,No,7.8,70
3125,Male,7.7,84,68,83,81,22,No,Yes,7.4,71
3126,Female,7.4,87,80,83,78,26,Yes,Yes,6.0,72
3127,Female,7.7,88,76,76,73,23,Yes,Yes,7.7,74
3128,Female,7.0,84,79,84,83,22,Yes,Yes,8.0,69
3129,Male,6.8,87,77,88,83,23,Yes,Yes,7.2,69
3130,Female,7.9,90,82,77,74,26,Yes,No,6.1,73
3131,Male,6.4,86,77,76,70,24,Yes,Yes,6.8,68
3132,Male,6.4,85,74,76,77,22,Yes,Yes,6.6,72
3133,Female,7.1,87,79,87,84,25,Yes,No,6.4,78
3134,Female,6.5,88,70,73,78,25,Yes,Yes,7.6,69
3135,Female,8.0,89,69,76,74,24,Yes,Yes,6.0,69
3136,Male,7.3,90,79,86,82,22,Yes,No,7.7,75
3137,Male,7.5,90,71,73,79,26,Yes,No,7.9,70
3138,Male,6.4,89,75,82,74,26,Yes,No,7.7,73
3139,Male,7.3,90,74,81,75,26,Yes,No,7.6,76
3140,Male,6.7,90,70,73,75,22,Yes,Yes,6.7,69
3141,Male,8.0,86,77,75,78,25,Yes,No,7.8,73
3142,Male,7.3,85,74,76,70,21,Yes,Yes,6.9,70
3143,Female,6.9,86,74,75,83,25,Yes,No,6.7,73
3144,Male,7.7,80,72,79,79,24,Yes,Yes,6.5,75
3145,Male,7.3,87,78,82,82,21,Yes,No,6.0,72
3146,Female,6.1,85,68,79,83,21,Yes,No,7.5,73
3147,Male,7.4,89,79,74,76,25,Yes,No,7.0,71
3148,Female,7.5,84,81,81,78,24,Yes,Yes,6.6,74
3149,Male,6.9,87,79,85,74,22,Yes,Yes,6.6,68
3150,Female,6.8,81,80,74,85,26,Yes,No,6.1,77
3151,Female,7.9,82,81,83,72,23,Yes,No,6.7,71
3152,Female,7.1,85,76,72,81,23,Yes,Yes,7.1,68
3153,Male,6.5,89,74,83,77,25,Yes,No,7.3,77
3154,Male,7.6,80,68,81,70,25,Yes,No,6.5,76
3155,Male,7.8,81,76,80,70,22,Yes,Yes,7.2,75
3156,Male,7.4,89,74,84,75,26,Yes,No,7.5,71
3157,Male,7.4,84,78,72,84,25,Yes,Yes,7.1,70
3158,Female,6.2,86,72,85,76,22,Yes,Yes,7.4,70
3159,Female,7.9,89,75,81,78,21,Yes,Yes,7.0,73
3160,Male,7.0,88,79,87,71,25,Yes,No,6.3,75
3161,Female,7.1,90,82,81,77,21,Yes,No,6.2,74
3162,Male,6.2,85,76,80,80,25,Yes,Yes,6.1,69
3163,Female,6.2,90,74,73,79,24,Yes,No,7.6,74
3164,Male,6.5,87,78,72,85,24,Yes,No,7.9,71
3165,Female,7.7,90,82,76,76,21,Yes,No,6.9,69
3166,Female,7.6,89,73,79,78,24,No,Yes,7.8,73
3167,Female,7.7,82,71,82,82,21,Yes,No,6.7,67
3168,Male,7.5,84,68,76,81,24,Yes,Yes,7.6,77
3169,Female,7.0,80,73,73,82,22,Yes,Yes,6.1,71
3170,Male,6.7,82,79,88,72,26,Yes,Yes,7.3,71
3171,Male,6.0,83,77,73,73,22,Yes,Yes,6.1,73
3172,Male,6.7,80,77,80,80,22,Yes,No,7.4,74
3173,Male,7.4,85,71,75,75,24,Yes,Yes,6.1,74
3174,Female,6.7,87,82,81,80,23,Yes,No,7.6,74
3175,Male,7.5,89,72,81,80,22,Yes,Yes,7.0,68
3176,Male,7.4,89,74,83,81,25,Yes,Yes,6.4,78
3177,Female,8.0,82,81,77,81,22,Yes,No,6.2,74
3178,Female,6.8,83,80,85,73,24,Yes,No,7.7,71
3179,Female,6.6,90,70,85,82,21,Yes,Yes,6.3,70
3180,Male,6.1,85,71,72,72,24,Yes,Yes,6.5,74
3181,Male,6.6,80,73,88,84,25,Yes,Yes,6.1,70
3182,Male,6.4,89,73,81,84,25,Yes,Yes,6.5,75
3183,Female,6.4,90,80,82,84,25,Yes,No,6.1,75
3184,Female,7.5,88,78,84,83,26,Yes,No,7.9,78
3185,Female,6.7,81,76,79,76,23,Yes,Yes,7.4,72
3186,Male,6.8,80,73,86,71,22,No,No,7.9,74
3187,Male,7.1,83,81,72,73,25,Yes,No,6.4,69
3188,Female,6.4,82,79,87,76,26,Yes,Yes,6.3,74
3189,Female,6.4,88,82,76,80,22,Yes,Yes,7.5,75
3190,Female,6.8,89,78,77,78,22,Yes,No,6.9,76
3191,Male,6.4,88,81,82,74,21,Yes,Yes,6.3,73
3192,Male,6.5,80,69,85,76,22,No,Yes,7.5,68
3193,Male,7.9,87,78,74,74,25,Yes,Yes,6.0,75
3194,Female,7.7,85,81,80,80,22,Yes,Yes,7.8,68
3195,Female,6.4,83,69,72,70,26,Yes,No,7.7,75
3196,Female,7.3,82,80,85,74,22,Yes,Yes,7.0,72
3197,Male,6.8,88,79,73,82,24,Yes,Yes,7.9,75
3198,Female,6.0,88,73,73,77,24,Yes,No,7.6,70
3199,Female,6.3,84,69,73,85,26,Yes,No,6.6,68
3200,Female,6.0,90,81,85,85,23,Yes,No,7.0,71
3201,Male,7.1,80,81,85,75,21,No,Yes,7.7,69
3202,Male,7.3,86,82,80,83,26,Yes,Yes,6.1,75
3203,Female,7.3,83,69,88,76,25,Yes,Yes,7.4,74
3204,Female,7.7,89,80,74,78,25,Yes,Yes,7.8,74
3205,Female,7.6,80,81,81,76,22,Yes,No,7.6,75
3206,Female,6.3,83,77,80,82,21,No,Yes,6.3,68
3207,Female,6.7,84,76,82,77,23,Yes,Yes,6.0,74
3208,Male,6.9,82,70,78,79,24,Yes,Yes,6.6,76
3209,Female,7.5,87,69,88,74,22,Yes,Yes,6.4,72
3210,Male,6.1,88,68,84,72,26,No,No,6.4,75
3211,Male,6.8,87,79,80,82,21,Yes,Yes,7.5,70
3212,Male,7.1,86,71,79,70,25,Yes,Yes,7.7,73
3213,Male,6.1,88,68,76,83,21,Yes,Yes,6.8,67
3214,Male,6.7,85,79,86,83,23,No,Yes,6.7,74
3215,Female,7.8,85,69,77,78,24,Yes,Yes,6.9,68
3216,Male,6.7,86,80,88,74,23,Yes,No,7.4,71
3217,Male,6.5,81,70,77,78,23,Yes,No,6.5,74
3218,Male,6.3,83,71,88,83,25,Yes,No,8.0,68
3219,Male,7.7,81,75,72,77,24,Yes,No,6.4,77
3220,Female,6.3,83,76,85,71,22,Yes,No,6.1,73
3221,Female,6.1,89,80,80,72,22,Yes,No,6.5,72
3222,Male,7.3,89,75,87,85,22,Yes,Yes,7.7,71
3223,Male,6.4,86,77,80,70,23,Yes,Yes,6.6,67
3224,Female,7.5,87,72,88,70,25,Yes,Yes,6.6,75
3225,Female,7.8,89,81,73,74,26,Yes,No,8.0,70
3226,Male,6.5,90,81,73,77,21,Yes,No,6.7,72
3227,Male,7.2,80,75,78,79,22,Yes,No,6.1,68
3228,Female,6.6,86,75,83,81,21,Yes,Yes,7.3,68
3229,Female,6.4,88,76,76,80,26,Yes,No,7.0,72
3230,Male,6.3,90,80,79,75,24,Yes,Yes,6.1,74
3231,Female,7.4,84,70,86,83,24,Yes,Yes,6.6,73
3232,Male,6.4,80,74,84,75,25,Yes,Yes,6.4,74
3233,Male,6.9,88,70,81,74,24,Yes,Yes,7.6,76
3234,Male,7.2,89,81,72,83,22,Yes,Yes,6.5,72
3235,Male,6.2,89,76,72,74,22,Yes,Yes,6.5,73
3236,Male,6.6,84,81,86,71,26,Yes,Yes,7.8,71
3237,Female,7.4,81,78,86,83,24,Yes,No,6.6,71
3238,Male,7.7,83,75,88,72,23,Yes,No,7.2,71
3239,Female,6.7,89,80,84,75,24,Yes,No,7.7,70
3240,Female,6.8,88,68,76,70,26,Yes,Yes,7.0,69
3241,Male,7.4,82,69,72,80,26,Yes,No,6.2,77
3242,Male,7.7,81,76,76,70,26,Yes,No,7.7,69
3243,Female,7.7,80,75,76,77,24,Yes,Yes,7.6,74
3244,Male,6.4,88,78,85,79,25,No,Yes,7.8,77
3245,Male,6.1,87,73,86,83,25,Yes,Yes,7.6,76
3246,Male,6.7,87,68,87,84,22,Yes,Yes,7.5,74
3247,Male,6.2,85,73,73,80,24,Yes,No,7.4,67
3248,Female,7.0,89,77,79,78,26,Yes,No,7.6,72
3249,Male,6.2,81,72,74,79,24,Yes,Yes,7.9,73
3250,Male,8.0,85,81,73,76,24,Yes,No,7.1,73
3251,Male,7.6,88,77,74,71,25,Yes,No,7.3,78
3252,Female,7.7,82,71,81,78,23,Yes,No,6.9,70
3253,Female,7.1,84,68,79,83,26,Yes,Yes,7.7,71
3254,Male,7.9,89,73,87,76,24,Yes,No,7.0,71
3255,Female,6.7,82,77,76,84,22,Yes,Yes,6.2,71
3256,Male,7.1,81,73,83,79,26,Yes,Yes,6.3,77
3257,Male,6.2,85,69,83,78,25,Yes,Yes,6.5,71
3258,Female,7.8,84,72,84,85,26,Yes,Yes,6.5,71
3259,Male,7.1,90,69,87,78,26,Yes,No,7.9,78
3260,Male,6.0,80,70,77,72,25,Yes,Yes,7.3,71
3261,Male,7.8,81,71,81,78,26,Yes,Yes,7.0,76
3262,Female,7.6,83,79,87,84,23,Yes,Yes,6.1,70
3263,Male,7.3,83,71,72,74,24,Yes,No,7.9,74
3264,Female,7.2,90,77,84,75,21,Yes,Yes,7.1,69
3265,Female,6.2,86,74,85,83,21,Yes,No,6.0,70
3266,Female,6.3,80,70,76,74,26,Yes,Yes,7.4,70
3267,Female,6.1,83,79,86,83,25,Yes,Yes,6.4,72
3268,Female,6.2,87,77,74,80,22,Yes,Yes,7.3,69
3269,Female,6.1,82,71,79,81,21,Yes,Yes,6.9,74
3270,Female,7.8,82,81,84,71,21,Yes,Yes,7.1,70
3271,Female,6.4,89,77,83,82,25,Yes,Yes,7.3,72
3272,Male,7.4,86,81,80,72,23,Yes,No,7.2,68
3273,Male,6.0,82,79,82,80,21,Yes,No,7.5,68
3274,Female,7.8,86,75,76,75,25,Yes,Yes,7.8,71
3275,Male,7.9,81,72,83,78,24,No,Yes,7.5,75
3276,Male,6.6,83,70,83,72,21,Yes,No,6.5,74
3277,Female,7.2,85,71,74,74,26,Yes,Yes,6.0,69
3278,Female,7.0,86,74,75,76,21,Yes,Yes,7.4,74
3279,Male,6.2,88,75,79,72,23,Yes,No,6.4,68
3280,Female,6.5,86,75,85,75,26,Yes,No,6.2,76
3281,Male,7.1,81,68,84,80,24,Yes,No,6.6,71
3282,Female,7.3,90,81,72,74,24,Yes,Yes,7.6,75
3283,Male,6.7,84,70,78,70,24,Yes,Yes,6.1,69
3284,Male,7.7,90,79,82,70,26,Yes,No,6.7,78
3285,Male,6.2,82,68,84,83,24,Yes,Yes,6.1,70
3286,Male,6.0,86,74,79,76,26,Yes,Yes,7.0,69
3287,Male,6.1,85,71,76,75,26,No,Yes,6.4,71
3288,Male,6.2,90,79,73,72,21,Yes,Yes,7.5,69
3289,Female,6.4,90,70,83,75,25,Yes,No,6.8,69
3290,Female,6.7,86,78,81,80,22,Yes,No,6.4,69
3291,Female,7.2,86,80,72,75,23,Yes,No,7.2,72
3292,Male,7.5,89,73,79,83,24,Yes,Yes,7.3,73
3293,Male,6.4,87,81,79,81,24,Yes,Yes,7.7,69
3294,Female,8.0,86,73,82,72,23,Yes,Yes,7.0,77
3295,Male,7.6,90,76,73,83,24,Yes,Yes,6.6,71
3296,Female,6.4,86,81,83,75,23,Yes,No,7.8,75
3297,Female,6.9,85,78,79,80,22,Yes,Yes,7.1,74
3298,Female,7.5,82,72,78,82,24,Yes,Yes,7.8,70
3299,Female,6.2,90,75,85,76,26,Yes,Yes,7.3,77
3300,Male,7.9,84,74,82,83,22,Yes,No,7.3,68
3301,Female,7.5,82,72,87,77,25,Yes,Yes,7.2,77
3302,Male,7.7,90,76,74,73,24,Yes,Yes,7.8,74
3303,Male,6.1,80,75,78,85,22,Yes,Yes,6.8,71
3304,Male,7.9,84,76,85,85,25,Yes,No,7.8,70
3305,Male,7.1,81,70,75,79,24,No,Yes,7.6,73
3306,Female,6.8,85,78,80,74,26,Yes,No,7.2,77
3307,Male,6.7,86,71,78,73,24,Yes,No,6.3,76
3308,Female,7.6,84,76,74,73,22,Yes,Yes,7.3,74
3309,Female,6.2,86,75,72,83,26,Yes,No,7.8,70
3310,Male,6.1,86,69,77,81,25,Yes,Yes,6.1,71
3311,Female,7.5,80,80,74,76,22,Yes,No,6.5,70
3312,Male,7.7,90,80,78,78,25,Yes,Yes,7.6,72
3313,Male,6.2,80,69,85,85,25,Yes,Yes,6.4,68
3314,Male,6.2,80,72,74,70,21,Yes,Yes,7.7,72
3315,Male,6.3,88,81,85,83,21,No,Yes,6.8,72
3316,Male,7.8,89,68,79,79,22,Yes,No,6.2,76
3317,Male,6.6,84,82,76,71,22,Yes,Yes,6.6,68
3318,Male,7.1,90,69,87,73,22,Yes,No,7.8,71
3319,Female,6.2,81,80,87,73,22,Yes,Yes,7.8,74
3320,Male,7.9,80,70,81,84,26,Yes,No,7.7,71
3321,Male,6.3,88,75,81,80,22,No,Yes,7.8,75
3322,Female,7.9,87,81,88,81,24,Yes,Yes,6.8,77
3323,Female,6.5,81,68,87,79,25,Yes,Yes,7.9,74
3324,Female,6.3,90,70,75,81,23,Yes,No,7.8,68
3325,Female,6.4,80,74,85,75,24,Yes,Yes,6.1,72
3326,Female,6.3,85,70,87,79,21,No,Yes,6.0,72
3327,Male,7.9,87,77,80,81,24,Yes,Yes,6.8,72
3328,Male,6.7,89,78,82,83,24,Yes,No,6.7,74
3329,Female,7.6,84,82,76,75,24,Yes,Yes,7.3,70
3330,Female,6.3,90,73,84,81,21,Yes,No,6.5,75
3331,Male,6.2,90,82,80,73,22,Yes,Yes,6.0,75
3332,Female,7.7,84,68,88,84,21,Yes,No,7.8,67
3333,Female,7.3,81,75,76,74,21,Yes,No,6.9,68
3334,Male,6.2,90,70,76,77,22,Yes,Yes,7.1,68
3335,Male,6.0,84,75,82,74,25,Yes,Yes,6.4,73
3336,Female,6.2,88,72,86,73,22,Yes,Yes,6.7,74
3337,Male,6.7,80,81,82,76,23,Yes,Yes,7.9,72
3338,Male,7.8,80,80,85,79,21,Yes,Yes,7.3,76
3339,Male,7.2,87,76,79,70,22,Yes,No,7.9,68
3340,Male,6.2,84,82,82,77,23,Yes,Yes,6.2,71
3341,Male,7.9,84,72,87,83,24,Yes,No,6.6,77
3342,Male,6.2,88,78,79,70,24,Yes,Yes,6.4,71
3343,Female,7.3,83,75,75,74,21,Yes,No,6.4,73
3344,Female,7.6,86,77,72,80,23,Yes,Yes,7.1,71
3345,Female,7.4,80,76,80,75,25,No,Yes,7.8,69
3346,Male,7.1,80,79,81,81,22,Yes,Yes,7.0,75
3347,Female,7.5,86,73,85,84,22,Yes,Yes,6.5,75
3348,Female,6.2,85,70,86,83,21,Yes,Yes,7.9,70
3349,Male,6.3,83,78,72,78,22,Yes,No,7.0,70
3350,Male,6.6,84,75,87,75,23,Yes,No,7.6,75
3351,Male,6.5,82,82,80,75,22,Yes,Yes,6.6,67
3352,Male,7.4,84,69,82,80,22,Yes,Yes,7.9,71
3353,Male,6.6,84,81,72,82,22,Yes,Yes,7.7,73
3354,Male,6.3,87,68,79,76,22,Yes,Yes,7.3,72
3355,Female,6.7,83,81,74,80,26,Yes,Yes,7.1,76
3356,Male,6.1,80,82,76,83,24,Yes,No,6.4,76
3357,Male,7.0,82,77,76,74,21,Yes,No,6.6,70
3358,Female,7.8,85,78,79,75,24,Yes,No,6.8,71
3359,Male,6.8,82,81,83,71,22,Yes,Yes,6.2,69
3360,Male,7.1,85,68,77,74,21,Yes,No,6.8,73
3361,Female,7.3,83,73,79,85,25,Yes,No,7.0,74
3362,Male,6.4,89,78,82,83,21,Yes,Yes,6.8,68
3363,Female,7.4,81,76,83,81,25,Yes,Yes,6.6,76
3364,Female,6.5,84,80,83,76,22,Yes,No,7.5,68
3365,Female,6.9,88,80,74,79,23,Yes,Yes,6.8,72
3366,Female,6.0,81,77,81,81,22,Yes,Yes,7.4,73
3367,Male,7.9,86,74,85,80,21,Yes,Yes,6.7,74
3368,Female,6.1,80,80,77,72,26,Yes,No,7.3,72
3369,Male,7.6,89,68,76,74,22,Yes,Yes,6.1,68
3370,Male,6.0,90,81,87,83,22,Yes,No,6.7,69
3371,Male,6.2,85,77,76,72,22,Yes,No,6.8,73
3372,Female,6.8,87,69,74,79,22,Yes,No,7.2,69
3373,Male,6.9,85,80,79,74,22,Yes,Yes,7.4,68
3374,Male,6.7,90,78,88,82,24,Yes,No,7.2,70
3375,Female,6.2,90,76,78,85,24,Yes,Yes,6.7,69
3376,Female,6.1,81,80,80,70,24,Yes,Yes,7.6,69
3377,Female,6.9,83,81,83,72,22,Yes,Yes,7.0,70
3378,Female,7.9,83,75,83,82,23,Yes,Yes,7.9,72
3379,Female,7.1,88,72,85,75,22,Yes,No,6.6,75
3380,Male,6.0,86,78,76,80,21,Yes,Yes,7.9,72
3381,Male,6.7,88,82,82,73,22,Yes,Yes,7.6,68
3382,Female,7.8,87,70,79,80,26,Yes,Yes,6.0,74
3383,Male,7.7,81,70,75,79,24,No,No,7.7,74
3384,Male,6.3,83,72,87,84,25,Yes,No,8.0,75
3385,Male,7.9,89,75,76,81,21,Yes,No,7.7,70
3386,Male,6.5,89,76,76,72,23,Yes,Yes,6.9,73
3387,Male,6.9,82,79,73,78,23,Yes,Yes,6.1,76
3388,Female,6.0,83,74,79,74,25,Yes,No,6.9,68
3389,Male,7.8,82,68,73,79,25,Yes,Yes,7.8,70
3390,Female,6.4,83,74,86,82,21,Yes,Yes,7.9,71
3391,Male,7.0,90,69,78,82,21,Yes,No,7.7,73
3392,Female,7.8,89,70,72,81,24,Yes,Yes,6.6,75
3393,Female,6.3,89,73,74,76,23,Yes,No,6.1,73
3394,Male,6.6,81,75,83,71,25,Yes,Yes,7.8,70
3395,Male,6.1,80,72,79,72,23,No,Yes,6.8,75
3396,Female,7.7,83,76,75,78,25,Yes,Yes,7.3,73
3397,Female,7.0,83,68,72,73,24,Yes,Yes,7.0,70
3398,Female,7.0,87,76,80,71,21,Yes,No,7.9,72
3399,Male,7.6,90,69,84,76,24,Yes,No,7.4,72
3400,Male,6.8,88,74,75,72,25,Yes,Yes,7.1,76
3401,Female,7.3,82,74,74,85,21,Yes,Yes,7.4,75
3402,Male,6.7,84,73,74,81,24,Yes,No,6.7,74
3403,Male,6.7,83,71,88,75,23,Yes,No,6.3,71
3404,Female,6.7,80,69,82,78,24,Yes,Yes,6.9,72
3405,Male,6.0,88,73,78,75,24,Yes,Yes,6.4,75
3406,Female,6.5,81,78,83,71,22,Yes,Yes,6.6,75
3407,Male,6.2,83,68,86,76,21,Yes,No,7.1,71
3408,Female,7.3,83,76,77,85,24,Yes,No,6.9,77
3409,Male,6.3,82,79,87,82,22,No,Yes,6.0,73
3410,Female,6.3,80,81,76,78,22,Yes,No,6.4,73
3411,Female,6.7,90,75,86,85,21,Yes,Yes,7.5,75
3412,Female,6.2,85,79,85,81,24,Yes,Yes,6.8,72
3413,Male,7.0,83,71,81,78,21,Yes,Yes,6.0,73
3414,Female,7.9,90,74,83,76,24,Yes,No,7.2,76
3415,Male,7.2,84,71,72,84,21,Yes,Yes,6.7,69
3416,Male,6.1,81,73,87,73,21,No,Yes,7.8,69
3417,Male,6.1,86,79,76,83,21,Yes,Yes,6.1,67
3418,Male,7.3,87,82,82,84,25,Yes,Yes,7.8,71
3419,Male,6.7,81,77,77,73,23,Yes,Yes,7.1,72
3420,Male,6.5,88,82,85,82,23,Yes,No,7.4,70
3421,Male,6.2,87,79,76,83,24,Yes,Yes,6.7,75
3422,Male,6.5,89,82,77,85,26,Yes,No,6.3,69
3423,Male,6.0,86,78,73,72,23,Yes,Yes,7.3,71
3424,Male,7.1,85,72,78,74,24,Yes,Yes,7.8,72
3425,Female,8.0,85,82,85,76,24,Yes,Yes,7.2,77
3426,Male,7.8,80,79,73,71,25,Yes,Yes,7.6,74
3427,Male,7.0,80,80,81,71,22,Yes,Yes,7.1,69
3428,Female,6.1,88,82,77,71,25,No,Yes,7.5,68
3429,Female,6.8,81,71,85,82,22,Yes,No,7.1,73
3430,Male,6.3,82,78,85,72,23,Yes,No,7.7,75
3431,Female,7.5,80,81,83,77,21,Yes,Yes,8.0,75
3432,Male,7.4,83,78,79,70,25,Yes,Yes,6.9,77
3433,Male,8.0,81,76,75,79,22,No,Yes,7.3,73
3434,Male,7.5,85,78,72,73,24,Yes,Yes,7.6,72
3435,Female,7.0,87,74,76,76,24,No,Yes,7.9,72
3436,Female,7.8,90,70,86,82,22,Yes,No,7.2,69
3437,Female,7.0,88,68,78,84,26,Yes,Yes,6.8,72
3438,Female,6.9,89,77,79,80,25,Yes,Yes,7.1,70
3439,Female,7.0,82,74,82,85,24,Yes,Yes,6.6,73
3440,Female,7.9,88,68,82,70,21,Yes,Yes,7.8,76
3441,Female,6.2,86,73,87,76,25,Yes,No,6.1,76
3442,Male,7.7,85,80,74,84,21,Yes,Yes,7.3,76
3443,Male,6.1,90,73,73,70,26,Yes,Yes,7.2,71
3444,Male,7.0,87,76,87,81,26,Yes,No,6.9,69
3445,Male,7.2,80,69,75,74,23,Yes,Yes,7.3,68
3446,Female,7.0,82,77,72,82,26,Yes,No,7.3,72
3447,Female,6.5,83,74,78,73,26,Yes,No,7.1,72
3448,Male,7.6,87,78,78,70,22,Yes,Yes,7.6,75
3449,Male,6.3,89,75,83,77,24,Yes,No,7.9,74
3450,Female,7.0,81,80,80,79,24,Yes,Yes,7.9,74
3451,Female,6.5,86,76,87,76,23,Yes,Yes,7.3,70
3452,Female,7.4,84,74,85,83,23,No,Yes,7.9,73
3453,Male,7.0,84,76,79,81,26,Yes,Yes,7.1,73
3454,Male,6.4,86,81,81,80,22,Yes,No,6.3,75
3455,Female,6.0,88,82,81,77,22,Yes,No,7.5,73
3456,Female,7.3,90,72,81,77,26,Yes,No,6.9,75
3457,Female,6.7,84,73,73,81,26,Yes,No,6.1,70
3458,Female,7.5,80,68,86,76,23,Yes,Yes,6.3,75
3459,Male,6.9,87,82,76,80,23,Yes,Yes,7.3,77
3460,Female,6.5,80,69,85,74,23,Yes,Yes,7.1,70
3461,Male,7.4,90,68,81,80,21,No,Yes,7.3,72
3462,Male,6.5,81,70,86,78,26,Yes,Yes,7.4,74
3463,Female,7.2,85,71,74,73,21,Yes,No,6.3,73
3464,Female,8.0,82,74,83,75,24,Yes,Yes,7.6,70
3465,Male,7.8,90,73,75,71,25,Yes,Yes,6.7,71
3466,Male,6.7,85,69,80,83,21,Yes,Yes,7.6,74
3467,Male,6.2,87,78,81,81,23,Yes,No,6.6,74
3468,Male,7.8,86,70,87,75,25,Yes,No,7.7,73
3469,Female,6.5,81,81,76,72,26,Yes,No,6.6,73
3470,Male,7.5,84,82,75,75,24,Yes,Yes,6.1,71
3471,Male,6.8,80,77,73,83,25,Yes,No,6.5,74
3472,Female,7.8,89,73,74,83,26,No,Yes,7.0,70
3473,Male,7.4,89,76,76,74,26,Yes,No,7.4,73
3474,Male,7.9,83,72,79,71,23,Yes,Yes,7.0,76
3475,Female,6.1,85,77,79,82,23,Yes,Yes,6.7,75
3476,Male,6.2,84,70,87,81,23,Yes,Yes,6.9,71
3477,Male,6.2,85,72,72,79,26,Yes,No,6.5,76
3478,Male,7.3,83,74,83,77,21,Yes,Yes,7.8,73
3479,Male,7.0,90,78,75,80,21,Yes,No,6.8,73
3480,Male,7.2,86,82,82,72,24,Yes,Yes,6.4,70
3481,Male,7.4,81,79,73,85,22,Yes,Yes,7.6,69
3482,Male,6.8,81,80,82,84,22,Yes,Yes,7.4,71
3483,Female,6.7,89,76,86,85,21,No,Yes,6.9,70
3484,Male,6.7,83,68,80,78,23,Yes,Yes,6.1,74
3485,Male,7.5,88,71,87,71,22,Yes,Yes,7.5,70
3486,Male,7.2,88,74,86,82,21,No,No,6.5,75
3487,Male,6.5,90,79,86,81,23,Yes,Yes,7.3,73
3488,Male,7.1,81,68,74,77,25,Yes,No,7.3,72
3489,Male,6.2,83,72,84,71,21,Yes,No,7.1,67
3490,Male,7.1,88,70,83,77,22,Yes,No,6.1,72
3491,Male,7.8,90,74,88,73,26,Yes,Yes,7.6,74
3492,Male,6.5,89,78,74,85,22,Yes,Yes,7.5,73
3493,Male,7.3,86,75,77,71,21,Yes,Yes,6.0,68
3494,Male,7.6,87,82,72,84,21,Yes,Yes,6.9,70
3495,Male,7.6,90,76,82,73,22,Yes,No,6.4,68
3496,Female,7.8,89,80,74,78,26,Yes,Yes,6.6,72
3497,Female,6.3,86,73,82,82,21,Yes,Yes,7.2,71
3498,Female,6.9,90,80,75,83,22,Yes,No,7.7,70
3499,Female,7.5,86,82,86,77,21,No,Yes,6.7,72
3500,Male,7.1,88,75,81,71,22,Yes,No,7.5,69
3501,Male,6.6,86,82,84,75,24,Yes,Yes,6.8,75
3502,Male,6.1,87,74,75,79,22,Yes,No,7.3,67
3503,Male,6.2,86,76,85,76,24,Yes,Yes,6.5,68
3504,Female,7.1,89,74,88,85,21,No,Yes,6.4,72
3505,Male,7.1,87,78,79,82,26,Yes,Yes,6.5,77
3506,Male,7.5,82,80,75,75,24,Yes,No,7.9,72
3507,Female,6.1,84,68,84,74,25,Yes,Yes,6.2,72
3508,Male,6.6,81,76,78,70,21,Yes,Yes,7.1,71
3509,Female,6.7,87,76,88,78,25,Yes,No,7.0,71
3510,Female,6.6,82,69,87,73,21,Yes,No,6.6,74
3511,Female,6.7,81,76,75,70,24,Yes,No,6.2,69
3512,Female,6.2,86,71,75,75,25,Yes,No,6.9,71
3513,Female,7.5,86,69,85,79,25,Yes,Yes,6.8,73
3514,Female,7.1,89,78,73,82,25,Yes,Yes,8.0,70
3515,Male,7.3,80,75,74,83,24,Yes,No,6.7,75
3516,Male,7.6,83,74,75,77,21,No,No,6.9,75
3517,Male,7.5,80,72,73,77,24,Yes,Yes,7.3,74
3518,Female,7.0,85,76,79,80,26,Yes,Yes,6.8,77
3519,Male,6.3,84,79,78,74,22,Yes,No,7.8,74
3520,Male,6.1,89,79,77,80,25,Yes,Yes,7.8,69
3521,Female,7.8,81,81,77,76,24,Yes,Yes,7.6,70
3522,Female,6.7,81,81,78,78,23,Yes,Yes,6.5,71
3523,Male,7.2,80,82,87,82,25,Yes,No,7.3,72
3524,Female,7.4,84,73,86,74,26,Yes,No,6.6,76
3525,Male,7.4,87,75,78,80,26,Yes,Yes,7.9,78
3526,Male,6.1,83,71,87,76,24,Yes,No,6.9,72
3527,Male,7.4,80,79,77,79,22,Yes,No,7.3,74
3528,Male,6.2,89,76,79,71,24,No,Yes,7.3,69
3529,Male,6.6,80,69,75,79,23,Yes,No,6.5,69
3530,Female,6.3,84,71,83,70,26,No,Yes,7.2,72
3531,Female,6.2,88,74,74,80,24,Yes,Yes,8.0,68
3532,Female,6.7,89,76,74,76,24,Yes,Yes,6.1,70
3533,Male,8.0,90,78,73,75,24,Yes,Yes,7.7,75
3534,Male,6.6,85,77,80,75,26,Yes,Yes,7.2,70
3535,Female,6.5,86,79,84,83,25,Yes,No,7.3,72
3536,Female,6.5,88,74,74,78,21,Yes,No,7.7,73
3537,Male,7.7,83,80,81,74,23,Yes,No,7.3,76
3538,Male,6.8,82,76,78,78,24,Yes,Yes,6.4,75
3539,Female,7.9,84,71,87,81,21,Yes,Yes,7.9,74
3540,Female,7.5,88,74,83,79,22,Yes,Yes,6.6,75
3541,Female,7.1,85,68,86,78,22,Yes,Yes,6.7,75
3542,Male,6.3,88,78,88,81,25,Yes,Yes,6.5,77
3543,Female,6.5,86,80,85,79,23,Yes,No,6.4,73
3544,Male,6.8,80,72,86,73,25,Yes,No,7.0,68
3545,Male,6.5,88,76,86,76,23,Yes,Yes,8.0,74
3546,Female,6.9,89,76,80,84,21,Yes,Yes,6.8,68
3547,Female,7.7,86,77,73,72,23,Yes,No,7.2,77
3548,Male,7.6,84,80,86,73,23,Yes,Yes,6.8,76
3549,Female,6.0,85,69,88,83,21,Yes,No,7.4,70
3550,Female,7.1,90,70,78,79,26,Yes,No,6.4,72
3551,Female,6.0,84,73,72,80,24,Yes,No,6.8,74
3552,Male,6.1,84,82,77,83,21,Yes,Yes,6.9,73
3553,Male,6.2,80,81,76,80,21,Yes,No,8.0,73
3554,Male,6.9,82,80,84,79,25,No,Yes,8.0,69
3555,Female,7.0,84,77,79,83,25,Yes,No,7.7,75
3556,Male,6.4,81,68,74,74,24,No,Yes,7.1,71
3557,Female,6.0,84,78,88,81,22,Yes,Yes,7.8,75
3558,Female,7.5,80,82,78,82,23,Yes,Yes,6.8,69
3559,Male,6.5,90,72,78,78,24,Yes,Yes,7.0,73
3560,Female,6.5,88,69,76,76,22,Yes,No,6.7,73
3561,Female,6.9,83,81,75,84,23,Yes,No,6.6,71
3562,Female,6.3,86,82,76,82,22,Yes,No,7.9,72
3563,Female,7.6,84,80,87,81,25,Yes,Yes,6.5,72
3564,Male,6.3,85,81,78,84,26,Yes,No,6.9,71
3565,Male,7.0,87,74,87,79,21,Yes,Yes,6.5,68
3566,Female,6.8,85,69,81,84,23,Yes,No,6.4,68
3567,Female,7.5,90,80,78,71,25,Yes,No,7.2,77
3568,Male,7.1,84,79,73,83,23,Yes,Yes,6.8,75
3569,Male,7.4,85,71,88,80,26,Yes,No,7.3,72
3570,Male,7.8,90,70,85,83,21,Yes,Yes,7.3,76
3571,Female,6.5,80,81,74,72,21,Yes,Yes,7.5,74
3572,Female,7.6,81,69,88,82,23,Yes,Yes,8.0,69
3573,Male,7.0,87,80,80,82,24,Yes,Yes,6.2,75
3574,Female,7.8,88,78,85,85,26,Yes,No,6.0,77
3575,Female,6.8,90,81,84,74,26,Yes,Yes,7.2,76
3576,Male,6.8,89,77,83,70,25,Yes,Yes,7.3,69
3577,Male,7.4,80,79,77,75,24,No,No,6.8,71
3578,Male,7.4,89,76,85,75,22,Yes,No,6.1,68
3579,Female,7.1,86,68,81,85,23,Yes,No,6.9,70
3580,Male,6.5,88,73,77,78,24,Yes,No,6.6,70
3581,Male,7.2,84,69,72,75,26,Yes,No,6.5,73
3582,Female,8.0,88,82,85,83,23,Yes,Yes,7.9,77
3583,Female,6.4,83,82,83,72,25,Yes,Yes,7.3,68
3584,Male,6.4,86,80,82,72,23,Yes,Yes,6.4,73
3585,Female,7.0,89,73,82,71,25,Yes,Yes,7.0,75
3586,Male,6.7,88,81,75,82,24,Yes,No,6.7,74
3587,Male,7.9,81,77,79,79,25,Yes,Yes,7.5,75
3588,Male,7.5,83,76,74,78,24,Yes,No,6.4,70
3589,Male,6.2,89,82,83,84,26,Yes,Yes,7.7,76
3590,Male,6.3,88,73,76,85,22,Yes,Yes,6.6,68
3591,Male,6.4,81,73,83,81,22,Yes,Yes,7.7,67
3592,Female,6.1,84,72,72,84,24,Yes,No,7.1,73
3593,Male,6.7,88,72,82,80,24,Yes,No,6.8,76
3594,Male,6.7,84,69,77,73,22,Yes,No,6.8,72
3595,Male,6.8,90,69,75,70,24,Yes,Yes,7.9,76
3596,Female,7.4,81,68,73,74,22,Yes,No,7.3,68
3597,Male,6.8,88,82,76,74,26,Yes,Yes,6.2,76
3598,Female,6.3,86,81,84,74,21,Yes,Yes,7.1,73
3599,Male,7.5,80,73,79,74,26,Yes,No,7.6,75
3600,Female,7.1,87,68,78,75,22,Yes,Yes,6.1,73
3601,Female,7.1,89,75,76,78,22,Yes,No,7.1,68
3602,Male,6.6,82,82,73,80,26,Yes,Yes,8.0,77
3603,Male,7.8,88,74,72,82,21,Yes,Yes,6.6,68
3604,Female,6.5,86,80,83,79,24,Yes,No,6.5,75
3605,Male,6.1,89,68,80,72,26,Yes,Yes,7.0,75
3606,Male,6.4,81,82,84,80,26,Yes,No,7.7,73
3607,Male,7.1,88,75,84,81,24,Yes,Yes,7.4,77
3608,Male,7.3,80,74,76,74,25,Yes,No,6.0,69
3609,Female,7.1,80,82,80,85,25,Yes,Yes,6.6,76
3610,Female,7.5,89,68,78,70,22,Yes,Yes,6.7,75
3611,Female,7.5,88,70,81,79,21,Yes,Yes,7.2,75
3612,Male,7.9,83,72,86,74,25,Yes,Yes,6.5,72
3613,Male,6.9,90,68,82,77,22,Yes,No,7.3,71
3614,Male,7.7,88,74,88,83,23,Yes,Yes,6.8,75
3615,Male,6.7,90,78,77,75,25,Yes,Yes,7.8,75
3616,Male,7.1,82,71,83,76,21,Yes,Yes,6.9,72
3617,Male,7.4,86,75,85,85,25,Yes,Yes,6.0,73
3618,Female,7.0,84,79,80,80,25,Yes,No,6.9,70
3619,Male,6.2,87,73,83,80,25,Yes,No,7.3,76
3620,Female,7.9,81,78,74,79,25,Yes,Yes,6.8,78
3621,Male,7.5,90,69,87,83,23,Yes,No,6.7,71
3622,Female,6.1,85,80,85,79,21,Yes,No,7.2,71
3623,Female,7.8,80,77,78,81,26,Yes,Yes,7.0,71
3624,Male,7.6,80,69,82,85,26,Yes,No,7.3,70
3625,Female,7.5,83,72,77,85,24,Yes,Yes,6.8,68
3626,Female,7.9,90,81,88,71,23,No,No,6.0,71
3627,Male,6.1,85,81,79,84,26,Yes,No,6.5,76
3628,Female,6.2,85,73,80,78,24,Yes,Yes,7.8,70
3629,Male,6.1,86,75,80,82,26,Yes,No,7.4,73
3630,Female,7.5,86,82,81,72,21,Yes,No,7.2,69
3631,Male,7.6,85,79,73,75,21,Yes,Yes,7.8,71
3632,Male,7.1,80,78,87,84,23,Yes,No,7.7,73
3633,Female,6.8,86,72,78,81,24,Yes,Yes,7.0,73
3634,Female,6.0,88,77,72,85,23,Yes,No,6.2,74
3635,Male,6.9,85,73,74,74,25,Yes,No,7.4,71
3636,Male,7.2,82,73,78,73,24,Yes,Yes,7.8,73
3637,Male,7.0,90,73,87,78,24,No,Yes,6.9,71
3638,Female,7.0,85,73,81,78,26,Yes,No,7.6,71
3639,Male,7.1,90,75,75,80,24,No,Yes,7.6,70
3640,Male,7.5,80,75,84,77,23,Yes,Yes,7.7,71
3641,Male,6.9,80,78,73,73,21,Yes,Yes,7.9,73
3642,Male,7.5,89,72,79,72,26,Yes,Yes,6.5,74
3643,Female,7.9,87,76,82,82,23,Yes,Yes,6.2,72
3644,Female,6.6,86,76,82,81,24,Yes,Yes,6.4,74
3645,Female,7.1,85,73,72,81,24,Yes,Yes,7.5,71
3646,Male,7.3,86,68,76,78,26,Yes,No,7.3,76
3647,Male,6.4,90,80,81,84,21,No,Yes,6.6,71
3648,Male,7.3,81,72,87,85,26,Yes,Yes,7.6,77
3649,Male,7.1,85,77,82,71,25,Yes,Yes,7.4,73
3650,Female,6.1,87,68,78,82,21,Yes,No,6.0,70
3651,Female,7.3,80,80,75,84,26,Yes,Yes,6.1,73
3652,Male,7.1,87,76,85,75,25,Yes,Yes,6.6,75
3653,Female,6.2,85,77,79,83,24,Yes,Yes,6.8,70
3654,Female,7.0,83,73,83,83,21,Yes,No,7.0,71
3655,Female,6.5,81,71,79,81,21,Yes,No,7.5,72
3656,Male,6.1,87,82,81,75,24,Yes,No,7.3,73
3657,Male,6.6,89,74,86,72,26,Yes,No,6.5,69
3658,Female,7.3,87,78,79,81,26,Yes,No,6.9,73
3659,Male,7.0,85,70,85,77,26,Yes,Yes,6.9,74
3660,Female,6.3,88,81,88,82,24,Yes,No,7.9,69
3661,Female,7.9,82,69,80,75,23,Yes,Yes,7.7,75
3662,Female,7.2,90,76,76,80,25,Yes,No,7.7,73
3663,Female,7.3,84,74,83,76,22,Yes,No,6.7,75
3664,Female,6.2,81,80,82,72,22,Yes,Yes,6.8,71
3665,Male,7.4,82,68,78,73,26,Yes,Yes,7.2,73
3666,Female,7.1,84,81,87,72,23,Yes,Yes,6.8,69
3667,Male,6.5,88,71,78,77,23,Yes,No,6.5,67
3668,Male,6.3,83,82,84,70,22,Yes,No,6.0,71
3669,Male,7.8,80,79,72,83,26,Yes,No,7.3,73
3670,Male,7.6,86,70,83,70,24,Yes,Yes,6.8,73
3671,Male,7.9,87,70,73,79,25,Yes,No,7.0,74
3672,Female,6.2,86,81,79,71,22,Yes,No,7.8,73
3673,Male,7.3,86,72,85,84,23,Yes,No,6.2,74
3674,Female,7.4,90,80,79,70,24,Yes,Yes,7.6,71
3675,Male,7.3,83,72,76,80,26,Yes,Yes,8.0,76
3676,Female,7.1,85,76,75,76,24,Yes,No,8.0,69
3677,Female,6.9,82,69,82,77,21,Yes,No,7.2,73
3678,Female,7.9,86,80,72,74,22,Yes,No,6.2,74
3679,Male,6.7,84,76,72,74,25,Yes,Yes,6.5,75
3680,Female,6.4,89,78,74,70,24,Yes,Yes,6.7,70
3681,Female,6.6,84,74,78,81,21,Yes,No,6.1,68
3682,Male,6.3,88,71,78,72,25,Yes,Yes,6.7,73
3683,Female,7.9,85,80,86,73,24,Yes,No,7.9,70
3684,Female,6.1,86,76,86,71,25,Yes,Yes,6.6,69
3685,Female,6.0,81,74,80,77,26,Yes,Yes,7.3,73
3686,Female,6.8,84,69,86,82,24,Yes,No,6.9,74
3687,Female,6.8,83,72,82,84,26,Yes,No,7.3,77
3688,Male,7.5,80,71,79,75,23,Yes,Yes,7.2,71
3689,Female,7.8,84,81,82,73,21,Yes,Yes,6.6,70
3690,Male,7.5,83,81,75,72,23,Yes,No,6.8,76
3691,Female,7.0,87,77,83,79,24,Yes,Yes,6.8,69
3692,Male,7.9,89,75,84,79,24,Yes,No,6.7,75
3693,Female,6.3,89,80,86,74,22,Yes,Yes,6.8,73
3694,Male,6.5,90,68,78,70,25,Yes,No,7.0,74
3695,Male,7.5,80,81,85,82,26,No,No,7.2,75
3696,Male,6.1,88,70,85,85,21,Yes,No,7.2,74
3697,Female,6.9,85,75,73,76,25,Yes,Yes,7.1,76
3698,Female,7.0,89,70,86,72,26,Yes,No,7.6,69
3699,Female,6.2,88,77,85,75,22,Yes,Yes,7.3,67
3700,Female,6.6,82,71,78,77,21,Yes,Yes,7.6,68
3701,Male,6.0,86,81,72,82,25,Yes,No,8.0,71
3702,Male,6.8,85,78,76,76,23,No,No,6.9,76
3703,Male,7.2,81,70,88,80,22,Yes,No,7.0,75
3704,Male,7.7,84,72,88,80,23,Yes,Yes,7.1,76
3705,Female,7.9,90,80,88,70,23,Yes,Yes,6.3,72
3706,Male,6.6,87,74,81,74,23,Yes,Yes,6.7,68
3707,Female,7.1,90,75,84,70,26,Yes,Yes,6.4,71
3708,Male,7.8,87,68,74,80,25,Yes,No,6.8,72
3709,Female,7.1,87,77,88,85,22,Yes,Yes,7.8,73
3710,Female,6.5,82,80,81,81,24,Yes,No,6.3,76
3711,Male,6.6,81,74,72,77,22,Yes,Yes,7.5,72
3712,Female,6.6,80,70,88,85,23,Yes,Yes,6.7,68
3713,Female,7.4,90,80,72,72,26,Yes,Yes,7.8,73
3714,Male,6.1,84,76,87,74,26,Yes,Yes,7.7,69
3715,Male,6.8,82,81,86,80,26,Yes,Yes,7.5,76
3716,Male,7.4,89,75,80,78,22,Yes,No,7.7,70
3717,Male,6.6,88,82,78,76,21,Yes,Yes,7.1,70
3718,Female,7.4,83,74,72,83,21,No,No,7.6,75
3719,Female,6.5,86,75,74,78,26,Yes,Yes,7.3,72
3720,Male,6.0,85,68,75,83,24,Yes,No,7.2,75
3721,Male,7.2,85,69,76,71,21,Yes,Yes,7.7,68
3722,Female,7.4,89,75,72,78,25,Yes,No,7.3,71
3723,Female,7.2,81,73,83,80,21,Yes,Yes,6.2,75
3724,Male,6.2,89,70,72,84,23,Yes,No,7.7,71
3725,Male,8.0,84,82,77,79,25,Yes,No,7.6,78
3726,Male,6.8,85,77,74,77,26,Yes,Yes,6.1,71
3727,Female,7.5,90,74,86,85,22,Yes,Yes,7.8,71
3728,Male,6.4,85,81,81,84,25,Yes,Yes,7.0,74
3729,Male,6.7,86,80,81,77,25,Yes,No,7.7,75
3730,Male,7.5,83,72,72,79,22,Yes,Yes,6.6,73
3731,Female,7.4,89,72,72,72,24,Yes,Yes,7.4,72
3732,Male,6.6,82,74,84,74,22,Yes,Yes,6.7,72
3733,Male,6.8,89,71,73,72,26,Yes,Yes,7.9,77
3734,Male,6.3,83,69,75,84,22,No,No,7.6,70
3735,Female,7.0,85,74,72,70,26,No,Yes,6.1,71
3736,Female,6.4,85,77,88,78,24,Yes,No,7.6,69
3737,Male,7.7,90,80,82,83,26,No,No,6.8,77
3738,Male,8.0,83,81,72,75,22,Yes,Yes,6.9,77
3739,Male,7.5,83,74,82,70,21,No,No,7.4,68
3740,Male,6.9,87,74,74,79,23,Yes,Yes,6.3,72
3741,Female,6.6,90,68,81,75,26,Yes,No,6.5,72
3742,Male,7.5,87,73,80,77,25,Yes,Yes,6.4,71
3743,Female,6.6,83,79,77,81,22,Yes,No,7.0,72
3744,Female,6.5,88,69,79,77,21,Yes,Yes,7.9,68
3745,Male,6.1,83,74,81,73,22,Yes,Yes,6.3,74
3746,Female,7.3,88,73,78,84,22,Yes,No,6.1,70
3747,Male,6.8,82,71,76,80,21,Yes,Yes,7.6,71
3748,Male,6.6,87,68,80,71,23,Yes,No,6.3,75
3749,Female,6.6,81,77,77,81,23,Yes,Yes,7.7,69
3750,Male,7.9,88,69,74,77,26,Yes,No,7.9,72
3751,Male,5.2,74,58,57,69,21,Yes,Yes,6.7,53
3752,Female,4.1,68,62,68,57,17,Yes,No,6.9,51
3753,Female,5.5,78,53,68,54,22,Yes,Yes,6.7,62
3754,Female,3.7,69,50,55,64,19,Yes,Yes,6.9,55
3755,Male,3.9,77,66,66,70,19,No,Yes,6.2,59
3756,Male,5.1,78,50,71,51,21,Yes,No,6.5,52
3757,Male,5.3,78,53,56,56,20,Yes,Yes,5.3,60
3758,Male,3.1,77,53,67,57,20,No,No,6.0,57
3759,Male,3.3,76,63,56,61,21,Yes,No,5.1,61
3760,Female,5.3,70,62,70,55,20,Yes,Yes,5.1,60
3761,Male,5.5,68,59,69,54,21,Yes,No,5.4,55
3762,Male,4.4,72,50,72,57,16,Yes,Yes,6.5,60
3763,Female,3.3,73,61,64,69,20,Yes,Yes,5.4,58
3764,Male,3.8,66,63,67,66,20,Yes,No,6.4,59
3765,Female,5.3,68,52,68,59,18,Yes,No,5.9,56
3766,Female,6.0,72,52,71,51,21,No,No,6.3,55
3767,Male,3.4,76,63,65,56,17,Yes,Yes,6.5,58
3768,Female,5.0,68,62,70,67,19,Yes,Yes,5.2,54
3769,Male,4.6,69,50,58,54,18,Yes,Yes,6.3,51
3770,Female,4.0,65,51,65,59,20,Yes,No,7.0,59
3771,Male,4.7,80,62,69,57,20,Yes,Yes,6.0,54
3772,Male,3.6,71,59,62,66,17,Yes,No,6.5,49
3773,Female,3.9,75,55,64,69,17,Yes,Yes,7.0,58
3774,Female,3.9,73,63,67,54,20,Yes,Yes,6.2,54
3775,Female,3.5,75,54,69,60,21,Yes,Yes,5.8,50
3776,Male,3.4,74,51,66,62,21,Yes,Yes,5.9,52
3777,Male,4.6,66,58,58,66,22,Yes,Yes,6.3,61
3778,Male,4.2,66,67,58,55,17,Yes,No,6.2,58
3779,Female,4.9,66,68,72,62,22,Yes,No,5.4,53
3780,Male,4.8,74,59,64,54,16,Yes,No,5.3,54
3781,Female,3.6,67,57,69,57,19,Yes,Yes,5.2,56
3782,Female,5.5,68,67,56,54,19,Yes,Yes,6.4,62
3783,Female,4.8,72,68,68,50,19,No,No,5.2,56
3784,Female,5.6,68,53,59,60,22,Yes,Yes,6.9,63
3785,Female,4.2,71,59,57,51,17,No,No,5.5,54
3786,Male,4.5,68,67,58,59,16,Yes,No,6.9,55
3787,Male,3.5,68,64,55,59,18,No,Yes,5.9,58
3788,Female,5.4,77,64,58,59,21,Yes,No,6.6,60
3789,Male,3.3,76,62,63,60,19,No,Yes,5.3,52
3790,Female,4.8,66,64,63,50,17,No,No,5.4,58
3791,Female,3.0,72,57,58,57,19,Yes,No,6.5,60
3792,Female,5.9,67,50,67,50,17,No,Yes,5.3,58
3793,Female,5.1,66,61,70,62,17,Yes,Yes,5.2,50
3794,Male,4.9,74,63,58,55,18,Yes,No,5.5,51
3795,Female,3.2,79,59,71,62,19,Yes,No,6.2,60
3796,Female,4.5,67,64,55,70,17,Yes,Yes,5.8,51
3797,Male,5.4,65,52,69,65,22,Yes,No,6.7,61
3798,Male,4.8,71,51,69,66,16,Yes,Yes,5.2,50
3799,Male,5.5,66,58,55,55,16,No,Yes,5.5,55
3800,Male,4.0,78,64,63,57,17,Yes,Yes,5.5,59
3801,Female,6.0,75,61,60,57,20,Yes,Yes,7.0,61
3802,Male,4.1,65,51,64,69,21,No,Yes,6.6,61
3803,Male,5.9,71,62,58,69,19,No,No,6.3,60
3804,Male,3.6,74,63,59,58,20,No,Yes,6.0,52
3805,Male,5.5,77,60,62,69,17,Yes,Yes,6.7,58
3806,Male,5.1,72,58,61,53,22,No,Yes,6.0,63
3807,Male,4.3,76,61,72,70,16,Yes,No,6.0,54
3808,Female,3.4,68,62,59,60,16,Yes,No,5.8,59
3809,Male,5.3,77,59,67,56,22,Yes,Yes,6.2,64
3810,Female,5.0,75,61,70,50,22,Yes,Yes,6.7,63
3811,Male,4.4,68,67,67,62,21,Yes,Yes,6.2,54
3812,Female,4.0,70,62,56,50,16,Yes,Yes,6.3,50
3813,Male,4.3,78,52,69,56,20,Yes,Yes,5.5,55
3814,Male,5.6,65,51,72,66,17,Yes,Yes,6.3,53
3815,Male,5.5,66,67,67,65,17,Yes,Yes,5.4,54
3816,Male,4.6,80,64,62,70,19,Yes,Yes,6.7,58
3817,Female,4.8,69,52,71,67,17,Yes,Yes,6.8,49
3818,Female,4.6,77,59,58,65,19,Yes,No,5.1,55
3819,Female,3.8,68,63,62,63,20,Yes,No,5.4,61
3820,Male,4.3,65,57,59,57,22,Yes,No,6.2,52
3821,Male,3.4,69,62,69,53,17,No,Yes,5.8,60
3822,Female,4.8,75,55,60,60,17,Yes,Yes,6.8,57
3823,Female,5.3,72,63,72,63,20,Yes,Yes,5.2,53
3824,Male,3.7,78,58,55,69,21,Yes,No,6.0,56
3825,Male,4.0,76,51,67,55,22,Yes,Yes,6.0,60
3826,Male,4.7,69,50,63,62,17,No,No,5.9,51
3827,Female,4.2,65,56,59,56,18,Yes,No,6.0,50
3828,Male,4.0,80,64,62,64,22,Yes,Yes,6.1,63
3829,Male,5.3,67,68,59,58,21,Yes,No,5.9,53
3830,Male,6.0,79,50,61,66,19,Yes,Yes,5.3,58
3831,Female,5.6,68,53,60,61,20,Yes,Yes,5.6,54
3832,Female,4.6,76,62,62,51,21,Yes,Yes,6.9,54
3833,Male,4.5,72,55,58,51,19,Yes,Yes,6.4,59
3834,Female,3.7,78,61,64,67,18,Yes,No,5.3,50
3835,Female,4.9,65,67,64,54,20,Yes,Yes,5.9,52
3836,Female,4.5,78,56,67,60,16,No,Yes,5.3,55
3837,Female,3.1,76,52,56,66,16,No,No,6.2,58
3838,Female,4.3,70,56,56,50,17,Yes,No,5.8,57
3839,Male,3.1,72,50,61,58,21,Yes,Yes,5.3,54
3840,Male,5.4,68,63,59,67,16,Yes,No,6.7,52
3841,Female,3.4,78,62,72,65,21,Yes,No,6.4,51
3842,Male,3.8,73,58,57,50,19,Yes,Yes,5.2,56
3843,Female,3.1,74,59,65,67,16,No,Yes,5.2,50
3844,Male,4.7,78,55,71,50,20,No,Yes,5.3,52
3845,Male,5.5,78,68,68,53,21,Yes,No,6.4,56
3846,Male,5.1,76,55,62,55,17,Yes,No,6.3,60
3847,Male,6.0,79,59,62,61,18,Yes,No,6.5,57
3848,Female,5.8,71,61,56,53,16,Yes,Yes,5.2,56
3849,Male,4.5,78,55,69,64,21,Yes,Yes,6.1,61
3850,Male,3.2,79,58,72,68,16,Yes,Yes,6.9,48
3851,Female,5.4,65,68,70,53,22,Yes,Yes,6.1,53
3852,Female,3.5,72,61,65,59,21,Yes,No,6.5,62
3853,Male,4.7,79,60,69,65,20,Yes,No,6.2,52
3854,Male,6.0,72,50,64,60,19,No,Yes,5.8,53
3855,Female,5.3,68,52,67,50,20,Yes,Yes,6.1,57
3856,Female,5.4,68,61,60,55,16,Yes,Yes,6.6,53
3857,Female,3.2,71,58,69,63,21,Yes,Yes,6.5,52
3858,Male,3.8,68,53,62,68,20,Yes,Yes,6.5,59
3859,Male,5.1,66,57,61,66,21,Yes,Yes,6.0,61
3860,Female,4.5,77,66,58,67,22,Yes,Yes,6.5,56
3861,Female,3.2,65,50,70,57,19,No,Yes,6.2,60
3862,Female,4.4,73,59,63,53,22,Yes,Yes,6.9,60
3863,Female,5.2,69,62,65,59,21,No,Yes,5.5,60
3864,Female,5.1,65,58,62,60,20,Yes,No,6.3,60
3865,Male,5.9,66,64,68,61,20,Yes,Yes,6.7,60
3866,Male,4.0,67,62,70,66,18,Yes,No,7.0,53
3867,Female,5.5,71,51,69,70,21,Yes,Yes,5.2,60
3868,Female,5.6,71,60,55,70,21,Yes,Yes,5.0,61
3869,Male,3.4,71,66,65,59,16,Yes,Yes,5.5,52
3870,Female,3.4,75,51,60,57,16,Yes,Yes,6.5,50
3871,Female,4.4,75,60,58,59,20,No,No,5.9,55
3872,Male,3.7,80,65,57,59,19,No,Yes,6.6,56
3873,Female,3.9,76,64,56,54,16,No,No,5.1,50
3874,Female,4.3,74,58,66,68,18,Yes,No,6.6,57
3875,Male,4.7,72,52,59,65,21,Yes,No,6.5,51
3876,Female,5.2,68,54,60,54,20,Yes,No,6.3,50
3877,Female,4.3,76,57,55,58,18,Yes,No,5.7,55
3878,Female,3.6,75,63,55,65,19,Yes,Yes,6.0,60
3879,Female,3.7,69,65,68,56,20,Yes,No,6.4,51
3880,Female,3.1,70,57,67,68,19,Yes,Yes,6.4,51
3881,Female,3.6,70,54,56,68,19,Yes,Yes,5.7,55
3882,Male,5.3,66,63,69,50,21,No,Yes,5.1,57
3883,Male,3.6,71,58,64,69,16,Yes,No,5.9,60
3884,Female,4.1,67,67,61,57,22,Yes,No,6.4,55
3885,Female,4.7,77,54,58,50,22,Yes,Yes,5.7,51
3886,Female,5.8,66,51,72,54,17,No,No,6.0,58
3887,Female,4.4,66,60,64,69,20,Yes,Yes,5.6,61
3888,Female,3.2,71,54,60,66,22,Yes,Yes,6.4,50
3889,Male,4.3,66,59,63,63,21,Yes,Yes,5.8,60
3890,Male,4.5,65,68,68,50,21,No,Yes,5.9,56
3891,Female,5.8,75,55,66,64,17,Yes,Yes,5.9,59
3892,Female,3.0,65,58,68,60,19,Yes,No,5.9,49
3893,Female,5.9,69,67,64,54,19,Yes,No,6.0,63
3894,Female,5.7,67,62,63,53,19,Yes,Yes,5.1,57
3895,Male,4.9,78,51,65,62,21,Yes,Yes,6.4,61
3896,Female,5.1,77,62,64,65,22,No,No,6.2,59
3897,Male,5.7,70,58,59,67,21,Yes,No,5.7,58
3898,Male,5.4,67,68,57,69,20,Yes,Yes,6.4,62
3899,Female,5.8,68,65,55,66,22,Yes,Yes,6.4,60
3900,Female,4.1,66,65,69,70,16,Yes,No,6.4,50
3901,Male,3.9,72,63,72,68,18,Yes,No,6.5,61
3902,Female,4.9,74,63,57,51,18,Yes,Yes,6.9,51
3903,Female,3.2,80,51,58,65,20,Yes,Yes,6.5,49
3904,Male,3.4,74,68,70,55,21,Yes,No,6.5,55
3905,Male,6.0,70,65,66,69,22,Yes,Yes,6.2,58
3906,Male,4.9,78,60,69,59,18,Yes,No,6.7,53
3907,Male,5.0,70,51,64,52,19,No,Yes,5.6,56
3908,Male,5.8,76,52,61,57,19,Yes,No,6.9,62
3909,Male,5.4,77,68,69,62,20,Yes,Yes,5.2,59
3910,Male,4.0,67,64,64,69,21,Yes,No,5.1,57
3911,Female,4.5,67,58,63,68,20,Yes,No,5.1,51
3912,Male,4.5,70,59,56,61,19,Yes,Yes,5.5,56
3913,Male,3.6,73,61,62,60,17,Yes,No,6.9,60
3914,Male,3.3,66,66,66,52,20,No,Yes,5.5,57
3915,Female,3.2,76,68,68,53,20,Yes,Yes,6.3,51
3916,Female,5.0,65,51,59,54,21,Yes,Yes,6.7,55
3917,Male,5.0,69,50,65,60,18,Yes,No,6.1,52
3918,Female,5.2,69,52,64,65,21,No,Yes,5.5,61
3919,Female,3.0,70,68,62,64,16,Yes,Yes,6.0,58
3920,Female,3.2,78,52,69,55,19,Yes,Yes,5.7,49
3921,Male,4.9,70,63,69,63,20,Yes,No,6.8,61
3922,Female,5.8,75,59,63,60,20,Yes,No,5.5,60
3923,Female,3.8,68,54,61,63,16,No,Yes,6.4,59
3924,Female,4.0,67,68,61,58,19,Yes,Yes,6.8,60
3925,Male,5.5,74,59,70,69,17,Yes,No,5.8,57
3926,Male,5.9,78,67,67,54,21,No,Yes,5.3,57
3927,Male,3.1,78,60,63,66,16,Yes,No,6.7,52
3928,Male,5.1,79,59,62,57,16,No,No,5.4,58
3929,Male,3.2,78,55,64,59,19,Yes,No,6.7,56
3930,Male,5.4,68,54,57,56,20,Yes,Yes,6.4,60
3931,Female,4.6,66,62,68,52,18,Yes,No,6.4,55
3932,Male,4.5,77,57,66,63,18,Yes,No,6.4,55
3933,Male,3.5,70,60,59,52,17,Yes,No,6.8,58
3934,Female,5.7,75,58,67,68,21,Yes,Yes,6.2,58
3935,Male,6.0,74,64,56,60,17,Yes,Yes,5.1,52
3936,Male,5.4,79,52,60,56,21,Yes,Yes,5.3,51
3937,Male,4.6,74,54,69,65,20,Yes,No,5.8,58
3938,Female,4.6,77,50,62,54,16,Yes,No,6.0,57
3939,Female,4.3,67,50,68,55,21,No,Yes,6.1,54
3940,Male,5.4,76,65,62,60,19,Yes,Yes,5.3,54
3941,Male,3.2,75,56,65,66,18,Yes,Yes,6.4,58
3942,Female,5.3,72,54,60,67,18,Yes,No,6.6,58
3943,Male,5.4,66,54,65,60,18,Yes,No,5.6,58
3944,Female,5.7,79,51,64,53,16,Yes,Yes,5.8,60
3945,Male,4.9,74,62,69,57,20,Yes,Yes,5.8,57
3946,Male,5.9,73,66,63,63,19,Yes,Yes,6.5,55
3947,Male,5.9,70,59,72,69,18,Yes,No,5.7,59
3948,Female,5.7,72,58,65,68,22,Yes,No,6.2,57
3949,Male,4.5,65,67,65,56,16,Yes,No,5.2,50
3950,Male,4.7,65,53,62,66,19,No,Yes,5.2,57
3951,Male,4.1,66,60,72,52,16,No,No,6.1,48
3952,Male,3.6,73,56,65,62,19,Yes,Yes,5.0,58
3953,Male,3.2,75,62,66,69,19,Yes,No,6.3,56
3954,Male,4.1,80,60,65,69,20,Yes,Yes,5.7,57
3955,Female,5.7,72,62,59,68,21,No,No,6.3,60
3956,Male,5.6,74,52,72,57,20,Yes,No,5.7,54
3957,Female,3.4,66,64,71,70,20,Yes,No,5.3,51
3958,Female,5.6,70,52,64,61,19,No,No,5.6,56
3959,Female,3.1,69,65,67,69,18,Yes,Yes,5.9,49
3960,Male,3.6,76,57,60,52,22,Yes,Yes,5.3,56
3961,Female,4.7,78,57,64,70,22,Yes,No,6.6,52
3962,Male,5.5,66,61,60,61,19,Yes,Yes,6.1,62
3963,Male,5.8,80,58,57,54,22,Yes,Yes,6.8,57
3964,Male,3.0,67,53,61,59,21,No,No,6.9,53
3965,Male,4.4,71,56,68,55,19,No,No,5.9,58
3966,Female,3.9,69,53,58,54,16,Yes,Yes,6.5,59
3967,Male,4.5,72,51,57,59,20,Yes,Yes,6.7,60
3968,Male,4.7,67,68,67,63,18,Yes,Yes,6.6,53
3969,Male,5.0,66,66,59,52,21,No,Yes,5.4,57
3970,Female,3.3,69,57,68,70,19,Yes,No,6.0,55
3971,Male,3.0,71,67,57,69,16,Yes,No,6.8,57
3972,Female,3.3,71,55,55,57,18,Yes,No,6.9,53
3973,Female,3.2,80,62,66,51,22,Yes,Yes,6.4,59
3974,Female,4.1,79,54,62,52,22,Yes,No,5.8,54
3975,Male,5.0,67,52,56,60,22,Yes,No,6.8,59
3976,Male,5.6,71,51,68,62,22,Yes,Yes,5.9,52
3977,Female,4.2,77,62,62,54,22,No,No,5.5,60
3978,Male,5.2,75,66,55,50,20,Yes,No,6.0,52
3979,Female,3.6,70,56,64,56,22,Yes,No,5.1,57
3980,Female,3.9,71,55,62,64,18,No,No,6.2,49
3981,Male,5.7,69,61,72,60,21,Yes,Yes,5.5,58
3982,Male,5.7,78,50,61,59,20,Yes,Yes,6.7,55
3983,Male,4.6,80,56,67,68,22,Yes,No,6.3,54
3984,Male,3.8,72,63,63,64,18,Yes,Yes,6.0,57
3985,Male,4.6,80,58,58,62,17,Yes,Yes,6.0,51
3986,Male,3.3,75,61,60,68,19,No,No,6.0,50
3987,Female,3.0,68,53,63,58,22,Yes,No,5.2,58
3988,Male,5.1,77,52,57,63,20,Yes,Yes,5.8,52
3989,Female,5.6,77,52,57,66,20,Yes,No,5.3,51
3990,Female,4.1,76,58,60,62,20,No,No,6.9,57
3991,Female,4.5,67,58,55,56,18,Yes,No,6.8,54
3992,Female,5.5,76,63,68,50,16,Yes,Yes,5.5,50
3993,Male,4.9,69,54,70,54,17,Yes,Yes,6.9,56
3994,Female,5.1,79,56,67,66,17,Yes,Yes,6.1,51
3995,Female,3.1,71,58,55,69,20,Yes,Yes,5.2,56
3996,Male,3.6,73,50,62,58,22,No,Yes,6.1,55
3997,Female,5.4,66,50,68,55,22,Yes,Yes,6.0,62
3998,Male,5.6,68,59,60,69,18,Yes,Yes,5.5,62
3999,Female,3.9,67,65,66,63,17,Yes,No,5.9,52
4000,Male,4.2,67,64,61,58,18,No,Yes,5.9,55
4001,Male,3.9,68,63,61,67,17,Yes,No,6.6,57
4002,Male,5.2,66,51,57,64,16,Yes,No,5.9,50
4003,Male,4.9,75,64,67,52,21,Yes,Yes,6.5,52
4004,Female,4.7,67,59,60,70,21,Yes,No,6.8,55
4005,Female,5.4,71,56,70,55,21,Yes,No,6.1,60
4006,Female,4.7,68,56,56,54,19,No,Yes,6.8,57
4007,Female,3.3,67,60,71,67,17,No,No,6.8,50
4008,Female,3.2,65,65,58,53,19,Yes,Yes,5.2,54
4009,Female,5.1,67,53,71,57,16,Yes,No,6.5,57
4010,Female,5.2,74,65,61,66,20,Yes,Yes,6.7,58
4011,Male,5.9,80,64,55,51,19,Yes,No,6.1,53
4012,Male,4.0,68,55,57,70,21,Yes,Yes,6.5,50
4013,Male,4.4,66,63,67,63,21,Yes,No,5.0,61
4014,Female,4.6,71,68,66,64,16,Yes,Yes,5.8,57
4015,Male,5.5,71,65,55,68,22,Yes,No,7.0,61
4016,Male,4.6,66,66,71,63,21,Yes,No,6.4,59
4017,Male,5.4,66,68,71,57,18,Yes,Yes,6.0,62
4018,Male,4.5,74,67,69,63,21,Yes,No,5.4,59
4019,Female,5.4,73,60,67,60,19,Yes,Yes,5.3,60
4020,Female,3.3,70,66,58,64,20,Yes,No,5.5,59
4021,Female,3.6,75,54,59,51,17,Yes,No,5.9,51
4022,Female,3.2,69,62,63,61,17,Yes,No,6.9,55
4023,Female,4.8,66,64,63,51,21,Yes,No,5.8,57
4024,Male,3.4,69,58,69,62,21,Yes,Yes,6.0,52
4025,Male,4.4,65,51,66,56,19,Yes,Yes,6.4,57
4026,Male,4.3,71,58,59,54,20,Yes,Yes,6.9,57
4027,Male,4.4,72,65,60,55,18,No,No,6.5,53
4028,Male,5.2,66,50,72,68,18,Yes,Yes,5.3,53
4029,Female,3.6,79,50,63,56,17,Yes,No,5.5,52
4030,Male,4.6,76,62,57,54,18,Yes,No,6.3,60
4031,Male,4.3,76,53,70,63,20,Yes,Yes,6.3,61
4032,Male,3.9,76,59,64,54,16,Yes,No,5.7,59
4033,Male,4.3,65,60,61,54,21,Yes,Yes,6.6,54
4034,Female,4.9,73,54,71,67,17,Yes,Yes,6.3,60
4035,Male,4.8,79,66,61,56,16,Yes,No,6.4,50
4036,Male,5.3,78,61,66,52,21,Yes,Yes,6.4,52
4037,Male,4.3,77,51,67,70,19,Yes,Yes,5.4,55
4038,Female,5.6,78,57,59,67,20,No,No,5.7,63
4039,Male,3.7,75,55,64,54,22,Yes,Yes,5.9,53
4040,Male,4.7,77,57,69,59,17,Yes,No,6.1,57
4041,Male,4.8,74,50,61,67,20,Yes,No,5.7,56
4042,Female,3.6,80,51,71,65,17,No,Yes,5.1,51
4043,Male,5.2,79,56,67,62,17,Yes,Yes,6.4,53
4044,Female,3.6,70,55,61,59,20,Yes,No,5.9,60
4045,Male,4.3,77,50,58,68,16,Yes,Yes,5.1,48
4046,Female,4.2,65,64,61,54,19,Yes,Yes,5.6,58
4047,Male,4.8,73,52,70,63,22,Yes,No,5.1,63
4048,Male,3.3,78,59,66,70,20,Yes,Yes,5.2,55
4049,Female,5.1,78,63,64,58,19,Yes,No,6.6,55
4050,Female,5.2,75,54,71,68,16,Yes,Yes,6.3,57
4051,Female,4.7,79,67,64,64,19,Yes,Yes,5.2,61
4052,Male,3.7,73,61,56,69,22,Yes,Yes,5.8,57
4053,Male,3.5,75,51,59,57,16,Yes,No,6.0,58
4054,Female,3.8,72,59,62,61,18,Yes,No,6.1,61
4055,Female,3.6,68,61,67,51,22,Yes,No,5.5,59
4056,Male,3.6,74,63,64,62,19,No,Yes,5.0,55
4057,Male,3.8,73,64,68,68,16,Yes,Yes,6.3,50
4058,Male,3.3,75,51,62,68,22,Yes,Yes,6.4,56
4059,Male,5.1,67,68,56,51,22,Yes,Yes,6.7,54
4060,Female,3.6,76,54,72,63,21,No,No,6.4,57
4061,Male,4.5,75,50,55,55,20,Yes,No,5.7,59
4062,Male,3.3,65,52,60,59,22,Yes,Yes,5.7,58
4063,Male,5.7,66,62,57,69,18,Yes,No,6.2,61
4064,Male,4.9,76,51,66,60,16,Yes,Yes,6.2,60
4065,Male,4.6,67,66,68,65,16,Yes,No,6.0,60
4066,Male,4.8,71,55,72,61,16,Yes,Yes,6.0,51
4067,Female,3.6,69,52,61,58,20,Yes,No,5.7,52
4068,Male,3.1,66,56,70,52,19,No,Yes,6.0,58
4069,Female,3.8,65,62,67,53,16,Yes,Yes,6.4,51
4070,Female,5.2,72,51,67,68,22,Yes,No,5.7,53
4071,Female,3.5,68,67,68,51,22,Yes,Yes,6.3,61
4072,Male,5.6,72,57,61,51,17,Yes,Yes,5.6,61
4073,Female,3.2,69,57,58,59,22,Yes,No,6.3,61
4074,Female,5.5,77,53,67,67,16,Yes,No,6.9,56
4075,Male,3.2,66,56,68,50,20,Yes,No,5.2,54
4076,Female,3.8,78,51,72,52,21,No,Yes,6.2,52
4077,Female,3.8,75,58,63,68,18,No,No,5.1,57
4078,Male,5.5,66,63,59,64,18,Yes,No,5.7,58
4079,Male,4.7,66,65,63,54,20,Yes,Yes,7.0,52
4080,Female,3.9,76,64,69,63,17,No,Yes,5.6,53
4081,Male,4.8,76,56,56,53,19,Yes,Yes,6.9,55
4082,Male,3.4,74,62,71,60,20,No,Yes,6.8,52
4083,Female,5.9,67,53,67,62,17,Yes,Yes,6.5,60
4084,Female,3.9,69,58,67,67,20,Yes,Yes,6.8,58
4085,Female,4.2,77,55,70,65,22,Yes,No,6.4,52
4086,Male,5.5,80,54,61,52,21,Yes,No,6.9,58
4087,Male,4.0,75,62,56,50,20,Yes,No,5.6,60
4088,Male,4.4,68,61,56,60,22,Yes,No,5.3,58
4089,Male,3.6,68,66,63,61,19,Yes,Yes,5.0,61
4090,Male,3.7,69,53,55,69,16,Yes,No,6.8,59
4091,Female,5.2,73,52,63,50,22,Yes,No,6.8,60
4092,Male,5.0,79,65,72,54,21,No,Yes,6.7,53
4093,Male,4.3,69,57,57,56,19,Yes,No,6.2,60
4094,Male,5.9,77,54,64,55,19,Yes,No,5.7,59
4095,Female,4.1,80,64,64,61,22,Yes,No,5.3,55
4096,Female,3.6,80,54,65,59,18,Yes,No,6.5,51
4097,Male,3.2,79,66,72,55,20,No,Yes,5.1,51
4098,Male,3.7,70,66,70,55,16,Yes,Yes,7.0,57
4099,Female,5.7,66,67,59,67,20,Yes,Yes,6.9,57
4100,Male,3.2,69,51,70,60,17,Yes,No,5.1,51
4101,Male,3.3,69,62,59,53,21,Yes,No,6.3,59
4102,Female,3.8,73,57,55,70,22,Yes,No,5.2,58
4103,Male,4.1,77,59,66,64,18,No,Yes,5.5,53
4104,Male,3.3,68,61,62,57,22,Yes,Yes,5.5,55
4105,Male,5.5,79,50,57,50,22,Yes,No,5.1,55
4106,Female,4.8,80,61,72,61,22,Yes,No,6.1,60
4107,Male,5.5,80,66,67,51,21,Yes,Yes,7.0,55
4108,Male,4.5,73,56,69,63,17,Yes,Yes,6.0,58
4109,Female,5.9,71,56,58,55,17,Yes,No,5.4,61
4110,Female,5.8,79,50,64,64,17,Yes,No,6.4,56
4111,Male,3.9,80,65,63,50,19,Yes,Yes,5.0,57
4112,Female,4.2,65,64,67,54,17,Yes,Yes,6.7,59
4113,Female,5.4,69,53,61,66,19,Yes,No,6.7,61
4114,Male,5.3,69,63,63,56,20,Yes,No,5.4,51
4115,Male,4.9,78,68,60,51,19,Yes,Yes,5.8,58
4116,Male,6.0,68,55,61,58,21,No,Yes,6.8,55
4117,Female,4.7,67,53,71,59,22,Yes,No,6.6,58
4118,Male,3.5,65,62,62,64,20,Yes,Yes,6.4,59
4119,Male,5.4,73,66,58,52,21,Yes,Yes,5.8,58
4120,Male,4.7,73,55,57,69,17,Yes,No,6.0,53
4121,Male,3.6,77,60,70,55,19,Yes,Yes,5.8,57
4122,Female,4.7,76,67,68,52,17,Yes,No,6.7,55
4123,Male,4.8,72,67,55,67,21,Yes,Yes,6.1,57
4124,Male,5.6,71,56,55,65,22,Yes,No,5.8,58
4125,Male,3.2,68,60,64,66,16,Yes,Yes,5.6,51
4126,Male,4.5,70,52,63,68,20,Yes,Yes,5.0,50
4127,Male,5.3,73,64,55,59,22,Yes,Yes,6.3,63
4128,Male,3.7,65,62,69,69,20,Yes,No,5.8,54
4129,Female,4.8,77,53,56,55,22,No,No,5.4,54
4130,Male,3.2,77,68,69,55,18,No,Yes,6.8,61
4131,Male,4.1,79,56,60,65,19,Yes,No,5.0,52
4132,Female,5.5,79,65,61,70,22,Yes,No,5.4,61
4133,Male,4.5,78,66,72,67,22,No,No,6.3,62
4134,Female,5.8,75,65,61,61,20,Yes,Yes,5.8,61
4135,Female,6.0,78,58,63,65,16,Yes,No,5.3,54
4136,Female,5.0,76,62,63,60,20,Yes,Yes,5.9,58
4137,Female,5.9,67,61,66,70,22,Yes,Yes,6.5,57
4138,Male,4.9,69,58,55,61,17,Yes,No,5.9,52
4139,Male,5.0,77,60,62,70,20,Yes,No,5.5,51
4140,Male,3.8,66,65,71,50,18,Yes,Yes,5.5,53
4141,Male,5.8,71,55,58,57,19,Yes,Yes,6.2,56
4142,Male,5.4,65,65,62,64,17,No,No,5.1,55
4143,Male,3.7,73,50,65,53,16,Yes,No,6.6,50
4144,Female,5.6,79,68,68,56,17,Yes,Yes,6.8,58
4145,Male,3.8,77,63,56,57,17,Yes,No,6.7,51
4146,Female,3.8,75,54,56,68,18,Yes,Yes,6.6,50
4147,Male,3.5,80,63,56,65,22,No,Yes,6.1,62
4148,Female,5.9,73,68,69,65,20,Yes,No,6.3,56
4149,Male,4.3,73,58,61,60,19,Yes,Yes,6.7,56
4150,Male,4.6,71,60,55,61,21,Yes,Yes,6.5,54
4151,Female,3.1,77,66,70,60,19,Yes,No,6.5,50
4152,Female,5.8,70,57,67,53,22,Yes,No,5.4,54
4153,Male,3.8,74,53,61,57,19,Yes,Yes,5.8,59
4154,Female,4.5,67,51,67,70,18,Yes,No,5.2,49
4155,Male,3.1,79,66,61,67,21,Yes,No,6.3,59
4156,Female,5.4,72,58,71,61,19,Yes,Yes,5.4,57
4157,Female,5.6,73,54,70,55,20,No,No,5.1,51
4158,Male,4.7,72,62,63,57,21,Yes,Yes,6.9,59
4159,Female,5.2,73,58,63,51,20,Yes,Yes,6.1,62
4160,Male,3.1,70,51,69,70,18,Yes,No,5.9,54
4161,Male,3.4,76,55,61,70,16,Yes,No,6.8,59
4162,Female,3.1,70,57,66,62,18,Yes,Yes,5.5,48
4163,Male,5.4,73,51,60,64,17,Yes,Yes,6.8,50
4164,Male,3.6,75,50,55,59,17,Yes,Yes,5.4,58
4165,Male,5.8,69,51,64,66,22,Yes,Yes,5.2,52
4166,Female,5.7,76,59,71,59,21,Yes,Yes,5.9,62
4167,Female,4.8,71,68,71,54,18,No,Yes,6.7,56
4168,Male,4.1,67,67,60,65,17,Yes,No,6.7,53
4169,Female,5.6,76,53,71,60,17,Yes,Yes,6.7,57
4170,Female,4.0,75,68,56,57,16,Yes,Yes,6.9,51
4171,Female,5.5,73,66,69,62,16,Yes,No,6.4,56
4172,Male,4.5,74,68,58,60,21,Yes,No,5.1,62
4173,Male,4.2,74,51,62,60,16,Yes,Yes,5.9,56
4174,Female,4.8,71,61,65,66,20,Yes,Yes,5.2,52
4175,Male,4.3,75,59,69,64,21,Yes,No,6.0,60
4176,Male,4.1,68,54,61,66,19,Yes,Yes,5.3,55
4177,Male,4.8,65,65,56,59,22,Yes,Yes,5.7,58
4178,Female,4.7,78,64,63,53,19,No,No,5.9,54
4179,Female,3.4,75,61,62,60,16,Yes,Yes,6.9,57
4180,Female,4.1,68,54,59,65,17,Yes,Yes,6.4,56
4181,Male,5.8,76,53,61,58,16,Yes,Yes,6.0,50
4182,Male,4.0,72,59,66,61,20,Yes,Yes,6.9,57
4183,Female,4.3,71,56,66,65,21,Yes,Yes,6.9,58
4184,Female,5.3,74,68,57,50,20,Yes,No,5.8,52
4185,Male,3.3,75,65,72,60,22,Yes,Yes,5.3,62
4186,Female,4.2,77,51,62,52,21,Yes,Yes,6.4,51
4187,Female,5.9,66,61,66,67,17,Yes,Yes,6.2,52
4188,Male,3.5,70,62,64,51,16,Yes,No,6.2,52
4189,Male,3.7,66,55,55,57,20,No,No,6.1,58
4190,Male,4.7,71,66,64,59,19,Yes,Yes,6.0,58
4191,Male,5.2,73,54,55,67,17,Yes,No,5.6,51
4192,Male,4.3,80,58,59,63,18,No,Yes,5.5,50
4193,Female,5.3,70,65,68,63,17,No,Yes,5.9,56
4194,Male,4.3,74,58,60,59,19,Yes,Yes,6.1,51
4195,Female,4.2,71,68,65,57,16,Yes,Yes,6.6,55
4196,Female,3.6,73,50,59,70,19,Yes,Yes,6.6,60
4197,Female,3.8,77,62,68,66,16,No,No,6.9,51
4198,Male,3.7,69,58,67,67,19,No,Yes,5.3,50
4199,Male,4.5,73,51,67,52,17,Yes,No,6.0,58
4200,Female,4.5,72,51,63,60,18,Yes,Yes,6.2,55
4201,Female,5.5,79,66,67,67,21,Yes,Yes,5.0,59
4202,Female,5.7,80,63,63,70,18,Yes,Yes,6.9,56
4203,Male,3.5,66,61,68,53,18,Yes,No,6.9,55
4204,Male,3.5,66,59,59,52,21,No,Yes,6.0,58
4205,Male,5.6,69,51,62,60,16,Yes,No,6.3,50
4206,Female,5.4,78,61,58,57,17,Yes,Yes,5.6,60
4207,Male,4.9,71,55,60,68,20,No,Yes,6.7,60
4208,Female,3.6,80,68,56,58,17,Yes,Yes,5.4,59
4209,Male,5.8,67,65,56,51,18,Yes,Yes,5.3,62
4210,Male,4.4,74,68,68,61,20,Yes,Yes,6.2,57
4211,Male,4.1,78,53,58,59,17,Yes,Yes,5.6,58
4212,Male,4.9,80,61,58,57,16,Yes,No,5.9,49
4213,Male,3.3,79,59,65,56,22,Yes,Yes,5.9,56
4214,Female,3.1,72,52,59,64,18,Yes,No,5.5,49
4215,Male,4.1,66,55,62,56,19,Yes,Yes,5.2,57
4216,Male,4.3,69,58,69,60,18,Yes,No,5.7,57
4217,Female,5.0,77,65,56,54,19,Yes,No,6.4,53
4218,Male,5.7,78,67,70,51,19,Yes,Yes,6.2,58
4219,Male,5.9,67,66,57,62,19,Yes,Yes,6.7,63
4220,Male,4.1,71,68,62,57,16,Yes,No,6.3,56
4221,Male,5.9,78,60,70,51,19,Yes,No,6.2,55
4222,Male,3.1,73,55,67,58,19,Yes,Yes,6.5,55
4223,Male,3.4,66,59,57,70,16,Yes,Yes,5.6,53
4224,Male,3.1,72,56,64,62,22,Yes,No,5.7,54
4225,Male,5.3,65,60,70,61,21,Yes,Yes,5.6,60
4226,Male,3.4,73,57,69,64,16,No,No,6.3,51
4227,Male,5.5,73,64,56,53,22,Yes,Yes,5.4,64
4228,Male,5.6,80,52,69,70,22,Yes,Yes,6.7,59
4229,Female,4.1,79,61,56,61,20,Yes,No,5.2,55
4230,Male,5.9,76,61,57,62,20,Yes,Yes,6.5,55
4231,Male,4.5,71,62,64,70,19,Yes,Yes,5.1,62
4232,Male,4.2,74,61,59,60,20,Yes,Yes,5.4,57
4233,Female,5.6,77,61,55,68,18,Yes,No,5.8,51
4234,Female,4.3,70,64,58,68,21,Yes,No,6.6,59
4235,Female,5.4,67,53,72,63,20,Yes,Yes,6.7,51
4236,Male,4.3,65,68,57,68,18,Yes,No,6.7,50
4237,Male,3.1,71,54,70,62,21,Yes,No,5.3,50
4238,Male,4.4,80,65,56,52,18,No,No,6.3,58
4239,Male,5.6,68,53,65,63,21,Yes,No,6.3,63
4240,Male,5.9,79,56,65,69,18,Yes,Yes,5.8,62
4241,Male,3.4,76,53,61,61,19,Yes,No,5.5,60
4242,Female,4.1,66,65,66,53,19,Yes,No,5.9,55
4243,Female,4.1,68,67,59,53,19,Yes,Yes,6.5,55
4244,Male,4.5,72,61,65,70,20,Yes,Yes,5.6,61
4245,Male,5.3,70,61,59,51,22,Yes,Yes,5.2,55
4246,Male,4.3,68,54,67,65,16,Yes,No,6.2,59
4247,Female,3.6,72,51,61,70,16,Yes,Yes,5.5,58
4248,Male,4.0,77,66,59,66,22,Yes,No,6.5,61
4249,Male,5.5,70,63,60,51,17,No,No,6.2,55
4250,Female,3.3,70,62,61,59,21,Yes,No,5.7,58
4251,Male,5.4,69,68,62,52,19,Yes,No,6.3,61
4252,Female,5.4,73,64,66,70,21,Yes,No,5.1,58
4253,Male,5.2,67,64,64,56,16,Yes,Yes,6.8,55
4254,Male,3.6,72,66,57,52,21,Yes,No,5.7,57
4255,Male,5.7,79,55,56,69,18,Yes,Yes,6.0,54
4256,Female,4.4,76,63,60,69,18,Yes,No,5.4,61
4257,Male,5.7,79,50,71,67,18,Yes,Yes,5.6,58
4258,Female,3.8,68,51,57,50,18,Yes,No,5.3,57
4259,Male,4.0,69,53,55,53,22,Yes,No,6.0,51
4260,Male,3.6,69,68,62,61,19,No,No,6.9,56
4261,Male,3.3,75,65,56,56,18,Yes,Yes,5.9,56
4262,Female,3.9,70,62,60,59,22,Yes,Yes,6.9,57
4263,Male,3.0,70,53,62,60,21,Yes,No,5.5,56
4264,Male,4.7,65,65,57,64,17,Yes,Yes,6.3,54
4265,Female,5.8,75,58,70,51,21,Yes,No,6.3,60
4266,Male,5.8,67,51,69,68,22,Yes,Yes,5.7,59
4267,Male,3.8,67,55,55,55,17,Yes,No,5.6,50
4268,Female,4.1,66,60,68,58,21,Yes,Yes,6.7,60
4269,Female,3.7,71,63,67,61,21,Yes,No,6.6,53
4270,Female,4.0,78,60,72,53,19,Yes,No,6.3,52
4271,Male,4.7,75,55,64,68,17,Yes,Yes,5.3,60
4272,Female,5.0,70,68,63,66,16,Yes,Yes,5.6,55
4273,Male,5.4,76,62,61,68,16,Yes,Yes,5.6,53
4274,Male,5.7,70,50,58,64,18,Yes,No,6.8,52
4275,Male,5.1,78,66,71,66,19,Yes,Yes,5.8,63
4276,Female,4.4,68,57,67,64,21,Yes,No,5.7,62
4277,Male,5.9,68,60,61,54,21,Yes,No,5.2,52
4278,Male,4.6,69,56,58,61,19,Yes,Yes,6.7,60
4279,Male,3.9,73,50,59,54,21,Yes,Yes,6.8,54
4280,Female,4.4,67,57,60,50,17,Yes,Yes,5.6,53
4281,Male,4.3,66,64,70,62,16,Yes,Yes,5.6,51
4282,Male,4.9,78,62,70,59,16,Yes,No,6.9,59
4283,Female,3.1,75,55,64,51,16,No,No,5.5,51
4284,Female,5.6,65,65,59,59,22,No,Yes,5.9,55
4285,Male,4.0,67,63,72,68,21,Yes,No,5.4,54
4286,Male,5.3,72,68,72,60,21,Yes,No,5.4,62
4287,Male,5.4,71,62,61,70,17,Yes,Yes,6.6,59
4288,Female,5.7,66,58,60,70,17,Yes,Yes,5.7,58
4289,Male,4.7,67,52,68,68,20,No,Yes,5.4,51
4290,Male,5.1,66,61,55,65,22,Yes,No,7.0,52
4291,Male,5.2,74,68,64,68,20,Yes,No,6.2,59
4292,Male,4.1,78,63,59,52,17,No,No,6.1,49
4293,Male,3.2,73,67,63,61,18,Yes,Yes,6.5,52
4294,Male,3.3,71,51,65,69,16,Yes,Yes,5.7,49
4295,Female,3.3,68,50,68,65,18,No,No,5.7,52
4296,Female,5.2,65,60,55,58,16,Yes,No,6.0,58
4297,Male,3.4,80,66,69,51,21,Yes,No,5.4,54
4298,Male,3.4,67,64,57,66,22,Yes,No,6.2,61
4299,Male,5.0,75,54,58,52,17,Yes,Yes,5.9,55
4300,Female,5.7,71,52,57,59,20,Yes,No,6.7,54
4301,Male,5.7,77,55,62,51,22,Yes,No,5.9,58
4302,Male,3.1,68,66,55,57,21,No,Yes,5.8,60
4303,Female,5.8,69,52,71,54,18,Yes,No,5.2,55
4304,Male,3.1,73,63,57,63,21,Yes,Yes,6.1,60
4305,Female,3.6,67,59,70,50,17,Yes,Yes,6.3,48
4306,Male,5.0,73,56,61,59,18,Yes,Yes,5.3,50
4307,Female,5.4,74,62,55,52,16,Yes,Yes,6.3,51
4308,Female,4.1,79,68,64,54,16,Yes,Yes,6.4,52
4309,Male,4.3,79,54,57,65,19,Yes,Yes,6.6,51
4310,Female,4.5,80,64,66,52,17,Yes,Yes,6.0,58
4311,Male,4.8,67,67,62,69,19,Yes,Yes,6.3,54
4312,Male,3.7,73,61,58,68,18,Yes,Yes,5.6,59
4313,Female,4.9,79,57,63,53,20,Yes,Yes,6.1,51
4314,Female,5.3,66,57,58,61,19,Yes,No,6.6,60
4315,Female,5.3,75,57,67,54,16,Yes,Yes,5.7,54
4316,Female,4.8,79,52,65,58,16,Yes,Yes,6.9,53
4317,Female,3.0,66,64,57,61,17,Yes,No,5.9,53
4318,Male,4.1,76,60,62,60,18,Yes,No,5.6,50
4319,Male,4.4,70,54,58,51,21,Yes,No,5.1,53
4320,Female,5.3,74,65,57,53,22,Yes,Yes,5.3,59
4321,Male,5.0,65,58,58,50,21,Yes,Yes,7.0,61
4322,Female,4.6,73,58,59,63,17,Yes,No,6.5,55
4323,Female,4.7,78,65,57,53,22,Yes,Yes,5.0,54
4324,Female,3.7,70,60,69,51,21,Yes,Yes,5.6,56
4325,Male,4.4,69,59,67,63,22,Yes,Yes,6.1,63
4326,Female,4.8,66,56,56,58,22,Yes,No,6.9,61
4327,Male,4.9,69,58,67,68,17,Yes,Yes,5.6,50
4328,Female,3.3,71,51,57,66,19,Yes,No,6.5,54
4329,Male,5.4,76,62,66,53,20,Yes,No,6.6,54
4330,Female,5.7,80,51,55,57,18,Yes,Yes,5.5,59
4331,Male,4.1,77,65,64,50,22,Yes,No,6.6,57
4332,Male,3.3,69,56,58,52,22,Yes,No,5.7,52
4333,Male,4.9,65,62,55,65,16,Yes,No,5.5,56
4334,Male,4.1,69,55,57,59,18,Yes,Yes,5.3,57
4335,Female,5.2,76,56,72,58,21,No,No,5.3,59
4336,Male,3.3,75,68,64,58,21,Yes,Yes,5.3,52
4337,Female,3.9,79,60,72,54,19,No,No,6.1,61
4338,Female,3.8,74,51,60,56,17,Yes,Yes,5.4,58
4339,Female,4.5,71,60,60,66,20,Yes,Yes,5.1,51
4340,Female,5.1,67,68,69,56,18,Yes,No,5.5,56
4341,Male,5.1,80,65,70,65,18,No,No,5.6,56
4342,Male,3.1,78,59,56,51,19,Yes,No,5.0,60
4343,Male,3.4,79,61,66,56,19,Yes,Yes,5.9,54
4344,Male,5.0,77,50,58,54,16,Yes,Yes,5.0,54
4345,Male,3.8,76,56,68,51,16,Yes,No,6.5,49
4346,Male,4.4,79,68,59,62,17,Yes,No,5.7,52
4347,Female,5.1,66,56,59,61,16,Yes,No,6.3,53
4348,Female,5.8,69,64,72,68,18,Yes,Yes,5.3,55
4349,Female,4.8,73,68,68,58,18,Yes,Yes,6.9,56
4350,Female,5.5,68,55,69,56,21,Yes,No,5.2,57
4351,Male,4.6,69,54,63,50,17,Yes,No,5.4,52
4352,Female,4.4,68,64,68,58,21,Yes,Yes,5.1,56
4353,Male,4.0,76,53,57,55,20,No,No,5.8,59
4354,Male,4.1,69,54,72,69,17,Yes,No,5.1,54
4355,Female,5.4,69,64,68,65,19,Yes,Yes,6.6,54
4356,Male,5.1,71,57,69,56,21,Yes,Yes,6.6,60
4357,Male,3.2,76,53,56,50,17,Yes,Yes,5.8,57
4358,Female,3.8,73,66,67,68,21,Yes,No,6.6,57
4359,Male,4.1,76,65,62,53,16,Yes,Yes,5.7,49
4360,Male,3.7,76,51,70,69,17,Yes,Yes,6.7,57
4361,Female,3.3,69,65,61,58,16,Yes,No,6.5,58
4362,Female,5.1,79,61,55,66,17,Yes,Yes,5.8,50
4363,Male,3.5,65,67,70,52,22,Yes,Yes,5.3,52
4364,Female,4.8,75,68,68,51,17,Yes,Yes,5.5,51
4365,Female,5.8,68,64,66,64,22,No,No,6.2,56
4366,Male,5.4,65,59,57,64,18,Yes,No,5.0,55
4367,Male,3.1,78,65,66,66,21,Yes,Yes,6.6,57
4368,Male,5.8,65,68,65,68,22,Yes,No,5.2,59
4369,Male,3.5,72,62,68,69,18,Yes,No,6.4,52
4370,Male,5.9,68,67,58,59,22,Yes,Yes,6.4,53
4371,Male,5.0,73,60,56,58,19,Yes,Yes,5.3,59
4372,Male,5.8,71,68,64,53,19,Yes,Yes,6.6,59
4373,Female,4.3,78,68,71,61,20,Yes,Yes,5.6,56
4374,Male,3.2,78,64,59,63,18,Yes,No,6.9,59
4375,Female,4.6,75,56,69,65,16,Yes,No,5.1,52
4376,Female,4.3,73,61,71,54,18,Yes,Yes,7.0,58
4377,Male,3.9,80,68,61,62,18,Yes,Yes,5.1,60
4378,Female,6.0,69,51,62,55,19,Yes,Yes,6.9,57
4379,Female,4.2,80,55,57,54,22,Yes,No,5.5,51
4380,Female,5.4,68,61,62,54,21,Yes,Yes,5.6,57
4381,Male,4.7,65,60,70,67,17,Yes,No,5.8,61
4382,Male,3.1,73,52,62,70,19,Yes,Yes,5.7,52
4383,Male,4.3,73,64,69,50,21,Yes,No,6.0,52
4384,Female,3.8,77,53,63,57,17,Yes,No,6.7,49
4385,Male,5.2,80,59,64,56,19,Yes,Yes,6.1,52
4386,Female,4.3,67,61,70,65,22,No,No,5.6,51
4387,Female,5.5,78,63,58,66,17,Yes,No,5.6,61
4388,Male,3.5,76,57,57,58,16,Yes,Yes,6.5,59
4389,Male,5.1,70,52,60,54,17,Yes,No,6.4,60
4390,Male,3.0,68,56,59,50,18,Yes,Yes,6.4,57
4391,Female,4.3,80,52,66,58,16,Yes,No,6.5,57
4392,Female,3.9,72,68,57,53,19,No,Yes,6.4,55
4393,Female,4.5,79,62,66,65,21,No,No,5.9,59
4394,Female,3.1,76,54,55,66,21,Yes,No,6.5,56
4395,Female,4.0,75,55,57,65,18,No,No,5.1,60
4396,Female,6.0,79,61,64,58,17,No,No,5.3,59
4397,Male,5.1,78,55,72,64,22,Yes,No,6.4,62
4398,Male,3.1,77,65,59,59,19,No,Yes,6.7,57
4399,Female,3.5,67,58,62,51,17,Yes,No,5.2,52
4400,Male,5.7,68,53,71,58,21,Yes,No,5.0,58
4401,Female,4.0,80,60,66,54,21,Yes,Yes,5.6,53
4402,Male,3.8,78,64,63,61,19,Yes,No,6.4,60
4403,Male,5.9,71,66,69,52,21,No,No,5.5,59
4404,Female,5.9,72,56,72,68,18,Yes,No,6.4,61
4405,Female,4.4,69,60,67,51,21,Yes,Yes,5.2,62
4406,Male,3.4,78,59,70,63,21,Yes,Yes,6.9,61
4407,Male,3.4,76,53,70,68,19,No,Yes,5.4,58
4408,Male,3.4,80,52,56,69,18,No,Yes,6.7,51
4409,Female,3.5,69,53,66,70,16,Yes,No,6.1,53
4410,Female,3.5,74,58,68,55,17,Yes,Yes,5.1,56
4411,Female,4.9,72,56,66,51,20,Yes,Yes,5.3,54
4412,Female,3.7,67,58,55,57,16,Yes,No,6.3,54
4413,Female,3.2,73,55,56,54,18,Yes,Yes,6.1,52
4414,Female,4.1,71,57,60,66,16,Yes,Yes,6.7,59
4415,Female,3.8,74,56,57,50,20,Yes,Yes,5.0,58
4416,Male,3.7,75,57,59,65,19,Yes,Yes,6.3,54
4417,Male,3.8,77,52,69,54,19,Yes,No,5.7,54
4418,Female,3.9,68,55,67,63,19,Yes,No,5.2,54
4419,Male,4.8,70,64,56,54,16,Yes,No,5.7,51
4420,Male,4.9,66,63,60,65,20,Yes,Yes,6.7,61
4421,Female,5.4,80,56,61,68,16,Yes,No,6.7,61
4422,Male,5.1,68,54,69,61,20,Yes,Yes,5.5,57
4423,Male,5.8,70,52,57,63,21,Yes,Yes,5.4,54
4424,Male,5.6,75,52,56,50,21,Yes,Yes,5.6,56
4425,Male,4.2,74,58,61,55,21,No,Yes,6.6,58
4426,Female,5.1,65,51,69,70,17,Yes,Yes,5.3,58
4427,Female,4.0,79,66,56,70,20,Yes,Yes,6.8,59
4428,Female,3.2,71,56,72,61,17,Yes,No,5.1,49
4429,Female,3.6,69,60,71,63,21,No,Yes,6.9,59
4430,Female,4.7,68,65,60,67,21,Yes,Yes,5.6,60
4431,Male,5.4,71,57,60,59,22,Yes,Yes,5.8,60
4432,Female,4.0,78,56,65,53,19,No,No,5.6,53
4433,Male,5.5,76,53,70,62,20,Yes,Yes,6.3,58
4434,Female,4.0,78,50,56,70,22,Yes,No,6.8,55
4435,Female,3.5,77,58,71,58,21,Yes,No,5.3,50
4436,Male,4.0,73,60,66,65,20,Yes,Yes,6.3,54
4437,Female,4.5,78,51,63,52,18,Yes,Yes,5.3,57
4438,Male,4.9,80,51,72,52,17,Yes,Yes,6.6,52
4439,Male,3.4,71,61,59,59,21,No,No,5.4,52
4440,Female,3.1,74,68,67,54,20,No,Yes,5.5,58
4441,Female,3.6,66,67,69,67,17,Yes,Yes,6.3,54
4442,Male,3.2,79,66,59,59,18,Yes,Yes,5.8,56
4443,Female,4.3,65,68,64,56,20,Yes,No,5.8,54
4444,Male,4.6,75,68,60,60,22,No,Yes,6.3,55
4445,Female,4.1,69,56,59,60,19,No,Yes,6.5,52
4446,Female,5.2,78,67,60,65,16,Yes,No,6.5,55
4447,Female,3.8,73,63,68,62,16,Yes,No,5.1,51
4448,Female,3.3,66,62,71,62,17,Yes,No,6.0,59
4449,Female,5.8,70,58,63,69,18,Yes,Yes,6.8,55
4450,Female,4.9,75,63,57,57,21,Yes,No,5.6,52
4451,Male,5.6,72,67,55,53,19,Yes,No,6.2,55
4452,Female,5.4,71,65,70,69,22,Yes,Yes,5.5,64
4453,Male,3.5,65,52,67,56,16,Yes,No,6.0,54
4454,Male,3.7,68,61,59,56,16,Yes,Yes,6.9,52
4455,Female,5.0,74,50,72,55,16,No,No,5.3,50
4456,Male,4.5,66,53,60,69,18,Yes,Yes,6.2,53
4457,Male,4.5,75,62,55,50,21,Yes,No,5.0,53
4458,Male,5.6,71,55,64,59,20,Yes,Yes,5.5,55
4459,Male,3.9,80,59,68,69,16,Yes,No,5.2,50
4460,Male,3.4,70,51,63,51,16,Yes,Yes,6.2,57
4461,Male,3.8,68,55,61,55,16,Yes,No,5.8,48
4462,Female,3.5,67,67,62,54,21,Yes,No,6.5,57
4463,Male,3.5,69,51,60,52,17,Yes,Yes,5.2,55
4464,Female,3.5,71,55,67,65,21,Yes,No,5.1,51
4465,Female,3.3,78,64,72,63,21,Yes,No,5.3,62
4466,Male,4.0,77,58,60,63,19,Yes,Yes,5.5,50
4467,Male,3.3,75,56,55,59,21,Yes,Yes,5.0,53
4468,Female,5.3,66,60,55,64,18,Yes,No,6.6,50
4469,Male,4.6,78,65,69,51,17,Yes,Yes,6.6,60
4470,Male,3.1,65,67,62,50,21,Yes,Yes,5.9,55
4471,Male,5.8,72,60,65,50,16,Yes,Yes,6.0,53
4472,Female,3.7,69,67,60,68,16,Yes,Yes,5.2,59
4473,Male,3.3,70,52,61,58,16,Yes,Yes,5.9,51
4474,Male,5.7,66,61,55,55,18,Yes,Yes,5.1,56
4475,Female,4.9,73,65,57,52,19,Yes,No,5.1,58
4476,Male,4.7,77,56,57,55,22,Yes,No,6.6,52
4477,Female,3.9,74,67,57,57,20,No,Yes,7.0,60
4478,Male,3.3,73,60,68,65,22,Yes,No,6.4,59
4479,Male,4.8,75,54,63,68,19,Yes,No,6.5,52
4480,Male,5.4,79,63,64,60,16,Yes,No,6.9,59
4481,Male,3.4,69,56,72,50,18,Yes,Yes,6.4,55
4482,Male,4.3,69,60,61,54,16,Yes,Yes,6.2,55
4483,Male,5.4,76,66,70,55,19,Yes,No,6.9,63
4484,Male,5.1,65,55,63,50,22,No,No,6.2,62
4485,Female,5.1,74,62,64,67,18,Yes,No,5.5,59
4486,Male,4.0,77,61,59,57,20,Yes,No,5.2,60
4487,Female,3.5,69,65,62,60,22,Yes,Yes,5.5,55
4488,Female,4.9,66,53,68,63,17,Yes,No,5.5,50
4489,Male,3.3,77,56,63,60,17,Yes,Yes,6.9,56
4490,Male,3.5,71,56,66,64,16,Yes,Yes,5.6,53
4491,Female,5.2,74,56,63,59,17,Yes,No,5.2,52
4492,Female,3.9,75,65,64,55,22,Yes,Yes,6.6,61
4493,Female,4.1,68,61,57,55,20,No,Yes,5.2,58
4494,Female,5.7,77,59,60,68,20,No,No,6.8,60
4495,Female,4.0,80,61,58,61,17,Yes,Yes,6.7,50
4496,Female,3.8,67,66,62,58,19,Yes,No,6.8,53
4497,Male,5.4,70,58,65,56,16,No,No,5.1,59
4498,Female,5.9,72,65,72,70,21,No,No,6.7,60
4499,Male,6.0,67,58,68,50,19,Yes,Yes,5.8,62
4500,Female,4.1,78,57,69,59,20,Yes,Yes,5.2,53
4501,Male,4.8,66,62,65,50,19,Yes,Yes,5.2,55
4502,Female,3.3,70,60,55,54,21,Yes,Yes,7.0,51
4503,Female,5.3,70,65,60,67,22,No,Yes,6.2,60
4504,Male,5.8,66,67,67,52,18,Yes,No,6.5,62
4505,Female,5.6,77,62,69,66,18,No,Yes,5.3,52
4506,Male,5.5,69,58,67,50,21,Yes,No,6.0,60
4507,Male,3.2,76,68,66,55,20,No,Yes,6.4,56
4508,Female,5.0,78,56,70,69,20,Yes,No,5.3,55
4509,Female,4.4,80,67,61,62,19,Yes,No,5.9,60
4510,Female,3.1,71,58,72,53,18,Yes,Yes,5.0,53
4511,Male,4.0,78,50,59,66,18,Yes,Yes,6.5,57
4512,Female,5.6,78,56,66,59,21,Yes,No,5.9,59
4513,Female,5.5,70,52,56,52,20,No,No,5.6,58
4514,Male,3.9,74,53,71,50,22,Yes,No,5.3,55
4515,Male,4.5,72,60,67,61,17,No,Yes,5.7,54
4516,Male,5.3,75,51,69,63,21,No,Yes,6.9,57
4517,Female,5.6,73,67,66,54,18,Yes,No,5.2,54
4518,Female,4.3,66,52,70,60,22,Yes,No,5.3,54
4519,Male,4.9,78,60,60,56,22,Yes,Yes,6.2,61
4520,Male,3.4,72,66,65,58,16,Yes,No,5.9,49
4521,Female,4.7,67,54,64,54,19,Yes,Yes,6.1,56
4522,Female,5.5,75,52,61,69,22,Yes,Yes,6.0,56
4523,Female,4.3,74,54,68,55,16,Yes,Yes,5.5,58
4524,Male,5.4,71,58,68,52,16,Yes,Yes,6.1,58
4525,Female,4.6,77,61,61,56,21,Yes,No,6.0,57
4526,Male,4.4,77,51,62,56,22,Yes,Yes,6.5,55
4527,Female,3.9,67,66,64,57,19,No,Yes,6.3,58
4528,Male,4.9,71,52,62,65,20,Yes,No,6.1,53
4529,Female,5.8,80,63,70,64,22,No,No,5.9,57
4530,Female,4.1,76,61,64,60,20,Yes,No,6.8,54
4531,Female,4.8,73,56,66,53,16,Yes,No,6.8,51
4532,Female,4.1,72,51,72,69,21,Yes,Yes,6.5,54
4533,Male,3.6,67,59,71,60,18,Yes,No,6.5,49
4534,Female,3.8,78,54,68,50,19,Yes,No,5.9,51
4535,Male,5.2,74,59,71,65,19,Yes,No,5.3,59
4536,Female,5.2,73,54,69,68,19,Yes,Yes,5.5,54
4537,Male,5.5,70,61,60,51,17,Yes,Yes,5.5,56
4538,Male,3.5,70,67,63,66,22,Yes,No,6.1,52
4539,Female,5.9,77,60,57,68,18,Yes,Yes,5.6,58
4540,Female,3.8,75,54,62,68,16,Yes,No,5.1,49
4541,Female,5.9,77,65,72,61,18,Yes,No,5.5,52
4542,Male,5.3,76,51,58,59,19,Yes,No,5.9,51
4543,Male,5.3,75,51,59,66,21,Yes,No,5.1,57
4544,Male,5.5,80,57,63,63,16,Yes,No,6.3,52
4545,Female,3.0,80,68,59,52,19,No,Yes,6.8,56
4546,Female,4.5,74,55,71,56,22,Yes,No,5.3,61
4547,Female,5.8,76,51,68,62,20,Yes,No,6.9,53
4548,Female,3.3,75,61,68,63,16,Yes,Yes,6.7,56
4549,Female,4.3,72,62,63,63,21,Yes,Yes,5.0,62
4550,Female,3.3,67,57,61,68,18,Yes,Yes,5.8,52
4551,Male,5.8,69,61,67,69,19,Yes,No,5.1,54
4552,Male,5.7,79,59,72,62,20,Yes,Yes,6.0,57
4553,Female,5.2,67,68,68,57,16,Yes,No,5.7,59
4554,Male,4.2,70,55,66,68,21,Yes,Yes,5.2,55
4555,Female,3.4,74,62,55,53,19,Yes,Yes,5.8,51
4556,Male,3.7,65,66,66,61,17,Yes,No,6.6,49
4557,Female,3.6,78,56,66,63,19,Yes,Yes,5.4,56
4558,Female,4.9,74,55,71,59,22,Yes,No,5.1,57
4559,Female,3.7,70,65,61,50,17,Yes,No,6.5,54
4560,Male,5.6,77,56,65,54,21,Yes,No,6.4,58
4561,Male,3.0,72,67,55,63,22,Yes,Yes,6.6,61
4562,Female,5.9,67,67,65,56,21,Yes,No,6.9,53
4563,Male,4.5,67,64,70,69,16,Yes,No,6.6,53
4564,Female,3.7,74,65,60,66,16,Yes,No,6.3,52
4565,Female,4.7,73,60,55,56,17,Yes,Yes,7.0,58
4566,Male,6.0,65,57,70,61,17,Yes,No,5.7,54
4567,Male,5.1,75,54,69,60,19,Yes,No,5.9,52
4568,Male,3.2,77,66,69,67,16,Yes,No,5.9,50
4569,Male,4.0,74,59,72,69,16,Yes,Yes,6.0,52
4570,Male,5.7,67,60,58,58,20,No,Yes,5.9,60
4571,Female,3.7,67,63,66,64,19,Yes,Yes,6.7,52
4572,Male,3.3,75,58,55,54,20,Yes,Yes,5.6,54
4573,Female,5.2,75,64,70,63,22,Yes,Yes,5.8,57
4574,Female,3.0,66,68,57,61,20,No,Yes,5.7,57
4575,Female,5.8,76,68,61,62,22,No,No,5.0,55
4576,Male,3.1,77,53,72,60,21,Yes,Yes,5.5,50
4577,Male,3.4,69,50,62,70,21,Yes,No,5.4,60
4578,Male,3.0,78,62,70,63,17,Yes,Yes,5.9,49
4579,Male,3.9,73,66,62,62,18,Yes,Yes,5.8,50
4580,Female,4.0,75,65,64,56,20,Yes,Yes,5.8,60
4581,Male,5.5,71,57,57,62,18,Yes,Yes,6.5,50
4582,Male,5.7,80,57,56,61,20,Yes,No,6.9,59
4583,Male,4.0,68,54,60,63,22,Yes,No,6.8,53
4584,Female,5.3,66,51,65,66,16,No,Yes,5.6,50
4585,Female,4.8,79,50,56,50,16,Yes,Yes,6.8,49
4586,Male,3.8,79,57,64,65,18,Yes,Yes,5.5,57
4587,Male,4.7,73,53,61,53,20,Yes,No,6.1,61
4588,Female,3.4,71,50,66,59,17,Yes,No,6.9,58
4589,Female,4.1,67,53,57,68,21,Yes,No,5.1,57
4590,Female,4.7,70,68,64,52,22,Yes,No,5.4,63
4591,Male,5.2,72,54,62,67,20,No,No,6.4,59
4592,Female,3.1,77,55,71,68,18,Yes,Yes,6.8,50
4593,Female,3.1,71,68,70,67,17,Yes,Yes,6.1,54
4594,Female,3.1,68,66,61,63,17,Yes,No,5.3,59
4595,Male,5.1,70,62,67,57,20,Yes,No,5.3,51
4596,Female,4.7,75,53,62,57,22,Yes,No,6.7,52
4597,Female,4.0,79,62,69,65,16,Yes,No,6.2,59
4598,Male,3.2,69,66,69,60,22,Yes,Yes,5.9,51
4599,Female,3.7,65,56,68,50,19,Yes,No,5.9,58
4600,Female,3.8,80,55,67,60,18,Yes,No,6.5,58
4601,Male,3.8,78,65,63,61,16,Yes,Yes,6.4,54
4602,Female,5.3,76,64,64,59,21,Yes,No,6.6,62
4603,Female,3.4,78,68,56,53,22,Yes,No,6.0,53
4604,Male,5.2,80,57,62,67,22,Yes,Yes,5.7,58
4605,Male,4.5,66,61,56,63,22,Yes,Yes,6.7,61
4606,Male,4.5,71,52,62,58,19,Yes,Yes,5.6,50
4607,Male,4.5,78,51,62,70,18,Yes,No,6.5,56
4608,Male,5.6,69,57,64,69,18,Yes,Yes,5.3,57
4609,Female,4.0,75,65,71,70,17,No,No,5.8,60
4610,Male,5.4,73,54,69,52,19,No,No,5.2,60
4611,Female,4.7,79,58,70,63,21,Yes,Yes,6.6,55
4612,Male,5.0,73,65,72,64,22,Yes,No,6.7,55
4613,Male,5.8,69,55,63,52,22,Yes,No,6.6,55
4614,Female,5.6,77,55,66,57,21,Yes,Yes,6.2,54
4615,Female,3.8,70,60,72,66,17,Yes,Yes,5.2,49
4616,Male,4.2,65,56,60,66,17,Yes,No,5.9,52
4617,Female,3.9,79,68,72,62,18,Yes,No,5.9,58
4618,Female,3.6,76,51,71,63,17,No,Yes,6.7,56
4619,Female,3.9,77,51,71,67,17,Yes,Yes,5.4,60
4620,Male,3.5,74,62,69,56,19,Yes,Yes,5.4,57
4621,Male,4.2,68,65,60,62,17,Yes,No,6.0,49
4622,Male,3.9,66,66,64,65,18,Yes,Yes,6.1,51
4623,Female,3.8,72,51,62,53,16,Yes,No,6.4,49
4624,Female,4.3,69,66,63,61,22,No,No,5.6,53
4625,Female,4.4,77,54,60,68,18,Yes,Yes,5.2,51
4626,Male,3.2,77,63,56,51,17,Yes,No,6.7,48
4627,Female,4.9,79,58,65,56,20,Yes,Yes,6.7,62
4628,Female,5.7,69,59,63,52,16,No,No,5.8,59
4629,Female,5.6,72,54,57,63,18,Yes,Yes,5.1,53
4630,Male,5.3,71,61,63,58,22,Yes,No,6.7,60
4631,Female,5.1,70,66,66,50,17,Yes,No,5.5,50
4632,Female,5.5,78,64,58,58,20,Yes,Yes,5.7,56
4633,Male,5.3,73,64,65,61,18,Yes,Yes,6.5,52
4634,Female,3.9,70,55,55,55,20,Yes,Yes,6.9,60
4635,Male,3.1,76,54,58,64,22,Yes,Yes,5.8,50
4636,Male,4.3,78,55,65,51,22,Yes,No,5.7,52
4637,Male,3.8,67,57,64,57,16,No,No,5.5,51
4638,Female,4.5,77,54,62,67,17,Yes,Yes,6.0,55
4639,Female,4.4,77,61,63,56,20,Yes,No,6.2,55
4640,Male,5.2,65,56,62,50,20,Yes,No,5.8,55
4641,Male,5.0,69,68,56,66,18,Yes,No,6.6,56
4642,Male,5.8,80,53,65,68,16,No,Yes,6.7,52
4643,Female,4.5,68,51,56,65,18,Yes,Yes,5.6,58
4644,Male,4.4,80,58,55,50,17,Yes,Yes,6.4,56
4645,Female,5.7,77,60,70,56,19,Yes,No,5.6,56
4646,Female,4.3,72,62,67,51,22,Yes,Yes,5.6,60
4647,Female,4.7,65,56,68,66,20,Yes,Yes,5.4,53
4648,Female,5.4,74,50,64,56,20,Yes,Yes,5.5,57
4649,Male,4.2,75,65,69,61,17,Yes,No,6.4,57
4650,Female,3.7,68,63,61,62,19,No,Yes,6.0,58
4651,Female,3.7,72,65,67,58,17,Yes,Yes,6.2,59
4652,Male,3.0,76,57,66,54,21,Yes,Yes,6.4,57
4653,Female,3.6,79,57,64,50,16,Yes,Yes,5.2,60
4654,Female,4.4,75,58,70,56,21,Yes,No,6.7,59
4655,Female,4.7,78,64,72,52,20,Yes,Yes,5.6,58
4656,Male,3.7,77,53,56,56,22,Yes,Yes,6.4,50
4657,Male,4.6,68,51,71,50,18,Yes,No,6.6,58
4658,Female,5.7,66,65,60,53,21,Yes,Yes,6.0,61
4659,Female,5.0,78,68,58,62,18,Yes,Yes,6.0,54
4660,Male,5.3,68,51,63,67,22,No,No,5.7,62
4661,Female,5.8,77,60,70,55,20,Yes,Yes,6.7,62
4662,Male,3.5,80,67,72,66,18,Yes,Yes,6.8,53
4663,Female,4.9,77,50,71,59,16,Yes,Yes,6.4,56
4664,Male,4.4,72,51,63,56,19,Yes,No,6.8,53
4665,Male,4.7,80,50,70,53,19,Yes,No,6.5,55
4666,Male,3.8,74,50,55,51,21,Yes,No,6.5,50
4667,Female,3.4,68,51,68,59,22,No,No,5.1,61
4668,Female,4.6,70,55,72,66,21,Yes,Yes,6.8,56
4669,Male,5.2,73,68,70,68,22,Yes,Yes,6.5,55
4670,Male,5.1,78,63,65,58,19,Yes,No,6.5,58
4671,Female,5.9,80,52,56,60,17,Yes,No,6.9,53
4672,Female,5.4,80,64,58,67,18,Yes,Yes,5.4,58
4673,Male,4.4,72,50,63,51,17,Yes,No,5.7,49
4674,Male,5.7,78,62,70,64,18,Yes,Yes,5.3,51
4675,Female,5.6,79,53,69,63,17,Yes,Yes,6.5,56
4676,Male,3.5,79,55,55,59,17,Yes,Yes,6.0,50
4677,Male,4.4,69,55,69,51,17,Yes,Yes,6.5,54
4678,Male,4.9,72,68,57,60,20,Yes,No,5.6,59
4679,Female,4.0,66,59,67,64,20,Yes,No,5.3,51
4680,Male,4.2,68,60,66,51,21,Yes,Yes,6.6,58
4681,Male,5.1,80,57,57,54,17,Yes,Yes,6.6,50
4682,Female,4.2,75,59,55,60,17,Yes,No,6.5,52
4683,Female,5.1,78,68,63,57,18,Yes,Yes,5.4,54
4684,Female,4.7,65,61,72,52,17,Yes,No,7.0,59
4685,Male,3.7,68,57,67,64,22,Yes,Yes,6.1,61
4686,Female,5.5,69,63,58,60,16,Yes,No,5.1,50
4687,Female,3.0,70,61,56,67,19,No,Yes,6.1,54
4688,Female,4.0,78,55,65,67,19,Yes,Yes,6.2,57
4689,Male,3.1,70,60,66,52,18,Yes,Yes,5.2,59
4690,Female,3.2,71,65,71,58,20,Yes,Yes,5.7,51
4691,Male,3.8,73,60,71,70,16,No,Yes,6.3,60
4692,Female,3.3,73,63,57,62,18,Yes,No,6.4,50
4693,Male,5.3,72,54,59,54,22,Yes,Yes,6.4,56
4694,Female,5.9,65,53,63,66,21,Yes,Yes,5.2,62
4695,Female,3.1,73,57,69,59,20,Yes,No,6.3,51
4696,Female,4.5,72,50,55,66,22,Yes,No,5.0,60
4697,Male,4.6,73,50,61,56,18,No,No,6.4,49
4698,Female,5.1,66,60,67,57,18,Yes,No,6.9,60
4699,Female,4.9,68,57,57,53,19,No,Yes,6.4,61
4700,Female,5.9,67,55,64,63,19,Yes,No,6.7,56
4701,Male,5.1,76,68,71,56,19,Yes,No,6.6,52
4702,Male,4.9,73,68,65,69,16,Yes,No,6.7,57
4703,Male,3.0,72,52,63,63,18,Yes,Yes,5.8,55
4704,Female,5.3,77,61,70,66,21,Yes,Yes,5.2,52
4705,Male,5.5,74,57,71,68,21,No,Yes,6.5,57
4706,Male,3.1,77,54,65,56,22,No,No,6.8,52
4707,Male,6.0,80,62,63,53,17,Yes,No,5.8,54
4708,Female,4.5,75,67,67,53,20,Yes,Yes,6.5,57
4709,Male,5.7,66,66,62,61,18,Yes,Yes,6.3,56
4710,Male,4.5,76,68,72,66,16,No,No,6.2,50
4711,Male,4.1,71,55,66,69,19,Yes,No,6.6,58
4712,Male,3.7,72,52,60,65,18,Yes,Yes,5.5,53
4713,Male,5.9,80,67,56,55,22,Yes,No,6.9,55
4714,Male,4.5,65,63,59,68,18,Yes,Yes,5.7,50
4715,Female,3.8,72,61,61,58,16,No,No,7.0,54
4716,Male,5.2,70,57,58,66,19,Yes,No,6.7,58
4717,Female,5.7,78,65,63,65,19,Yes,Yes,6.3,54
4718,Male,3.2,66,59,55,67,17,Yes,No,6.0,52
4719,Female,4.2,67,67,69,65,21,Yes,No,6.0,63
4720,Female,5.6,74,54,59,60,17,Yes,Yes,6.2,61
4721,Male,4.1,80,65,69,55,19,Yes,Yes,5.9,57
4722,Female,3.5,68,66,71,61,17,No,No,5.2,54
4723,Female,3.7,77,56,71,57,20,No,Yes,6.7,60
4724,Female,3.5,65,59,69,60,21,Yes,Yes,6.3,61
4725,Male,4.3,80,51,67,68,21,Yes,No,6.9,55
4726,Male,3.4,66,54,65,59,19,No,No,5.2,56
4727,Female,4.2,79,64,71,52,20,Yes,Yes,7.0,62
4728,Female,5.2,67,57,65,69,21,Yes,Yes,5.6,57
4729,Male,3.3,75,64,60,57,21,Yes,Yes,5.7,51
4730,Female,3.6,80,68,68,54,19,Yes,Yes,6.3,60
4731,Female,3.9,80,64,57,65,20,Yes,Yes,6.3,53
4732,Male,3.1,65,53,63,55,20,No,No,6.6,56
4733,Female,3.3,80,60,65,53,18,Yes,Yes,6.7,50
4734,Female,5.0,65,50,63,70,18,Yes,Yes,6.0,58
4735,Male,4.5,74,68,67,63,18,Yes,Yes,6.4,53
4736,Female,5.6,76,53,69,53,20,Yes,No,5.9,57
4737,Male,5.6,73,56,62,60,17,Yes,Yes,6.9,58
4738,Male,4.5,71,58,59,62,22,Yes,Yes,6.7,57
4739,Female,5.0,65,59,69,69,16,Yes,Yes,5.5,58
4740,Female,5.6,65,63,57,68,20,Yes,No,5.1,56
4741,Female,4.8,80,58,70,54,22,No,No,6.7,53
4742,Female,3.9,72,61,67,63,20,Yes,Yes,6.3,54
4743,Male,5.3,77,68,66,54,18,Yes,Yes,5.7,59
4744,Female,5.2,80,67,57,51,21,Yes,Yes,6.0,62
4745,Male,5.4,77,58,68,52,17,Yes,Yes,6.4,51
4746,Female,5.0,72,53,67,55,22,Yes,Yes,6.9,60
4747,Male,3.8,66,68,65,52,21,Yes,Yes,6.2,56
4748,Female,3.7,65,51,67,56,19,Yes,Yes,5.3,50
4749,Male,4.2,66,64,71,64,22,Yes,Yes,6.5,52
4750,Female,3.3,76,56,70,70,21,No,Yes,6.3,62
4751,Female,4.4,70,60,72,62,19,No,No,5.9,51
4752,Male,4.4,70,68,67,69,22,No,Yes,6.2,54
4753,Male,5.9,80,50,56,54,20,Yes,Yes,5.5,53
4754,Male,4.5,71,65,63,63,16,Yes,Yes,5.3,53
4755,Female,3.2,80,65,57,54,21,Yes,No,6.2,51
4756,Female,3.2,76,63,57,65,19,Yes,No,6.3,56
4757,Female,3.5,76,61,59,67,18,Yes,Yes,6.1,49
4758,Female,5.3,70,57,62,61,17,Yes,Yes,6.1,58
4759,Female,4.1,78,59,70,55,19,Yes,Yes,6.1,55
4760,Female,5.0,75,51,69,54,20,Yes,Yes,5.5,51
4761,Male,5.2,66,66,72,51,20,Yes,Yes,6.0,58
4762,Female,5.3,75,67,58,70,16,Yes,No,5.6,50
4763,Male,4.5,80,58,63,65,19,Yes,No,5.2,54
4764,Female,4.1,77,59,67,60,17,Yes,No,6.9,53
4765,Male,3.8,78,57,61,65,20,Yes,Yes,6.8,52
4766,Male,5.8,70,66,58,69,16,Yes,No,5.7,53
4767,Male,4.6,80,57,64,60,16,Yes,No,5.6,52
4768,Male,4.0,65,58,70,54,22,Yes,Yes,5.8,62
4769,Female,3.5,67,58,66,68,19,Yes,Yes,5.9,57
4770,Female,4.7,67,64,64,65,21,Yes,Yes,5.5,59
4771,Male,4.9,76,66,69,59,20,Yes,Yes,6.5,58
4772,Female,3.3,73,58,63,69,19,No,Yes,5.1,57
4773,Male,3.5,80,58,70,65,19,Yes,No,5.6,58
4774,Male,4.5,79,64,66,62,22,Yes,Yes,5.1,63
4775,Male,4.0,80,68,72,57,17,Yes,No,6.5,61
4776,Male,5.8,75,68,55,60,18,No,Yes,5.7,53
4777,Female,4.7,74,51,65,68,16,Yes,No,6.1,54
4778,Female,4.2,80,53,59,56,20,Yes,Yes,5.5,51
4779,Female,4.1,71,61,70,60,22,Yes,No,6.2,61
4780,Male,4.5,68,62,55,66,19,No,Yes,6.1,56
4781,Male,5.3,80,56,69,63,17,Yes,Yes,5.1,59
4782,Male,5.6,77,63,55,68,19,Yes,No,6.3,60
4783,Female,5.4,66,59,63,61,21,Yes,Yes,5.1,54
4784,Female,5.1,65,64,62,55,21,Yes,No,6.9,58
4785,Female,4.0,77,57,55,60,20,Yes,No,5.6,51
4786,Female,3.2,79,60,61,68,20,Yes,Yes,6.7,58
4787,Female,4.7,79,51,71,66,18,Yes,Yes,5.0,56
4788,Female,4.1,77,60,70,54,19,Yes,No,6.0,61
4789,Male,5.2,65,61,57,56,22,Yes,Yes,5.1,63
4790,Female,5.3,68,60,67,67,17,No,No,6.1,50
4791,Female,3.7,69,53,64,68,17,Yes,No,5.6,53
4792,Female,3.0,78,56,56,66,18,Yes,Yes,6.1,49
4793,Male,5.9,78,66,58,63,19,Yes,Yes,5.3,62
4794,Female,3.1,77,65,70,61,18,Yes,No,6.1,58
4795,Male,3.9,65,60,69,65,21,Yes,Yes,5.3,50
4796,Female,5.1,67,50,72,60,22,Yes,Yes,5.7,60
4797,Male,4.5,76,65,59,51,20,Yes,Yes,5.0,56
4798,Male,3.3,66,64,64,68,17,Yes,No,5.2,56
4799,Male,4.3,68,52,65,70,18,Yes,Yes,6.3,57
4800,Male,3.0,73,64,66,51,16,Yes,Yes,5.1,53
4801,Female,5.8,69,54,70,50,19,Yes,No,6.7,61
4802,Male,3.9,74,57,65,63,21,No,Yes,5.7,60
4803,Male,5.4,77,56,72,56,19,Yes,Yes,5.6,53
4804,Male,5.3,68,65,56,66,21,No,No,5.4,58
4805,Male,5.6,70,58,63,70,21,Yes,No,6.7,63
4806,Female,5.0,66,51,56,58,18,No,No,5.4,59
4807,Male,4.5,70,60,58,59,16,Yes,Yes,6.4,56
4808,Male,4.7,79,56,57,65,22,Yes,No,5.0,62
4809,Male,5.9,68,57,55,57,22,Yes,Yes,6.3,57
4810,Male,4.6,76,51,58,62,18,Yes,Yes,5.7,57
4811,Female,4.3,68,54,66,57,19,Yes,Yes,5.2,58
4812,Female,4.2,70,68,66,65,22,Yes,Yes,6.5,62
4813,Female,3.1,66,68,71,69,22,Yes,No,5.9,59
4814,Male,5.3,80,53,68,51,18,Yes,Yes,5.3,51
4815,Female,4.3,78,60,56,58,18,Yes,No,6.5,56
4816,Female,5.9,69,63,64,61,18,Yes,No,5.2,62
4817,Female,4.7,73,66,70,63,17,Yes,No,5.0,54
4818,Male,5.8,70,59,60,65,21,Yes,Yes,5.8,61
4819,Female,3.9,73,58,55,55,19,Yes,No,6.4,53
4820,Male,4.0,75,62,57,67,17,Yes,Yes,5.3,57
4821,Male,4.6,68,61,66,52,22,Yes,Yes,5.0,58
4822,Male,5.3,80,60,55,61,19,Yes,No,6.8,61
4823,Male,4.9,70,50,69,55,19,Yes,Yes,5.1,57
4824,Male,5.1,70,56,70,66,16,Yes,Yes,6.5,54
4825,Male,4.4,72,54,68,54,19,Yes,No,5.9,57
4826,Female,5.7,68,68,64,62,20,Yes,Yes,6.9,60
4827,Female,5.9,74,58,61,52,17,Yes,No,5.8,57
4828,Female,4.2,73,50,65,57,19,Yes,Yes,6.3,58
4829,Male,3.6,77,53,61,53,19,No,Yes,5.9,49
4830,Female,5.7,72,56,61,53,21,Yes,Yes,5.6,53
4831,Male,3.8,65,55,62,63,17,Yes,Yes,6.1,50
4832,Male,5.9,67,53,66,58,22,Yes,Yes,6.8,56
4833,Female,4.1,72,58,57,60,20,Yes,No,6.6,50
4834,Female,4.5,70,57,67,61,16,Yes,No,5.6,49
4835,Male,5.4,74,65,72,70,20,Yes,No,5.3,58
4836,Male,5.6,78,53,62,60,16,Yes,Yes,6.9,52
4837,Male,3.1,75,65,70,70,16,No,No,5.8,60
4838,Male,4.9,70,63,71,62,19,Yes,No,6.9,51
4839,Male,5.3,70,53,64,51,19,No,No,6.9,59
4840,Male,3.2,73,56,55,56,20,Yes,Yes,5.0,51
4841,Male,5.5,77,55,67,51,19,Yes,No,5.0,54
4842,Female,5.7,79,66,72,66,20,Yes,No,5.3,57
4843,Male,5.7,70,54,61,55,17,Yes,Yes,6.1,53
4844,Female,3.9,72,67,64,65,22,Yes,No,6.8,57
4845,Male,5.4,76,58,69,67,16,Yes,Yes,5.1,61
4846,Male,5.3,71,62,68,69,22,Yes,No,6.0,61
4847,Female,4.9,73,60,72,57,20,No,No,6.0,52
4848,Female,5.2,66,68,56,56,16,Yes,No,5.9,52
4849,Female,5.4,76,68,71,50,18,Yes,Yes,5.4,55
4850,Male,5.0,78,58,55,53,16,Yes,Yes,5.2,56
4851,Male,6.0,71,60,60,50,22,Yes,No,6.9,55
4852,Male,3.2,71,52,67,58,17,Yes,Yes,6.5,55
4853,Male,3.3,66,67,59,56,16,Yes,Yes,5.0,57
4854,Male,4.8,74,60,69,58,16,No,No,5.7,51
4855,Female,4.8,65,50,65,63,22,Yes,Yes,5.9,55
4856,Female,6.0,76,61,57,65,22,Yes,Yes,5.9,59
4857,Male,5.0,65,54,60,66,22,Yes,Yes,6.5,60
4858,Female,4.0,78,50,60,59,20,Yes,Yes,5.3,53
4859,Male,4.3,67,59,56,61,19,Yes,No,5.2,56
4860,Male,5.6,80,61,60,62,16,Yes,No,5.6,59
4861,Male,3.3,68,60,58,52,16,No,No,5.5,52
4862,Male,6.0,74,63,69,56,16,Yes,No,6.8,54
4863,Female,5.7,73,52,55,63,19,Yes,No,6.2,56
4864,Female,4.4,65,56,63,50,16,Yes,No,6.3,49
4865,Female,4.4,77,53,61,70,16,Yes,Yes,5.2,51
4866,Female,5.6,67,64,60,50,17,Yes,No,6.9,59
4867,Female,3.8,65,52,57,70,21,Yes,Yes,6.8,55
4868,Male,5.1,79,67,59,59,16,Yes,No,5.2,55
4869,Female,3.9,67,53,63,65,18,Yes,No,6.8,56
4870,Female,3.4,66,63,64,54,21,Yes,Yes,5.1,51
4871,Female,4.2,72,66,66,53,21,Yes,No,6.4,62
4872,Female,4.2,69,52,70,59,19,Yes,Yes,5.5,53
4873,Female,5.3,73,68,65,50,19,Yes,No,5.1,57
4874,Female,4.4,68,57,64,70,19,No,Yes,6.5,54
4875,Male,5.8,66,65,72,63,20,Yes,No,6.7,58
4876,Female,3.3,72,50,63,53,21,Yes,Yes,6.3,54
4877,Female,3.7,73,57,66,70,22,Yes,Yes,6.3,62
4878,Male,3.1,78,66,66,54,22,No,Yes,6.9,55
4879,Male,5.4,75,51,63,50,22,Yes,Yes,6.1,60
4880,Male,4.6,77,67,69,58,21,Yes,Yes,5.0,63
4881,Female,4.0,76,51,66,65,20,Yes,No,5.3,51
4882,Female,4.2,66,62,61,69,20,Yes,Yes,6.3,53
4883,Male,3.3,76,58,56,70,22,No,Yes,6.9,58
4884,Male,4.5,66,62,71,56,16,Yes,Yes,6.5,51
4885,Male,4.8,69,55,61,57,16,No,No,5.4,56
4886,Female,3.0,71,66,66,63,16,No,No,5.8,57
4887,Male,3.3,73,55,70,70,21,No,No,6.0,52
4888,Male,3.7,80,58,60,53,21,Yes,No,6.8,53
4889,Male,3.1,72,65,63,53,18,Yes,Yes,6.3,57
4890,Male,3.4,66,60,59,60,17,Yes,Yes,6.9,48
4891,Female,4.5,72,62,64,55,19,Yes,Yes,5.4,61
4892,Female,4.6,68,63,57,54,20,Yes,No,5.3,55
4893,Female,3.7,71,51,58,50,19,Yes,No,5.7,55
4894,Male,4.2,73,66,64,53,17,Yes,Yes,5.4,52
4895,Male,5.7,80,57,71,60,21,Yes,Yes,6.7,61
4896,Male,3.6,68,57,70,50,20,No,Yes,6.9,60
4897,Female,4.4,70,53,62,53,19,Yes,Yes,6.6,60
4898,Male,4.5,71,64,57,61,16,No,No,6.2,50
4899,Female,3.8,72,67,55,56,19,Yes,Yes,6.3,58
4900,Male,3.7,71,64,56,58,20,No,No,5.5,53
4901,Male,3.9,79,65,55,50,18,Yes,Yes,6.8,56
4902,Male,5.6,73,67,58,53,22,Yes,No,6.0,63
4903,Female,4.6,75,51,59,67,18,No,No,6.0,60
4904,Female,5.2,72,64,57,61,19,Yes,No,6.5,53
4905,Male,3.6,66,64,55,62,19,No,No,5.8,58
4906,Female,3.6,72,52,58,68,22,Yes,No,7.0,58
4907,Male,4.0,72,50,62,65,17,Yes,No,6.5,52
4908,Male,4.5,67,64,55,56,19,Yes,No,6.1,54
4909,Male,5.6,65,59,66,66,17,Yes,No,5.1,52
4910,Male,4.3,74,54,64,63,20,Yes,No,5.5,59
4911,Male,3.2,78,60,59,68,21,Yes,No,6.2,56
4912,Male,4.9,68,54,55,64,17,Yes,No,6.8,50
4913,Female,5.5,75,60,55,67,16,Yes,No,6.1,58
4914,Male,4.0,79,67,57,64,18,No,Yes,5.6,53
4915,Male,3.2,76,52,66,60,19,No,Yes,6.0,54
4916,Male,3.1,77,65,65,69,21,Yes,Yes,6.2,55
4917,Male,3.2,73,52,64,51,18,Yes,No,6.5,58
4918,Male,3.1,67,58,63,63,18,Yes,No,5.6,53
4919,Female,3.1,74,51,55,59,21,Yes,Yes,5.8,56
4920,Female,4.6,71,59,72,64,18,Yes,No,5.3,58
4921,Male,5.6,77,63,59,60,19,No,No,5.8,53
4922,Male,4.8,67,52,71,53,17,Yes,Yes,6.3,51
4923,Male,3.2,68,61,65,69,16,Yes,No,5.6,50
4924,Female,5.6,67,65,63,52,21,Yes,No,5.9,57
4925,Female,5.6,77,56,58,70,16,No,Yes,6.4,54
4926,Male,4.8,77,65,56,55,18,Yes,No,5.6,57
4927,Male,5.8,73,62,68,59,18,Yes,No,6.5,61
4928,Male,3.3,72,55,71,52,22,Yes,Yes,5.2,54
4929,Female,5.8,73,65,60,68,19,Yes,Yes,6.5,58
4930,Male,5.7,74,66,64,50,16,Yes,No,6.1,56
4931,Male,5.7,72,68,59,70,21,No,Yes,5.6,62
4932,Female,5.3,80,62,70,63,22,Yes,Yes,5.5,63
4933,Male,4.6,75,57,63,54,18,Yes,Yes,5.2,51
4934,Female,5.5,79,59,69,63,22,Yes,No,5.9,60
4935,Female,4.8,71,61,60,62,22,Yes,No,5.5,58
4936,Male,5.6,80,50,71,61,19,Yes,No,6.5,59
4937,Male,4.9,78,56,68,65,16,Yes,Yes,6.3,54
4938,Male,5.8,68,58,56,61,22,Yes,No,5.9,60
4939,Male,6.0,65,52,66,61,18,Yes,Yes,5.5,56
4940,Female,4.4,75,54,66,62,21,Yes,Yes,5.4,56
4941,Female,4.1,75,65,67,63,17,Yes,Yes,5.5,56
4942,Female,5.1,75,50,65,56,22,No,Yes,5.0,60
4943,Male,3.4,69,65,67,68,18,Yes,No,6.3,59
4944,Male,5.5,70,63,67,50,17,Yes,No,5.8,58
4945,Male,5.3,78,59,63,67,17,Yes,Yes,6.3,62
4946,Male,3.1,80,62,58,63,18,Yes,No,5.4,58
4947,Female,3.4,80,53,68,59,20,Yes,No,7.0,60
4948,Male,4.7,65,65,60,60,20,Yes,No,5.4,51
4949,Male,4.0,80,66,56,65,20,Yes,Yes,6.0,54
4950,Male,3.1,67,56,61,59,22,Yes,No,6.5,50
4951,Male,3.9,70,63,60,58,20,Yes,Yes,5.6,60
4952,Male,5.0,76,53,58,70,21,Yes,No,5.3,57
4953,Male,3.7,68,67,59,67,19,No,Yes,7.0,52
4954,Male,4.8,68,52,59,50,22,Yes,No,5.4,55
4955,Male,6.0,78,68,63,54,17,Yes,Yes,6.1,57
4956,Male,5.2,76,59,60,66,20,No,Yes,5.6,55
4957,Female,3.9,75,51,62,50,22,No,No,7.0,53
4958,Female,5.1,67,64,61,52,19,Yes,No,5.3,51
4959,Female,4.3,69,58,64,66,17,Yes,No,6.4,51
4960,Female,5.3,80,68,62,66,21,Yes,No,6.1,57
4961,Male,4.3,80,65,63,65,22,Yes,Yes,6.1,63
4962,Male,4.3,70,62,67,60,17,Yes,No,6.7,55
4963,Male,3.7,66,54,55,59,16,Yes,Yes,5.5,48
4964,Female,3.4,73,57,62,64,16,Yes,Yes,7.0,51
4965,Female,3.9,77,57,66,60,16,Yes,No,5.2,52
4966,Male,5.0,65,53,65,66,18,Yes,No,5.7,58
4967,Female,5.4,80,51,56,52,21,Yes,No,6.4,56
4968,Male,4.1,65,65,62,50,17,Yes,No,6.9,57
4969,Male,5.5,80,51,57,50,16,Yes,No,6.3,55
4970,Male,5.5,70,55,63,50,16,Yes,Yes,5.8,53
4971,Male,5.8,66,55,65,52,18,No,Yes,5.5,60
4972,Male,3.3,65,51,64,60,16,Yes,No,5.2,53
4973,Male,4.7,75,63,56,54,19,Yes,Yes,5.8,54
4974,Male,6.0,78,63,56,60,18,Yes,Yes,6.8,57
4975,Female,4.0,73,55,60,59,19,Yes,Yes,6.7,50
4976,Female,5.0,78,53,70,60,22,No,No,5.5,54
4977,Male,3.3,68,59,72,67,22,Yes,Yes,6.6,58
4978,Female,5.8,80,60,66,65,16,Yes,No,6.1,58
4979,Male,5.6,75,51,63,58,21,Yes,No,5.6,57
4980,Male,5.3,77,65,55,66,20,Yes,Yes,5.1,58
4981,Female,3.7,78,55,68,66,18,No,No,6.8,58
4982,Male,3.2,68,59,59,50,19,No,No,7.0,59
4983,Male,3.1,67,58,62,63,18,Yes,No,6.2,51
4984,Male,4.2,68,51,65,58,16,Yes,No,6.7,49
4985,Female,4.3,67,64,66,53,21,Yes,Yes,6.5,51
4986,Female,4.7,70,66,64,61,18,No,No,5.9,52
4987,Female,5.4,78,63,70,54,21,Yes,Yes,5.2,55
4988,Male,3.9,68,58,61,50,21,Yes,No,6.2,52
4989,Male,5.9,76,65,72,57,17,Yes,No,5.8,59
4990,Female,5.7,68,55,56,61,20,No,No,6.2,56
4991,Female,4.8,65,52,60,55,18,Yes,Yes,6.5,51
4992,Male,3.3,65,67,72,51,17,Yes,Yes,5.7,49
4993,Male,5.2,77,57,69,51,17,Yes,Yes,6.8,56
4994,Female,4.0,77,64,67,52,19,Yes,Yes,6.4,52
4995,Male,4.6,77,56,67,51,17,Yes,Yes,6.6,53
4996,Female,5.8,66,54,60,60,22,Yes,No,5.6,52
4997,Male,3.1,79,67,69,56,22,Yes,Yes,6.9,61
4998,Female,4.9,74,53,56,51,21,Yes,No,5.0,58
4999,Male,6.0,72,68,62,50,22,Yes,Yes,5.0,61
5000,Male,5.5,78,50,72,69,21,Yes,No,6.7,61
5001,Male,4.4,65,59,64,64,20,Yes,No,7.0,56
5002,Male,3.0,80,66,55,55,22,Yes,No,5.9,55
5003,Female,3.0,66,60,56,53,20,Yes,No,6.1,55
5004,Male,3.6,65,67,64,55,19,Yes,Yes,5.6,57
5005,Male,5.4,79,55,66,60,17,Yes,No,5.4,57
5006,Female,3.2,76,51,58,56,18,Yes,Yes,5.3,57
5007,Male,4.7,80,61,55,61,16,Yes,Yes,5.4,61
5008,Male,3.3,65,61,57,59,16,Yes,No,5.3,48
5009,Female,5.9,76,52,65,63,20,Yes,Yes,6.2,55
5010,Male,4.4,69,62,72,68,20,Yes,No,5.5,55
5011,Female,3.1,69,61,60,56,20,Yes,Yes,5.1,50
5012,Female,5.4,79,52,59,59,22,Yes,Yes,6.6,54
5013,Male,4.8,69,60,72,52,20,Yes,Yes,5.4,58
5014,Female,4.3,71,63,66,56,16,Yes,Yes,6.3,55
5015,Female,4.7,68,61,56,67,20,Yes,Yes,5.6,52
5016,Male,5.4,68,67,69,69,20,Yes,Yes,6.2,60
5017,Female,3.4,65,58,59,56,17,No,Yes,6.6,58
5018,Male,3.0,69,60,55,69,21,No,No,6.4,52
5019,Female,3.1,74,57,72,63,19,Yes,Yes,5.9,55
5020,Female,5.0,77,51,60,64,18,Yes,No,6.0,59
5021,Female,4.2,65,61,61,65,17,Yes,Yes,6.1,59
5022,Male,4.7,65,52,72,55,18,Yes,No,5.9,50
5023,Female,3.4,65,68,71,70,22,Yes,No,6.3,59
5024,Male,4.5,67,63,72,68,19,No,Yes,5.0,58
5025,Male,5.6,70,65,56,59,21,Yes,No,6.7,58
5026,Male,4.1,65,63,72,52,21,No,Yes,5.9,53
5027,Male,5.0,79,64,55,56,16,Yes,No,5.1,50
5028,Male,4.9,76,58,63,66,19,Yes,Yes,6.1,51
5029,Female,3.6,78,60,72,62,21,Yes,No,5.9,53
5030,Male,3.6,65,63,68,63,18,Yes,Yes,5.1,60
5031,Male,3.7,65,66,70,67,16,Yes,Yes,6.7,52
5032,Female,5.1,72,64,58,54,19,Yes,No,6.5,60
5033,Male,4.0,75,65,72,70,16,Yes,Yes,5.5,58
5034,Female,5.5,68,65,65,62,17,No,No,5.5,62
5035,Female,3.7,68,65,72,55,19,Yes,Yes,5.5,50
5036,Male,4.2,69,51,71,59,22,No,No,5.0,59
5037,Female,3.8,65,53,65,64,19,No,Yes,5.6,56
5038,Male,4.5,75,63,65,70,17,Yes,No,5.6,56
5039,Female,4.7,78,62,69,55,20,Yes,No,5.4,62
5040,Male,3.4,78,65,63,51,19,Yes,Yes,6.3,51
5041,Male,3.3,70,64,62,67,19,No,Yes,6.3,59
5042,Male,5.4,77,54,59,61,21,Yes,Yes,6.8,59
5043,Female,5.7,67,51,62,61,19,Yes,No,5.7,55
5044,Male,3.6,67,59,60,63,17,Yes,Yes,6.0,55
5045,Male,3.2,67,54,68,63,22,Yes,Yes,5.6,57
5046,Male,3.2,66,68,57,50,16,Yes,Yes,6.2,56
5047,Female,3.9,74,57,56,51,16,Yes,Yes,5.9,58
5048,Female,5.0,80,59,60,50,21,Yes,No,5.6,54
5049,Female,5.1,71,51,70,56,17,No,No,5.2,56
5050,Male,4.7,68,51,69,51,21,Yes,No,6.1,58
5051,Female,3.3,73,50,59,61,16,No,No,6.9,55
5052,Female,6.0,73,57,64,68,21,Yes,No,5.6,60
5053,Female,5.0,76,51,65,56,18,Yes,Yes,6.0,59
5054,Female,3.0,76,68,66,56,21,Yes,Yes,6.7,61
5055,Female,5.8,70,51,63,52,21,Yes,No,5.7,57
5056,Male,5.3,66,53,67,58,21,Yes,No,5.5,55
5057,Male,4.4,73,59,64,57,17,Yes,No,6.6,52
5058,Female,4.6,80,59,56,59,22,Yes,Yes,6.8,60
5059,Male,5.2,80,54,71,56,21,No,Yes,6.5,53
5060,Male,3.1,79,67,64,59,17,No,Yes,6.2,52
5061,Male,3.4,69,66,59,63,18,Yes,No,6.0,60
5062,Male,5.9,70,59,71,68,16,Yes,No,5.0,57
5063,Male,4.1,73,57,63,61,19,Yes,No,5.7,52
5064,Male,3.9,73,58,56,64,21,Yes,Yes,5.1,50
5065,Male,3.2,72,68,65,69,21,No,No,5.6,57
5066,Female,5.6,65,65,61,53,17,Yes,Yes,6.0,51
5067,Male,4.2,69,53,71,52,18,Yes,Yes,5.5,58
5068,Female,3.2,66,61,55,64,16,No,No,6.2,48
5069,Female,5.0,70,64,67,55,18,Yes,Yes,6.4,54
5070,Male,3.5,80,66,56,58,21,No,Yes,6.0,60
5071,Male,4.5,75,55,61,69,20,Yes,No,6.2,54
5072,Female,5.4,74,61,63,58,16,Yes,No,6.7,61
5073,Male,4.4,69,66,60,62,22,Yes,Yes,5.3,63
5074,Male,3.3,75,55,70,59,19,Yes,No,6.7,59
5075,Female,4.9,72,56,61,52,21,Yes,Yes,5.9,55
5076,Male,4.9,80,60,67,52,20,Yes,No,6.7,53
5077,Female,3.4,65,50,56,55,19,Yes,No,6.1,54
5078,Female,3.2,65,61,58,70,17,Yes,No,6.9,52
5079,Male,3.6,65,60,61,65,22,Yes,No,6.8,62
5080,Male,4.9,70,65,64,62,22,Yes,Yes,5.4,59
5081,Female,3.2,76,55,63,56,20,Yes,Yes,6.0,49
5082,Female,5.2,74,59,63,70,20,Yes,Yes,5.5,53
5083,Female,5.9,77,55,63,56,20,Yes,Yes,5.6,62
5084,Male,5.8,67,61,69,57,21,Yes,No,6.3,62
5085,Female,3.2,68,67,59,61,16,Yes,Yes,6.3,50
5086,Female,5.0,78,64,59,50,19,Yes,Yes,5.7,53
5087,Female,4.2,67,63,67,64,21,Yes,Yes,5.8,51
5088,Male,5.1,72,58,55,52,16,Yes,No,7.0,56
5089,Female,5.1,79,61,68,70,22,Yes,Yes,6.5,60
5090,Female,5.2,80,65,64,52,22,Yes,No,5.1,52
5091,Female,5.4,69,57,62,51,20,Yes,Yes,6.6,59
5092,Male,4.9,78,53,67,60,17,Yes,Yes,6.7,58
5093,Male,4.0,74,55,72,69,16,Yes,Yes,6.9,58
5094,Female,3.4,71,51,67,53,18,No,No,6.7,57
5095,Male,4.3,68,62,56,57,19,Yes,No,6.7,58
5096,Male,3.8,68,64,70,64,20,Yes,No,5.9,54
5097,Female,4.2,66,68,67,51,20,Yes,Yes,5.9,62
5098,Female,3.4,72,50,71,65,20,Yes,Yes,6.0,58
5099,Male,3.8,71,64,66,69,19,Yes,No,7.0,57
5100,Male,6.0,70,57,55,51,20,Yes,Yes,6.4,52
5101,Female,4.8,76,50,58,56,22,Yes,No,6.5,55
5102,Female,5.2,67,52,65,62,19,Yes,No,6.5,60
5103,Male,5.7,70,59,67,59,20,Yes,Yes,6.3,53
5104,Female,5.4,66,68,63,70,17,Yes,No,6.3,54
5105,Male,4.9,80,67,57,57,16,Yes,Yes,6.8,61
5106,Male,5.1,77,68,55,50,18,Yes,Yes,6.8,62
5107,Male,3.8,73,51,66,67,16,No,Yes,5.7,59
5108,Male,4.5,67,52,60,63,22,Yes,No,6.7,62
5109,Male,5.9,66,63,71,52,22,No,Yes,5.6,54
5110,Male,5.6,77,53,58,65,22,Yes,No,5.9,54
5111,Female,4.2,80,51,72,50,18,Yes,No,6.5,56
5112,Male,3.8,80,65,65,65,17,Yes,No,5.6,50
5113,Male,3.3,67,66,68,52,19,Yes,No,5.7,59
5114,Male,5.1,74,64,68,58,21,Yes,Yes,6.9,63
5115,Female,5.6,71,55,66,52,20,Yes,Yes,6.1,52
5116,Male,3.7,73,54,59,64,22,Yes,Yes,6.0,59
5117,Female,5.6,70,63,71,55,17,No,No,6.2,57
5118,Female,3.8,70,52,62,66,21,Yes,No,5.0,52
5119,Female,4.4,73,53,66,53,17,Yes,No,6.2,55
5120,Female,3.5,71,65,66,50,20,Yes,No,6.5,61
5121,Male,4.0,70,60,59,57,17,Yes,No,5.6,54
5122,Male,4.7,80,68,68,60,19,Yes,Yes,5.3,51
5123,Female,4.1,65,63,63,60,22,Yes,No,5.7,61
5124,Male,5.3,70,59,56,65,22,No,No,6.4,55
5125,Male,4.6,70,68,61,64,16,Yes,Yes,6.5,52
5126,Male,5.2,77,50,71,51,18,Yes,No,5.7,52
5127,Male,5.8,67,63,69,61,22,Yes,Yes,5.0,54
5128,Female,4.9,79,50,61,59,22,No,No,5.2,57
5129,Male,5.3,78,56,70,52,17,Yes,No,7.0,61
5130,Female,5.6,75,57,71,55,20,Yes,No,6.9,62
5131,Female,5.0,72,62,65,64,21,Yes,Yes,6.5,55
5132,Male,3.8,74,60,58,55,21,Yes,No,5.7,57
5133,Male,3.0,71,58,68,58,21,Yes,No,5.5,52
5134,Female,4.3,77,51,68,68,20,Yes,Yes,6.6,54
5135,Female,5.9,71,66,59,69,17,Yes,No,5.1,53
5136,Male,4.5,76,65,58,51,17,Yes,No,5.8,53
5137,Male,5.0,78,55,65,70,16,Yes,No,6.4,57
5138,Female,4.0,65,67,71,66,19,Yes,Yes,6.5,60
5139,Male,4.4,74,55,61,62,16,Yes,Yes,5.5,56
5140,Male,5.9,74,58,63,56,22,Yes,No,6.7,55
5141,Male,4.3,80,65,68,56,22,Yes,Yes,6.1,56
5142,Male,5.1,66,59,62,66,18,Yes,Yes,6.4,51
5143,Female,4.0,77,66,63,55,16,Yes,No,6.1,59
5144,Male,3.8,70,52,62,53,16,No,No,5.3,55
5145,Female,3.9,65,56,56,54,21,No,No,5.4,52
5146,Male,4.3,65,59,60,57,22,Yes,Yes,5.3,57
5147,Male,4.8,70,50,68,56,16,Yes,Yes,6.7,50
5148,Female,3.5,77,52,72,68,16,Yes,Yes,5.0,55
5149,Male,3.1,67,64,60,60,16,Yes,Yes,5.5,51
5150,Male,3.2,79,51,60,50,22,Yes,No,6.1,60
5151,Male,3.0,73,62,67,52,22,Yes,No,6.4,57
5152,Male,3.4,80,55,56,70,21,Yes,Yes,5.6,51
5153,Male,5.1,76,57,62,56,18,Yes,Yes,5.1,57
5154,Female,5.9,66,59,63,62,16,Yes,Yes,6.0,50
5155,Female,3.3,72,54,55,68,19,Yes,Yes,5.9,49
5156,Male,4.4,67,56,65,68,21,Yes,Yes,6.4,58
5157,Male,3.7,77,57,71,61,19,Yes,No,5.6,54
5158,Female,5.1,65,67,64,53,19,No,No,5.3,58
5159,Female,5.1,78,66,62,70,16,No,No,5.5,57
5160,Male,3.7,73,61,66,66,21,Yes,Yes,6.4,56
5161,Male,4.9,66,53,71,53,22,Yes,No,6.3,62
5162,Male,3.0,77,61,58,69,20,Yes,No,6.1,61
5163,Male,5.5,68,65,66,51,19,Yes,No,6.9,53
5164,Male,4.4,76,50,63,62,16,Yes,Yes,6.8,51
5165,Male,6.0,78,61,68,67,21,Yes,No,6.7,63
5166,Female,3.0,65,58,72,65,16,Yes,No,6.8,52
5167,Male,3.7,80,62,64,52,18,Yes,No,5.6,52
5168,Female,5.8,75,56,57,59,18,Yes,Yes,6.2,57
5169,Male,3.1,65,63,66,59,19,Yes,Yes,5.4,55
5170,Female,3.4,79,54,63,56,19,Yes,Yes,6.3,50
5171,Male,3.8,66,66,58,58,21,Yes,Yes,5.9,56
5172,Male,4.3,79,59,58,65,16,No,No,6.6,49
5173,Male,4.0,71,52,61,58,21,Yes,Yes,5.2,58
5174,Male,5.7,76,59,57,65,18,Yes,Yes,5.5,51
5175,Female,4.8,76,67,63,67,17,No,Yes,6.1,59
5176,Female,5.3,77,53,55,67,17,No,Yes,6.6,58
5177,Female,3.4,66,62,64,62,18,Yes,Yes,6.4,58
5178,Female,4.1,75,51,72,58,18,Yes,No,5.1,50
5179,Female,4.1,65,68,60,66,19,Yes,No,5.2,52
5180,Female,3.8,69,60,65,54,16,Yes,Yes,5.5,58
5181,Female,4.6,68,68,71,51,22,Yes,Yes,5.7,61
5182,Male,5.6,75,56,55,63,19,Yes,Yes,5.4,51
5183,Male,4.7,74,50,58,63,21,Yes,Yes,5.9,58
5184,Male,4.7,68,50,65,50,22,Yes,No,6.0,52
5185,Male,5.9,74,59,66,58,16,Yes,No,6.7,61
5186,Male,4.5,78,65,61,67,21,Yes,No,5.6,53
5187,Female,4.2,78,60,69,69,17,Yes,No,6.1,53
5188,Female,3.7,73,57,70,51,17,Yes,Yes,6.4,60
5189,Male,4.0,77,60,58,58,16,Yes,No,6.4,54
5190,Male,4.2,72,54,71,64,19,Yes,No,6.6,60
5191,Male,3.1,76,52,58,65,22,Yes,No,5.0,55
5192,Male,5.2,79,58,61,64,17,No,Yes,6.1,51
5193,Male,3.6,67,56,66,65,21,Yes,No,5.2,58
5194,Male,3.3,74,64,67,55,16,Yes,No,5.9,53
5195,Female,5.2,74,53,63,60,18,Yes,No,6.6,58
5196,Female,3.2,68,62,71,67,18,Yes,Yes,6.2,56
5197,Female,3.0,73,57,72,56,16,Yes,No,5.2,58
5198,Male,4.2,78,50,71,66,16,Yes,No,6.8,53
5199,Male,5.3,69,59,64,62,22,Yes,No,6.4,62
5200,Male,3.6,77,51,72,64,17,Yes,No,6.5,56
5201,Female,5.1,67,56,69,54,22,No,No,5.3,55
5202,Male,4.9,65,66,62,58,20,Yes,Yes,5.2,52
5203,Female,3.8,70,65,61,67,21,Yes,No,6.9,61
5204,Male,5.8,80,54,60,70,19,No,Yes,6.6,61
5205,Male,4.0,71,68,60,61,21,Yes,No,6.0,55
5206,Male,3.6,80,52,68,51,21,Yes,Yes,5.5,60
5207,Female,5.3,79,62,55,54,20,Yes,Yes,6.0,63
5208,Male,5.7,73,66,71,52,16,Yes,No,5.7,50
5209,Male,4.4,67,55,71,66,21,Yes,No,5.5,62
5210,Male,5.7,72,51,72,54,22,Yes,No,5.4,60
5211,Male,3.7,75,57,68,68,20,Yes,No,6.5,54
5212,Male,4.9,78,53,57,60,19,Yes,No,6.6,53
5213,Male,4.5,65,52,63,62,19,Yes,Yes,5.1,51
5214,Female,5.5,65,58,64,64,16,Yes,Yes,7.0,52
5215,Male,5.3,69,59,72,64,18,Yes,Yes,6.0,58
5216,Male,4.6,78,52,70,57,22,Yes,Yes,6.6,60
5217,Male,5.1,71,60,57,57,19,Yes,No,6.1,61
5218,Male,3.9,78,68,72,58,21,Yes,No,5.4,59
5219,Female,5.0,80,61,68,52,22,Yes,No,6.0,59
5220,Male,4.4,80,66,66,68,17,Yes,Yes,6.4,55
5221,Male,3.2,71,64,64,59,20,Yes,Yes,6.8,53
5222,Male,3.1,69,58,63,60,16,Yes,No,5.4,55
5223,Female,3.4,80,66,60,69,18,No,No,6.6,60
5224,Male,5.2,72,64,68,56,22,Yes,Yes,5.3,58
5225,Male,3.9,80,58,57,70,17,Yes,No,5.9,59
5226,Male,4.0,68,50,71,63,22,Yes,No,6.7,62
5227,Male,5.6,71,56,57,57,17,Yes,Yes,6.2,50
5228,Male,4.8,70,61,56,52,19,Yes,No,5.7,57
5229,Female,4.6,71,54,72,52,16,Yes,Yes,6.4,58
5230,Male,3.2,75,60,70,56,20,Yes,No,6.4,55
5231,Male,3.0,65,63,67,53,19,Yes,No,6.8,50
5232,Female,4.3,77,50,60,59,18,Yes,Yes,6.4,56
5233,Female,4.5,74,56,62,62,22,Yes,No,6.2,60
5234,Male,3.8,65,62,72,56,18,No,Yes,6.5,52
5235,Female,3.7,70,59,68,68,19,Yes,No,5.8,50
5236,Male,4.6,66,59,58,59,21,Yes,Yes,5.0,58
5237,Male,3.8,68,54,67,53,20,Yes,Yes,6.8,58
5238,Female,5.0,71,50,64,59,17,Yes,Yes,6.9,50
5239,Male,3.8,75,60,69,69,20,Yes,No,6.2,51
5240,Female,4.2,80,54,62,51,19,Yes,No,6.3,57
5241,Male,4.3,67,61,58,51,18,Yes,Yes,5.2,56
5242,Female,6.0,76,68,61,54,21,Yes,No,6.9,57
5243,Female,3.2,78,65,65,60,22,Yes,No,5.9,53
5244,Male,4.0,65,55,72,69,21,Yes,No,5.6,56
5245,Male,4.1,79,62,63,53,17,Yes,Yes,6.4,56
5246,Female,5.5,77,50,71,65,20,No,No,5.8,62
5247,Male,3.4,72,60,56,69,18,Yes,No,6.2,54
5248,Female,3.6,66,64,59,61,18,Yes,Yes,5.5,51
5249,Male,3.2,75,58,69,70,17,Yes,Yes,6.1,53
5250,Female,5.6,72,53,63,62,22,No,Yes,5.0,60
5251,Male,1.5,63,46,43,30,14,Yes,Yes,5.3,38
5252,Male,2.8,65,41,40,33,11,Yes,No,5.2,43
5253,Male,3.0,62,44,55,39,16,Yes,Yes,5.4,41
5254,Female,2.6,52,46,52,35,13,Yes,Yes,4.8,40
5255,Female,2.6,62,36,43,37,10,Yes,No,5.9,33
5256,Female,1.6,58,42,52,41,16,Yes,Yes,5.7,43
5257,Male,1.4,59,38,47,38,14,No,Yes,5.3,36
5258,Male,1.8,51,47,41,32,15,Yes,Yes,4.4,41
5259,Male,2.1,50,48,45,30,12,Yes,No,4.5,38
5260,Female,1.8,63,49,53,49,10,Yes,Yes,4.1,32
5261,Male,1.2,60,34,49,30,12,Yes,No,5.8,32
5262,Male,2.0,58,34,54,43,14,No,No,4.8,33
5263,Male,2.6,57,37,50,43,16,Yes,No,5.2,35
5264,Male,1.5,60,44,52,42,10,Yes,No,4.8,33
5265,Female,1.6,50,36,42,47,12,Yes,No,4.1,39
5266,Male,1.7,54,36,48,50,13,Yes,Yes,4.7,37
5267,Female,1.3,51,37,48,43,13,Yes,Yes,5.4,38
5268,Female,1.2,55,46,43,39,15,Yes,Yes,4.4,38
5269,Male,2.7,60,50,53,34,16,No,Yes,6.0,42
5270,Male,2.7,57,46,49,44,16,No,Yes,4.7,35
5271,Male,2.5,64,38,42,46,16,Yes,Yes,5.5,33
5272,Male,2.3,51,41,50,38,13,No,No,5.4,32
5273,Male,2.3,63,33,43,49,16,Yes,No,5.4,43
5274,Male,1.3,57,30,47,33,12,Yes,Yes,5.1,37
5275,Female,1.5,54,47,40,40,12,Yes,No,5.3,31
5276,Male,1.2,61,31,55,47,13,Yes,Yes,4.5,36
5277,Male,1.5,58,50,46,35,15,Yes,Yes,5.2,39
5278,Male,2.4,61,41,52,34,14,Yes,No,4.6,41
5279,Female,2.5,64,47,47,37,14,Yes,Yes,4.5,43
5280,Male,2.2,61,32,51,44,14,Yes,Yes,4.9,35
5281,Male,2.0,57,49,54,46,11,Yes,Yes,4.0,32
5282,Female,1.8,50,44,49,40,16,Yes,No,4.8,38
5283,Female,2.8,55,44,43,47,16,Yes,No,5.3,42
5284,Female,1.1,51,34,41,45,12,Yes,Yes,5.8,32
5285,Male,2.8,59,36,40,50,13,Yes,No,5.7,42
5286,Female,1.4,55,31,44,39,15,Yes,No,5.6,36
5287,Male,2.3,65,32,40,33,10,No,No,4.4,33
5288,Male,2.2,52,42,48,34,13,Yes,No,4.2,38
5289,Female,2.0,50,45,47,41,11,Yes,Yes,4.9,38
5290,Female,2.1,53,36,40,50,10,No,Yes,4.2,37
5291,Male,1.4,60,35,41,31,16,Yes,No,5.9,37
5292,Male,2.8,58,36,41,47,13,Yes,No,4.0,37
5293,Male,1.2,65,34,46,34,16,Yes,No,6.0,39
5294,Male,1.2,62,31,52,31,13,No,No,4.9,34
5295,Female,1.1,53,47,43,31,10,Yes,No,4.9,41
5296,Male,1.9,51,33,43,44,10,Yes,No,5.5,36
5297,Female,2.5,61,44,51,44,14,Yes,No,4.0,37
5298,Male,2.7,60,50,48,45,14,Yes,No,6.0,33
5299,Female,2.1,62,40,45,36,16,Yes,No,4.1,33
5300,Female,1.4,56,30,48,49,16,Yes,Yes,5.1,32
5301,Female,1.0,62,44,51,40,12,Yes,Yes,4.9,34
5302,Female,2.9,56,46,44,40,10,No,No,4.2,33
5303,Female,2.0,52,45,45,42,11,No,No,5.4,31
5304,Male,2.1,50,47,53,32,10,Yes,No,4.3,37
5305,Male,1.1,60,44,55,34,10,No,No,4.2,38
5306,Male,1.0,53,44,53,43,11,Yes,Yes,5.8,32
5307,Male,2.0,64,33,42,30,13,Yes,Yes,5.5,38
5308,Female,1.5,59,33,49,45,11,Yes,No,4.7,41
5309,Female,1.4,64,39,45,40,11,No,Yes,4.6,39
5310,Female,2.4,57,48,51,32,13,No,Yes,5.3,39
5311,Male,2.9,57,45,40,33,12,Yes,Yes,5.4,32
5312,Female,2.4,52,41,43,49,14,No,Yes,5.9,36
5313,Male,2.0,65,34,50,48,13,Yes,No,4.2,33
5314,Female,2.4,57,37,49,32,13,No,Yes,4.3,42
5315,Male,1.6,63,42,41,36,10,No,No,5.9,41
5316,Male,2.3,56,38,46,38,16,Yes,Yes,5.1,40
5317,Male,2.4,65,44,47,39,13,Yes,No,4.3,37
5318,Male,1.8,53,47,55,39,11,Yes,Yes,4.0,38
5319,Female,2.2,56,34,52,46,11,Yes,No,5.5,40
5320,Female,2.2,60,33,53,35,14,Yes,No,5.4,32
5321,Female,1.8,64,45,46,37,10,Yes,Yes,5.7,33
5322,Male,2.3,64,42,52,37,12,No,No,4.0,33
5323,Female,1.5,64,43,50,35,16,Yes,No,5.5,38
5324,Female,2.0,60,33,53,48,11,Yes,Yes,4.1,37
5325,Male,1.7,54,50,49,40,12,No,Yes,5.3,31
5326,Female,1.7,64,38,50,46,10,No,No,5.0,38
5327,Female,1.2,57,33,45,44,13,Yes,No,4.1,40
5328,Male,2.1,54,38,51,34,12,No,Yes,5.7,41
5329,Male,2.3,61,37,49,33,13,Yes,Yes,4.8,38
5330,Male,1.2,53,31,43,39,15,No,No,5.6,35
5331,Male,2.9,60,46,48,39,14,Yes,No,6.0,33
5332,Male,1.1,64,45,43,40,13,Yes,No,5.3,37
5333,Male,2.7,53,44,49,38,13,Yes,No,5.1,37
5334,Male,2.3,50,47,45,35,14,Yes,No,5.3,39
5335,Female,1.7,59,31,44,48,11,Yes,Yes,4.9,35
5336,Male,2.3,64,34,40,35,11,Yes,Yes,5.1,38
5337,Male,1.1,50,47,40,41,14,Yes,No,5.1,33
5338,Male,1.0,60,36,54,47,11,No,No,5.1,37
5339,Female,1.1,56,30,54,32,10,Yes,Yes,6.0,39
5340,Male,2.1,55,35,46,48,13,Yes,No,4.8,38
5341,Male,1.1,52,48,41,44,10,Yes,No,5.7,32
5342,Male,2.7,59,34,53,36,12,Yes,No,5.1,35
5343,Male,1.4,65,50,48,49,12,No,No,4.7,33
5344,Male,2.9,61,41,51,44,16,No,No,5.9,43
5345,Male,2.3,53,43,42,49,10,Yes,Yes,4.7,41
5346,Female,2.4,54,48,53,32,12,Yes,No,5.4,43
5347,Male,1.1,64,48,50,50,15,No,No,4.3,33
5348,Male,1.5,58,47,42,32,14,Yes,No,5.9,33
5349,Female,1.7,59,47,55,38,14,No,No,4.5,33
5350,Male,1.7,50,45,45,30,16,Yes,No,4.1,32
5351,Male,1.2,65,39,46,40,13,No,Yes,4.6,33
5352,Female,2.7,63,46,40,47,12,Yes,Yes,4.8,43
5353,Male,2.4,53,34,46,42,16,Yes,No,4.3,35
5354,Male,2.6,51,30,44,41,10,No,Yes,5.1,30
5355,Male,2.8,59,38,53,31,14,Yes,Yes,5.9,41
5356,Female,2.1,65,39,54,42,11,Yes,No,5.9,32
5357,Male,2.3,50,49,43,31,10,Yes,No,5.4,38
5358,Male,1.6,52,46,40,38,16,Yes,Yes,4.3,34
5359,Male,2.6,65,41,54,37,11,Yes,No,6.0,39
5360,Male,1.8,64,41,51,41,11,Yes,No,4.7,38
5361,Female,1.0,63,42,48,46,13,Yes,No,5.1,38
5362,Male,1.2,51,31,41,35,12,Yes,No,4.7,36
5363,Male,1.5,64,49,51,34,14,No,Yes,4.5,42
5364,Female,1.6,53,39,51,31,12,Yes,Yes,5.3,37
5365,Male,1.1,60,50,43,32,14,Yes,Yes,4.2,39
5366,Female,2.7,61,50,51,40,14,Yes,No,4.6,36
5367,Male,2.8,54,39,42,49,15,Yes,No,5.2,41
5368,Male,2.7,62,44,54,39,16,Yes,No,4.4,34
5369,Male,2.7,60,49,44,44,10,Yes,No,6.0,35
5370,Male,1.9,56,50,49,45,13,Yes,No,5.4,41
5371,Male,1.2,52,46,55,44,13,Yes,No,4.6,37
5372,Male,1.2,63,50,50,35,15,Yes,Yes,4.1,41
5373,Male,2.7,56,32,44,43,10,Yes,Yes,4.7,39
5374,Female,2.9,61,47,54,43,14,Yes,No,4.6,44
5375,Male,2.0,57,31,55,46,11,Yes,Yes,4.9,34
5376,Female,1.7,59,33,45,37,16,Yes,Yes,5.5,37
5377,Male,1.4,61,46,41,35,12,Yes,No,4.7,40
5378,Male,3.0,64,38,46,40,10,No,Yes,5.8,36
5379,Female,1.4,65,31,44,36,10,Yes,No,4.9,30
5380,Male,1.1,62,30,55,42,11,Yes,Yes,5.7,34
5381,Male,1.0,62,36,47,41,13,Yes,Yes,4.6,38
5382,Male,1.1,55,40,44,33,12,Yes,Yes,5.4,31
5383,Female,2.9,53,45,44,50,11,Yes,No,5.3,41
5384,Female,2.1,55,42,41,50,16,Yes,Yes,4.3,37
5385,Female,1.3,55,38,41,40,15,No,No,5.9,35
5386,Female,2.9,57,49,40,30,12,Yes,No,4.7,41
5387,Male,1.4,51,46,55,31,16,No,No,4.7,42
5388,Male,2.9,62,37,51,48,14,Yes,Yes,4.1,35
5389,Male,1.6,62,48,41,31,16,Yes,No,4.7,39
5390,Male,2.7,56,46,40,44,14,Yes,No,5.9,35
5391,Female,2.2,59,30,49,38,13,Yes,No,5.8,37
5392,Male,1.0,63,42,51,40,14,Yes,No,5.2,43
5393,Male,2.1,62,48,55,34,11,Yes,Yes,4.4,37
5394,Male,1.0,62,37,42,48,10,Yes,No,5.7,37
5395,Female,2.5,57,42,47,40,14,No,Yes,4.2,33
5396,Male,2.7,54,47,52,33,11,No,Yes,5.6,35
5397,Male,1.5,54,50,49,40,12,Yes,Yes,4.3,36
5398,Male,1.0,57,34,41,30,10,Yes,No,4.2,31
5399,Female,2.1,55,38,47,40,10,Yes,No,5.3,39
5400,Male,1.7,55,49,50,42,10,Yes,Yes,5.3,39
5401,Female,2.8,58,43,55,42,12,Yes,No,4.1,42
5402,Female,1.4,52,38,40,47,11,Yes,Yes,4.0,38
5403,Female,1.5,57,42,41,34,13,Yes,No,5.9,32
5404,Male,1.8,65,36,53,35,14,Yes,Yes,4.3,38
5405,Female,1.4,55,39,46,46,11,No,Yes,4.1,38
5406,Male,1.4,55,46,47,36,14,Yes,Yes,5.4,33
5407,Female,1.4,55,36,50,49,10,No,Yes,4.8,38
5408,Male,2.8,51,33,48,39,10,Yes,No,4.3,36
5409,Female,1.5,61,42,54,30,14,Yes,Yes,5.3,42
5410,Male,2.8,61,31,48,43,11,Yes,No,5.4,42
5411,Female,1.6,61,36,50,47,16,Yes,Yes,5.6,36
5412,Male,2.0,61,49,42,49,10,Yes,No,4.7,31
5413,Female,1.7,61,31,45,41,16,Yes,No,5.8,34
5414,Male,1.0,65,30,53,32,14,Yes,Yes,4.9,36
5415,Female,1.6,61,35,43,38,14,Yes,No,4.5,38
5416,Female,2.1,62,48,44,34,13,Yes,Yes,5.7,32
5417,Male,2.4,61,50,48,50,10,Yes,No,5.6,32
5418,Male,1.4,59,32,44,43,15,Yes,Yes,4.8,39
5419,Male,2.9,60,48,52,39,13,Yes,No,4.1,36
5420,Male,2.7,60,36,44,30,13,Yes,No,4.6,36
5421,Male,1.6,57,39,41,36,13,Yes,No,4.1,33
5422,Male,1.1,52,40,53,47,11,No,No,5.3,30
5423,Female,2.5,55,35,51,35,15,Yes,No,5.7,39
5424,Male,1.9,64,31,53,44,15,Yes,Yes,5.3,39
5425,Female,2.3,57,31,54,30,13,Yes,No,5.0,31
5426,Male,1.3,59,46,40,41,13,Yes,No,5.2,36
5427,Male,1.6,50,30,48,38,14,Yes,Yes,4.1,31
5428,Male,2.4,59,48,45,30,12,Yes,No,5.1,35
5429,Male,1.6,58,32,44,32,10,Yes,No,4.9,34
5430,Male,1.7,50,36,42,41,15,No,No,5.0,40
5431,Male,1.0,63,44,51,50,10,Yes,No,4.5,35
5432,Male,1.7,50,48,51,33,12,Yes,Yes,5.4,39
5433,Male,1.1,57,47,52,33,10,Yes,No,5.9,31
5434,Male,1.3,65,33,48,36,16,No,Yes,4.7,35
5435,Female,1.2,63,40,40,50,12,Yes,Yes,5.9,39
5436,Male,1.4,51,45,46,45,10,Yes,Yes,4.4,30
5437,Male,2.1,59,40,45,39,10,Yes,No,5.1,38
5438,Male,2.3,54,40,47,37,13,No,Yes,4.1,31
5439,Male,2.9,58,31,40,49,14,No,Yes,5.4,34
5440,Male,2.9,53,48,44,50,11,Yes,No,5.0,40
5441,Female,2.4,58,49,44,41,12,No,Yes,5.3,37
5442,Female,1.8,58,50,45,45,11,No,Yes,5.1,39
5443,Female,2.1,52,31,50,32,16,Yes,Yes,4.3,34
5444,Female,1.4,63,45,55,45,14,Yes,Yes,5.0,39
5445,Male,1.0,50,46,44,38,10,Yes,No,5.0,33
5446,Female,1.4,53,41,54,48,11,No,Yes,4.1,33
5447,Male,1.2,62,50,45,30,10,Yes,No,4.9,32
5448,Female,1.8,62,31,53,48,13,No,No,5.6,32
5449,Male,2.3,50,48,45,50,15,Yes,Yes,5.9,42
5450,Female,2.5,50,46,53,37,16,Yes,Yes,4.4,44
5451,Female,2.4,65,43,40,40,12,Yes,No,4.0,32
5452,Female,2.4,51,47,46,31,13,Yes,No,5.3,35
5453,Male,1.7,61,43,49,39,16,No,Yes,4.2,43
5454,Male,1.5,63,32,52,31,12,No,Yes,4.0,33
5455,Male,2.2,53,39,46,43,13,No,No,5.0,43
5456,Male,1.9,58,48,42,33,16,Yes,Yes,5.0,41
5457,Female,1.6,65,40,46,33,12,Yes,Yes,5.6,37
5458,Male,1.1,57,47,52,31,11,Yes,No,5.9,31
5459,Male,2.1,64,41,52,45,12,Yes,No,5.7,37
5460,Male,1.5,65,39,46,49,11,Yes,Yes,5.0,40
5461,Male,2.1,50,36,55,47,10,Yes,No,5.7,32
5462,Male,2.6,50,46,44,37,12,Yes,Yes,5.8,38
5463,Male,2.2,61,45,51,33,13,No,No,4.8,43
5464,Male,1.5,58,49,41,38,11,Yes,No,5.6,36
5465,Male,2.9,54,34,45,44,15,Yes,No,5.7,41
5466,Male,1.7,51,35,52,30,15,Yes,No,5.7,41
5467,Female,1.7,60,48,44,32,15,Yes,No,5.1,38
5468,Female,2.8,56,36,54,38,12,Yes,No,4.4,43
5469,Male,1.5,59,47,54,43,10,No,No,5.6,36
5470,Female,2.3,64,37,52,50,15,No,Yes,4.1,33
5471,Male,2.6,64,49,49,44,13,No,No,5.5,34
5472,Male,2.4,50,30,45,39,14,No,No,4.3,40
5473,Male,1.6,52,40,42,35,10,Yes,No,5.5,37
5474,Female,2.6,63,31,42,30,13,Yes,Yes,5.9,39
5475,Female,2.0,55,39,44,41,16,Yes,No,4.8,42
5476,Male,2.1,60,38,41,50,15,Yes,No,4.6,38
5477,Female,2.8,62,36,46,38,13,Yes,No,6.0,39
5478,Male,1.6,62,31,44,49,15,Yes,No,4.8,37
5479,Female,2.7,61,36,40,45,10,Yes,Yes,4.9,42
5480,Male,2.4,65,46,53,30,10,Yes,Yes,4.7,41
5481,Male,2.9,58,40,42,35,14,Yes,Yes,5.1,44
5482,Male,2.0,56,45,43,39,15,Yes,Yes,5.0,38
5483,Male,1.9,59,37,44,31,16,Yes,No,4.4,39
5484,Male,1.9,63,44,54,40,12,Yes,No,4.0,37
5485,Male,2.0,62,31,47,42,16,Yes,No,4.9,36
5486,Male,2.9,65,38,42,41,16,Yes,No,5.7,41
5487,Male,1.9,52,50,48,46,16,Yes,Yes,5.6,36
5488,Female,1.6,60,32,54,46,11,Yes,Yes,5.4,37
5489,Female,2.5,52,38,52,30,10,No,Yes,5.0,35
5490,Male,1.1,51,31,44,40,13,Yes,Yes,5.4,33
5491,Female,2.7,64,46,47,50,16,Yes,No,5.9,43
5492,Male,1.5,54,37,49,45,16,Yes,Yes,4.2,38
5493,Male,1.5,50,34,45,43,16,Yes,Yes,4.7,39
5494,Female,2.8,62,45,51,42,11,No,Yes,4.9,36
5495,Male,1.0,59,48,47,49,13,Yes,No,4.7,38
5496,Male,2.3,55,35,41,48,12,Yes,No,4.9,37
5497,Male,2.7,61,46,46,49,15,Yes,No,6.0,33
5498,Male,1.8,55,44,41,38,16,Yes,No,4.5,42
5499,Female,2.7,64,32,51,46,11,Yes,No,4.5,36
5500,Female,2.8,57,47,50,39,12,Yes,Yes,5.7,35
5501,Female,2.6,50,39,53,46,14,Yes,No,4.8,43
5502,Male,1.8,58,35,55,35,12,Yes,No,4.9,39
5503,Male,2.1,56,45,42,40,13,Yes,No,4.2,39
5504,Female,1.4,65,32,47,46,15,Yes,No,5.0,33
5505,Male,2.8,53,42,53,43,16,Yes,Yes,5.5,35
5506,Female,2.2,63,45,52,35,15,Yes,No,4.2,35
5507,Male,1.3,65,42,53,44,10,Yes,Yes,6.0,38
5508,Male,1.2,58,46,51,44,14,Yes,No,4.3,40
5509,Female,2.9,54,49,41,30,16,Yes,Yes,5.2,39
5510,Male,1.5,60,38,44,39,13,No,Yes,5.7,33
5511,Female,2.0,55,35,42,47,10,Yes,No,5.7,36
5512,Female,1.9,50,43,54,45,15,Yes,No,4.9,43
5513,Male,1.4,62,39,50,37,14,Yes,Yes,4.4,38
5514,Female,3.0,57,41,47,37,15,Yes,No,5.8,36
5515,Male,1.7,59,42,54,40,16,Yes,No,5.7,34
5516,Female,2.7,64,45,41,37,10,Yes,Yes,5.4,40
5517,Male,1.7,56,35,41,32,12,Yes,No,5.6,34
5518,Female,2.6,56,42,55,49,14,No,No,5.0,37
5519,Male,1.8,59,39,49,48,14,Yes,No,5.8,32
5520,Female,2.5,63,44,46,48,11,Yes,Yes,5.3,39
5521,Male,1.3,54,32,42,49,16,No,Yes,4.3,40
5522,Female,1.1,65,47,45,31,14,Yes,No,5.2,35
5523,Male,1.2,50,36,44,48,14,No,No,5.0,41
5524,Male,2.6,61,49,51,39,13,Yes,No,6.0,34
5525,Female,2.4,62,46,41,37,10,No,Yes,4.6,31
5526,Male,2.4,58,43,40,32,16,Yes,No,5.4,36
5527,Male,1.4,57,43,40,41,13,No,No,4.5,34
5528,Female,1.2,61,38,50,49,15,No,Yes,5.5,43
5529,Male,2.2,53,49,52,49,16,Yes,No,5.3,45
5530,Male,1.1,63,40,44,30,16,Yes,No,5.7,42
5531,Male,2.6,50,48,40,32,13,Yes,Yes,5.6,32
5532,Male,2.8,56,43,40,49,13,Yes,No,4.6,43
5533,Female,2.3,65,36,44,31,10,Yes,Yes,5.7,38
5534,Male,1.4,56,50,40,41,11,Yes,No,4.4,37
5535,Female,2.4,50,39,55,31,12,Yes,No,4.8,41
5536,Female,2.4,56,35,49,31,16,Yes,No,4.7,41
5537,Female,1.7,53,50,40,37,14,Yes,No,5.3,42
5538,Male,2.0,50,49,51,34,10,Yes,No,6.0,36
5539,Female,1.5,56,49,48,34,14,Yes,Yes,4.0,41
5540,Female,2.0,56,49,41,36,13,Yes,No,4.0,40
5541,Female,1.3,61,47,53,48,15,Yes,Yes,5.4,42
5542,Female,1.9,64,47,42,36,12,Yes,Yes,6.0,42
5543,Female,2.8,50,40,41,32,14,Yes,Yes,4.2,39
5544,Female,1.0,58,46,51,39,15,Yes,No,5.3,34
5545,Male,1.0,59,40,45,40,12,Yes,Yes,5.8,41
5546,Female,1.9,58,38,43,34,15,No,Yes,5.9,42
5547,Female,2.2,54,33,50,34,14,Yes,Yes,4.5,40
5548,Male,2.8,59,46,47,35,12,Yes,Yes,5.5,32
5549,Female,2.9,63,32,44,33,13,Yes,No,5.6,39
5550,Female,1.0,52,35,46,37,15,No,No,4.0,38
5551,Female,1.7,61,50,52,50,13,No,Yes,5.8,35
5552,Male,1.8,59,33,49,37,12,Yes,No,4.6,33
5553,Male,2.5,58,49,41,40,11,Yes,No,5.0,42
5554,Male,1.0,58,35,42,43,14,No,No,4.5,33
5555,Male,1.4,50,46,55,35,13,Yes,No,4.6,33
5556,Male,2.2,61,44,42,41,12,Yes,No,4.7,42
5557,Female,1.3,63,38,47,50,12,Yes,Yes,4.3,32
5558,Female,1.3,65,50,45,48,14,Yes,No,4.1,35
5559,Male,2.3,64,35,52,40,16,No,No,4.2,37
5560,Female,2.3,65,46,43,37,10,No,No,4.6,38
5561,Male,1.1,51,34,48,32,11,Yes,No,4.0,31
5562,Male,1.8,59,35,42,39,11,Yes,Yes,4.9,39
5563,Male,1.7,54,34,55,45,10,No,No,5.9,32
5564,Female,2.1,62,49,55,49,14,Yes,No,5.5,42
5565,Female,1.8,63,50,49,32,10,Yes,Yes,4.4,31
5566,Female,2.2,62,44,45,44,15,No,Yes,4.8,36
5567,Female,1.9,53,49,49,45,12,Yes,No,4.1,38
5568,Male,1.1,65,30,49,34,11,Yes,No,5.9,36
5569,Male,1.4,52,39,47,36,10,Yes,No,4.8,30
5570,Female,1.6,59,43,55,31,13,No,No,4.2,43
5571,Female,1.2,65,47,54,34,11,Yes,Yes,5.2,34
5572,Female,2.9,62,30,45,42,12,Yes,Yes,4.3,38
5573,Male,1.7,59,42,46,44,10,Yes,Yes,5.6,38
5574,Female,2.0,50,41,54,50,10,No,Yes,4.1,39
5575,Male,1.1,54,45,48,46,14,No,Yes,4.5,36
5576,Female,2.2,56,42,52,43,10,Yes,Yes,4.6,41
5577,Male,1.2,52,43,42,46,11,Yes,No,5.5,38
5578,Male,1.9,63,44,49,41,15,Yes,No,4.3,37
5579,Male,2.3,53,40,53,45,12,No,Yes,5.7,33
5580,Male,2.3,61,40,54,49,13,Yes,Yes,5.3,32
5581,Male,2.0,64,50,41,39,15,No,Yes,5.3,39
5582,Male,1.1,56,33,48,33,11,Yes,No,4.9,36
5583,Male,2.1,61,42,54,34,12,No,Yes,4.1,38
5584,Female,1.7,53,45,55,39,15,No,Yes,5.1,40
5585,Male,1.6,54,38,46,44,12,Yes,No,4.3,33
5586,Female,1.1,52,30,53,39,14,No,No,4.8,39
5587,Male,2.4,53,38,54,43,10,Yes,Yes,5.2,39
5588,Male,1.1,57,35,43,48,12,Yes,Yes,4.8,41
5589,Female,1.7,50,43,51,31,13,Yes,Yes,5.8,38
5590,Male,2.8,58,38,51,34,11,Yes,No,4.8,42
5591,Female,2.6,55,31,52,45,13,Yes,No,5.5,37
5592,Female,1.3,55,33,51,33,15,Yes,Yes,5.9,39
5593,Female,1.9,55,48,53,30,12,Yes,No,5.0,38
5594,Male,2.4,56,38,45,35,10,Yes,Yes,5.0,31
5595,Male,2.9,64,35,45,34,14,Yes,Yes,4.9,44
5596,Female,2.5,65,39,45,47,15,Yes,Yes,4.8,34
5597,Female,2.3,64,36,41,33,10,Yes,No,4.1,34
5598,Female,2.4,54,36,47,41,11,Yes,Yes,4.3,39
5599,Female,1.6,50,42,47,50,11,Yes,Yes,4.5,40
5600,Male,1.1,53,35,53,33,13,Yes,Yes,5.4,37
5601,Male,1.9,57,36,55,31,11,Yes,Yes,4.2,35
5602,Male,2.2,51,39,55,42,10,No,No,4.1,41
5603,Female,1.5,52,48,41,38,11,No,Yes,5.0,31
5604,Male,1.9,51,40,40,36,12,Yes,Yes,4.8,33
5605,Male,3.0,58,42,48,40,16,Yes,No,4.8,39
5606,Female,2.2,51,42,50,42,15,No,No,4.5,35
5607,Male,2.5,52,45,50,33,11,No,No,4.7,34
5608,Male,1.8,59,34,44,34,16,Yes,No,5.2,38
5609,Female,2.1,60,45,52,32,13,No,Yes,4.8,41
5610,Male,2.7,61,46,47,43,13,Yes,No,4.0,43
5611,Male,1.1,56,36,55,46,11,Yes,No,4.8,32
5612,Female,2.7,63,46,52,42,15,Yes,Yes,5.0,44
5613,Male,1.8,57,31,40,31,11,Yes,No,5.6,38
5614,Male,2.4,50,38,55,30,14,Yes,Yes,4.3,32
5615,Male,2.6,58,34,43,36,16,Yes,No,4.9,41
5616,Female,2.2,54,43,48,48,12,Yes,No,4.5,40
5617,Female,2.2,57,42,46,34,16,No,No,4.6,42
5618,Female,2.6,61,49,43,50,15,No,No,4.8,35
5619,Female,2.2,51,38,40,49,11,Yes,No,4.5,33
5620,Female,2.6,60,34,45,45,12,No,Yes,5.2,34
5621,Male,2.4,65,35,45,34,10,No,Yes,5.6,37
5622,Male,2.6,62,49,46,35,14,Yes,Yes,5.9,41
5623,Female,2.4,62,40,42,43,10,Yes,Yes,5.1,34
5624,Female,2.8,57,36,53,43,16,Yes,No,5.4,39
5625,Male,2.3,62,42,49,45,10,No,Yes,6.0,32
5626,Male,2.3,64,34,46,48,10,Yes,Yes,5.2,32
5627,Male,2.9,51,43,46,43,14,Yes,No,5.4,42
5628,Female,2.9,64,43,51,41,14,Yes,No,5.2,44
5629,Male,3.0,63,48,54,42,10,Yes,Yes,5.5,34
5630,Male,2.1,61,33,49,37,13,Yes,Yes,5.3,36
5631,Male,2.9,59,49,43,43,11,Yes,Yes,4.9,34
5632,Female,2.4,58,34,45,34,10,Yes,No,5.7,35
5633,Male,2.6,65,36,42,48,10,No,Yes,5.8,35
5634,Female,1.7,51,35,51,47,11,No,No,5.5,36
5635,Male,1.5,65,33,40,39,12,Yes,Yes,4.4,36
5636,Female,2.3,56,39,47,32,15,No,Yes,4.9,33
5637,Female,1.5,56,41,48,44,15,Yes,No,4.2,38
5638,Female,1.5,55,40,49,33,13,Yes,Yes,5.6,41
5639,Male,1.1,54,48,48,40,16,No,No,5.1,33
5640,Female,1.7,53,47,53,48,15,No,Yes,6.0,43
5641,Male,1.7,59,49,46,33,12,No,No,4.6,39
5642,Female,2.8,63,33,47,43,13,Yes,No,5.4,39
5643,Male,2.7,60,38,47,37,13,No,Yes,5.4,41
5644,Male,1.3,58,45,40,43,14,Yes,Yes,5.5,38
5645,Male,1.2,59,30,52,49,16,Yes,Yes,4.9,43
5646,Female,2.7,58,32,53,35,14,Yes,No,4.4,43
5647,Male,2.1,64,40,52,38,13,Yes,No,5.9,32
5648,Female,2.3,61,37,43,44,12,Yes,No,4.7,31
5649,Male,1.9,59,37,48,31,11,No,No,5.2,38
5650,Male,1.7,61,44,53,48,15,Yes,Yes,4.1,38
5651,Male,2.9,51,49,51,42,11,Yes,Yes,4.8,32
5652,Male,1.3,55,36,43,36,11,Yes,Yes,5.2,37
5653,Female,1.4,61,47,51,49,14,Yes,Yes,4.2,43
5654,Female,1.8,61,46,52,48,11,No,Yes,4.3,36
5655,Male,1.4,62,35,55,33,10,Yes,No,4.9,31
5656,Female,2.9,60,49,50,41,11,Yes,No,5.2,38
5657,Male,2.0,54,49,48,47,13,No,No,4.5,32
5658,Female,1.7,58,33,54,48,11,Yes,Yes,5.4,42
5659,Male,1.6,53,38,45,32,12,Yes,No,4.5,31
5660,Male,1.3,54,47,51,45,12,Yes,No,4.1,31
5661,Female,2.3,64,30,46,41,12,Yes,No,5.8,39
5662,Male,1.1,64,44,55,40,10,Yes,Yes,5.3,30
5663,Male,2.5,53,49,49,30,13,Yes,Yes,4.3,36
5664,Female,1.2,51,38,43,32,13,No,Yes,4.1,32
5665,Male,2.6,52,36,40,30,11,No,Yes,5.2,37
5666,Male,1.6,58,44,45,49,14,Yes,No,4.1,38
5667,Female,2.0,56,49,40,38,14,Yes,Yes,5.9,41
5668,Female,1.6,59,39,44,42,11,No,Yes,4.4,34
5669,Female,1.7,51,36,49,47,11,Yes,No,5.6,40
5670,Male,1.1,63,31,52,38,15,Yes,No,5.7,36
5671,Male,2.7,59,33,55,45,15,Yes,No,5.8,36
5672,Male,2.9,51,44,43,47,15,No,No,5.6,35
5673,Male,2.3,63,36,45,37,10,Yes,Yes,5.1,37
5674,Male,2.4,50,47,41,34,16,Yes,Yes,4.5,43
5675,Male,2.8,54,41,54,49,12,Yes,Yes,4.5,38
5676,Female,2.8,56,41,49,44,15,No,No,4.4,40
5677,Male,1.3,50,35,47,46,15,Yes,No,4.5,42
5678,Male,1.9,61,49,42,38,12,No,Yes,4.0,32
5679,Male,2.5,54,46,52,49,11,Yes,No,5.2,36
5680,Male,1.5,56,46,45,44,13,Yes,Yes,5.9,37
5681,Male,2.1,51,35,49,48,13,Yes,No,4.8,42
5682,Male,2.1,60,35,40,32,10,Yes,Yes,5.4,31
5683,Female,2.5,59,45,44,30,13,No,Yes,4.5,38
5684,Male,1.0,56,34,45,33,15,Yes,No,5.3,39
5685,Female,1.3,58,50,47,48,10,No,No,4.1,34
5686,Male,1.2,51,37,55,34,14,Yes,No,5.5,31
5687,Female,1.3,60,44,50,41,10,Yes,Yes,4.3,34
5688,Female,2.0,63,50,46,36,15,Yes,Yes,4.0,36
5689,Male,1.8,63,47,45,33,11,Yes,Yes,5.0,39
5690,Female,1.4,61,48,51,47,11,No,No,5.3,37
5691,Male,1.3,55,49,50,49,10,Yes,No,5.2,41
5692,Female,2.5,65,41,46,44,13,Yes,Yes,5.7,40
5693,Male,2.9,61,47,53,39,13,Yes,Yes,4.9,43
5694,Male,2.4,65,30,50,33,14,Yes,No,4.8,38
5695,Male,2.8,60,32,43,41,14,Yes,Yes,5.3,38
5696,Male,1.8,64,30,49,35,13,No,No,4.5,42
5697,Female,2.7,51,39,52,43,16,Yes,Yes,4.0,40
5698,Female,2.0,51,39,43,43,11,Yes,No,5.5,36
5699,Female,1.1,55,35,50,35,10,Yes,No,4.4,33
5700,Male,1.5,62,34,55,42,11,No,No,4.6,32
5701,Female,2.2,65,50,42,40,15,Yes,No,4.2,44
5702,Male,2.5,60,37,47,40,14,Yes,Yes,5.7,37
5703,Male,1.4,61,50,50,34,11,Yes,No,5.1,40
5704,Female,2.1,51,32,42,45,15,Yes,No,4.6,42
5705,Female,1.2,59,49,53,37,11,Yes,Yes,4.8,30
5706,Male,1.6,50,39,50,49,16,Yes,Yes,4.8,34
5707,Female,1.1,61,49,55,41,16,No,Yes,5.0,37
5708,Male,1.3,50,39,45,30,15,Yes,No,5.0,36
5709,Male,2.1,63,40,48,48,10,No,Yes,5.7,41
5710,Male,1.1,61,39,43,40,10,Yes,No,5.2,40
5711,Male,2.5,50,44,52,30,16,Yes,Yes,5.4,34
5712,Female,1.4,61,33,45,47,12,Yes,No,5.6,40
5713,Female,3.0,61,48,51,47,11,Yes,Yes,5.0,33
5714,Female,2.8,63,49,43,41,13,Yes,Yes,5.1,37
5715,Male,2.7,55,45,53,33,10,Yes,No,4.0,35
5716,Female,1.1,58,41,52,48,10,Yes,No,4.7,39
5717,Female,2.8,61,50,53,36,11,Yes,Yes,5.0,43
5718,Female,1.5,65,46,55,30,10,No,Yes,5.1,31
5719,Male,1.5,65,49,50,35,11,Yes,Yes,4.4,36
5720,Female,2.3,64,30,54,33,11,No,No,5.0,39
5721,Female,2.5,51,46,42,36,15,Yes,No,5.9,35
5722,Male,1.4,51,39,49,46,12,Yes,No,5.3,34
5723,Male,2.0,53,43,48,48,12,Yes,No,5.0,32
5724,Female,3.0,50,30,45,46,12,Yes,No,4.3,36
5725,Male,2.1,57,50,43,37,13,Yes,Yes,5.0,37
5726,Male,3.0,51,40,55,48,11,Yes,No,4.7,32
5727,Female,2.8,53,37,53,46,11,No,No,5.5,32
5728,Male,2.7,65,49,53,47,12,No,Yes,6.0,40
5729,Male,2.9,50,50,41,43,11,Yes,Yes,4.1,34
5730,Female,1.0,62,43,49,50,15,Yes,Yes,4.7,35
5731,Male,1.2,57,40,41,50,16,Yes,Yes,4.2,36
5732,Female,2.1,60,30,44,48,10,Yes,No,5.7,39
5733,Female,1.7,58,49,54,34,12,Yes,No,4.6,34
5734,Male,2.6,59,34,43,44,16,No,No,4.7,37
5735,Female,2.6,60,33,49,39,12,Yes,No,4.6,38
5736,Female,2.6,60,35,50,34,15,Yes,No,5.8,42
5737,Female,2.7,57,30,48,37,10,Yes,No,5.0,40
5738,Male,2.9,53,37,53,49,14,Yes,Yes,5.9,38
5739,Male,2.0,65,34,54,33,12,Yes,Yes,4.5,33
5740,Male,3.0,50,36,46,38,16,Yes,No,4.2,38
5741,Female,2.9,64,34,41,44,12,Yes,Yes,5.8,43
5742,Female,1.1,51,43,47,35,11,Yes,Yes,5.2,41
5743,Female,1.5,61,35,43,30,14,Yes,No,4.7,40
5744,Male,1.7,55,43,47,35,10,No,No,5.1,35
5745,Female,2.1,61,46,42,46,10,Yes,Yes,5.8,42
5746,Female,2.0,57,39,44,50,10,Yes,No,4.8,34
5747,Male,1.7,59,36,46,39,14,Yes,No,5.4,33
5748,Female,1.5,56,35,49,34,12,Yes,Yes,5.6,31
5749,Male,2.4,64,37,43,42,11,Yes,Yes,4.4,36
5750,Female,2.5,55,39,48,45,14,No,No,4.5,43
5751,Female,2.8,52,35,51,45,14,Yes,Yes,5.6,43
5752,Female,1.1,59,33,45,45,16,Yes,Yes,4.3,36
5753,Female,1.4,51,44,52,48,14,Yes,No,5.3,33
5754,Female,1.2,64,45,51,33,13,Yes,No,4.8,32
5755,Male,1.1,58,39,40,34,13,No,Yes,4.9,31
5756,Male,1.4,62,34,50,45,12,No,Yes,4.2,31
5757,Male,2.5,61,45,49,37,14,Yes,Yes,5.6,41
5758,Male,2.9,52,47,48,41,14,No,No,4.1,40
5759,Male,1.2,52,47,45,36,13,Yes,Yes,4.4,40
5760,Male,1.2,51,36,42,31,11,No,No,4.8,33
5761,Female,1.8,64,39,45,41,11,Yes,No,5.7,33
5762,Male,1.7,58,45,52,37,16,No,Yes,4.2,44
5763,Male,2.8,51,36,52,40,11,Yes,No,4.7,36
5764,Female,1.9,58,43,53,44,16,Yes,No,4.8,35
5765,Male,1.8,65,39,54,48,10,Yes,No,4.6,37
5766,Female,1.6,55,31,51,49,16,No,Yes,4.9,34
5767,Female,2.1,62,38,47,45,10,No,No,5.2,37
5768,Male,1.6,65,37,42,33,13,Yes,No,4.1,37
5769,Female,2.8,61,35,42,33,16,Yes,No,5.5,39
5770,Male,1.0,61,30,48,36,16,Yes,Yes,5.3,43
5771,Male,2.7,50,46,47,40,14,Yes,No,5.4,39
5772,Female,1.9,60,38,54,41,16,Yes,Yes,5.2,43
5773,Female,2.5,55,50,41,39,11,Yes,Yes,4.8,34
5774,Female,2.2,65,46,50,31,16,No,Yes,5.4,42
5775,Female,2.9,60,37,41,46,10,Yes,No,4.7,31
5776,Male,1.7,53,49,47,35,16,No,No,4.6,41
5777,Male,1.9,55,36,54,33,10,Yes,No,5.8,32
5778,Female,1.4,52,47,55,41,13,Yes,No,4.1,35
5779,Male,1.8,57,50,40,32,12,Yes,Yes,4.6,39
5780,Male,2.2,65,35,49,32,15,Yes,No,4.1,40
5781,Male,1.8,57,34,48,31,10,Yes,Yes,5.9,38
5782,Male,2.5,65,30,54,33,14,Yes,Yes,4.5,40
5783,Male,2.6,57,45,46,50,10,Yes,No,5.9,42
5784,Female,2.0,63,31,42,31,10,Yes,No,5.9,41
5785,Male,1.0,64,31,42,46,11,Yes,No,4.3,37
5786,Male,2.1,62,33,40,46,12,Yes,No,5.6,39
5787,Male,2.7,53,30,44,34,11,No,Yes,5.4,33
5788,Female,2.7,51,40,43,31,10,No,Yes,5.8,31
5789,Male,2.6,53,30,52,44,13,Yes,No,5.2,40
5790,Male,1.6,59,32,42,43,11,Yes,Yes,5.7,40
5791,Female,1.2,62,38,44,48,12,Yes,Yes,5.0,38
5792,Male,1.2,65,30,44,40,12,No,No,5.7,41
5793,Male,2.9,58,35,42,46,15,Yes,Yes,5.9,35
5794,Female,2.3,51,40,54,41,14,Yes,Yes,5.7,38
5795,Male,1.6,58,50,44,43,11,Yes,No,4.5,37
5796,Male,2.3,59,46,54,45,10,Yes,No,5.7,35
5797,Female,1.8,56,49,44,30,11,Yes,No,4.2,40
5798,Female,1.6,55,35,55,47,10,No,No,5.0,33
5799,Male,2.2,57,31,52,43,13,Yes,Yes,5.7,39
5800,Male,2.3,63,50,49,49,14,Yes,No,4.1,34
5801,Female,1.2,63,39,50,38,16,Yes,No,5.9,42
5802,Male,1.7,64,33,47,50,13,Yes,Yes,4.2,35
5803,Female,2.3,55,46,54,36,11,No,Yes,5.9,34
5804,Male,2.9,58,47,49,34,13,Yes,No,5.7,44
5805,Male,1.7,58,50,41,36,15,No,No,4.1,32
5806,Male,1.5,63,40,49,41,11,Yes,No,5.1,41
5807,Male,1.3,57,39,50,37,11,Yes,No,4.7,38
5808,Male,2.6,65,41,49,49,15,No,No,4.3,33
5809,Female,1.2,57,50,54,50,13,Yes,No,4.1,43
5810,Male,2.0,50,33,49,32,10,No,No,5.9,36
5811,Male,1.4,61,37,48,35,14,Yes,Yes,4.1,38
5812,Female,1.7,52,42,46,49,13,No,No,5.8,38
5813,Male,2.6,54,33,51,32,10,Yes,Yes,5.3,41
5814,Male,1.6,50,31,44,44,13,Yes,No,4.5,30
5815,Male,1.3,63,50,46,47,10,No,No,5.7,40
5816,Male,2.9,62,44,53,37,15,No,No,5.3,34
5817,Female,1.9,57,49,55,32,12,No,No,4.2,34
5818,Male,1.3,57,30,52,38,15,No,No,4.8,33
5819,Female,2.7,52,43,55,39,15,No,Yes,5.4,43
5820,Female,1.7,59,45,48,37,14,Yes,Yes,5.6,37
5821,Female,2.6,65,35,49,40,16,Yes,No,5.2,44
5822,Male,1.7,59,30,48,34,10,Yes,No,4.0,31
5823,Female,1.2,65,44,50,38,12,Yes,No,4.4,31
5824,Male,1.8,54,43,45,36,11,Yes,Yes,5.1,34
5825,Female,2.3,61,36,50,35,16,Yes,No,5.3,40
5826,Female,2.3,56,33,45,41,11,Yes,No,4.6,40
5827,Female,1.4,53,33,42,44,12,Yes,No,4.2,34
5828,Male,1.8,59,48,45,33,12,Yes,No,4.2,39
5829,Female,2.8,65,32,54,32,11,Yes,No,4.6,42
5830,Male,2.8,61,38,45,40,13,Yes,No,4.3,41
5831,Male,1.4,56,33,53,32,16,No,Yes,4.3,43
5832,Male,2.3,65,47,49,34,15,Yes,No,5.4,42
5833,Female,1.8,64,34,41,48,13,Yes,Yes,5.7,38
5834,Male,2.2,53,50,44,47,12,Yes,No,5.9,39
5835,Female,1.6,63,39,47,36,10,Yes,Yes,5.5,31
5836,Female,1.6,50,35,52,34,10,Yes,Yes,5.0,36
5837,Male,1.5,57,41,43,47,12,Yes,No,5.7,33
5838,Male,1.8,56,31,54,37,16,Yes,Yes,5.2,40
5839,Male,2.0,60,38,49,36,10,Yes,No,4.0,35
5840,Female,2.5,65,39,43,50,12,Yes,No,5.8,38
5841,Male,1.8,56,35,51,37,16,No,No,5.6,36
5842,Male,1.9,61,44,52,42,16,No,No,4.1,33
5843,Male,1.0,62,43,53,31,13,Yes,Yes,5.2,37
5844,Male,2.4,63,32,41,43,14,Yes,No,5.2,38
5845,Female,1.3,58,45,48,33,15,Yes,Yes,5.4,33
5846,Male,2.3,58,36,53,46,12,Yes,Yes,5.0,35
5847,Female,1.1,50,32,44,30,14,No,No,5.0,37
5848,Male,2.2,54,45,42,48,10,Yes,Yes,5.0,41
5849,Male,2.9,65,49,44,33,13,Yes,No,4.7,34
5850,Male,1.9,50,33,41,46,13,Yes,No,5.4,36
5851,Female,1.6,52,40,44,46,14,No,No,4.4,41
5852,Male,2.7,60,32,55,45,11,Yes,No,4.2,32
5853,Female,1.2,60,34,55,43,16,No,Yes,4.4,38
5854,Female,1.8,61,32,42,46,11,Yes,No,4.6,38
5855,Male,2.2,64,35,55,33,16,Yes,No,4.7,43
5856,Male,2.7,56,39,43,37,16,Yes,No,4.7,36
5857,Male,2.4,59,48,53,50,14,Yes,Yes,4.9,41
5858,Male,1.9,60,39,48,47,11,No,No,4.2,40
5859,Male,1.2,54,40,50,46,14,No,Yes,5.9,40
5860,Female,1.1,52,40,42,36,12,No,Yes,5.5,37
5861,Female,1.6,63,49,53,37,14,Yes,No,5.0,37
5862,Female,1.2,59,32,45,40,15,No,No,4.5,41
5863,Male,1.1,61,44,44,49,15,Yes,No,5.4,43
5864,Female,1.7,55,31,53,45,15,Yes,No,4.1,36
5865,Male,1.9,65,44,48,39,16,Yes,No,4.2,43
5866,Male,2.8,53,46,45,31,10,Yes,Yes,4.4,35
5867,Male,1.7,55,45,43,45,11,Yes,No,5.4,33
5868,Male,1.9,62,39,53,41,10,Yes,Yes,5.7,40
5869,Female,2.4,64,46,49,41,16,Yes,No,5.0,42
5870,Male,1.2,59,49,42,44,14,No,Yes,5.7,39
5871,Male,2.9,55,37,51,33,10,Yes,Yes,5.1,34
5872,Male,1.8,63,47,49,34,10,Yes,No,4.0,33
5873,Male,1.1,57,31,50,34,12,Yes,Yes,4.2,34
5874,Male,3.0,61,33,47,36,12,Yes,Yes,4.4,42
5875,Female,1.9,57,50,53,32,10,Yes,No,5.1,41
5876,Male,1.1,60,36,53,47,13,Yes,Yes,4.8,33
5877,Female,1.3,56,40,49,50,12,Yes,Yes,4.8,32
5878,Female,1.7,56,46,46,39,14,Yes,Yes,5.6,42
5879,Female,1.4,51,31,50,48,10,Yes,No,4.6,29
5880,Male,1.1,62,38,45,37,16,No,No,5.0,36
5881,Male,2.6,54,39,42,39,15,Yes,Yes,4.9,42
5882,Male,1.3,52,45,55,49,16,Yes,No,5.9,38
5883,Male,1.2,53,45,44,45,12,No,Yes,5.1,33
5884,Male,2.8,60,30,55,48,13,Yes,No,4.5,36
5885,Male,2.3,58,48,52,32,14,Yes,Yes,5.8,38
5886,Male,1.3,52,38,51,45,10,No,No,6.0,35
5887,Female,1.3,56,44,51,44,13,Yes,No,4.2,39
5888,Male,2.7,52,45,52,45,10,Yes,No,5.3,40
5889,Male,2.3,63,35,48,39,12,Yes,Yes,4.4,41
5890,Female,2.4,50,37,55,46,15,Yes,Yes,5.5,40
5891,Female,2.7,59,49,42,47,13,Yes,No,5.1,38
5892,Female,2.4,50,36,44,35,13,Yes,Yes,5.1,38
5893,Female,1.9,61,45,51,39,12,Yes,No,5.0,38
5894,Female,1.5,63,39,46,30,14,Yes,No,4.2,34
5895,Male,1.7,58,32,44,35,13,Yes,No,4.8,35
5896,Female,2.1,60,41,54,37,10,Yes,Yes,4.6,41
5897,Male,1.8,54,38,55,44,13,Yes,No,4.0,41
5898,Male,2.0,52,31,41,34,12,Yes,No,4.6,39
5899,Female,2.3,57,49,52,49,13,Yes,No,5.2,36
5900,Male,2.4,64,43,46,47,15,No,Yes,5.6,43
5901,Male,2.9,56,47,53,47,10,Yes,Yes,5.8,39
5902,Female,1.5,51,45,47,45,14,Yes,Yes,5.9,36
5903,Female,1.8,58,49,52,30,15,Yes,Yes,4.4,36
5904,Female,1.1,62,44,44,34,13,Yes,No,5.3,39
5905,Male,1.9,64,44,54,47,16,No,No,4.8,42
5906,Male,1.2,52,49,41,41,15,Yes,Yes,5.2,36
5907,Female,1.4,61,36,55,38,10,No,No,5.3,33
5908,Female,1.1,57,37,44,38,14,Yes,Yes,5.4,40
5909,Male,2.1,58,49,43,49,14,Yes,Yes,5.6,40
5910,Male,1.0,57,41,55,35,12,Yes,Yes,4.9,34
5911,Male,2.6,60,31,40,44,11,No,Yes,5.1,36
5912,Female,2.0,50,30,53,43,15,Yes,No,5.9,42
5913,Male,2.3,60,30,50,32,16,Yes,Yes,4.5,32
5914,Female,2.5,61,49,55,41,12,Yes,No,4.5,38
5915,Female,2.7,62,33,41,45,13,Yes,No,5.4,42
5916,Female,1.3,63,39,52,32,16,No,No,6.0,36
5917,Male,1.3,50,34,54,41,15,Yes,Yes,4.1,40
5918,Female,2.5,63,48,47,47,15,Yes,Yes,4.1,39
5919,Male,2.7,62,50,40,33,13,Yes,Yes,5.0,34
5920,Male,2.0,50,31,40,42,14,Yes,No,5.7,42
5921,Male,2.1,61,48,47,48,15,No,Yes,4.3,35
5922,Female,2.9,60,35,46,35,11,Yes,No,4.2,41
5923,Female,1.4,61,50,42,44,13,Yes,No,5.1,35
5924,Female,2.1,60,43,50,48,10,No,No,5.0,37
5925,Female,1.0,63,36,53,33,15,Yes,No,5.6,34
5926,Male,1.1,56,30,52,48,16,Yes,Yes,5.2,41
5927,Male,1.3,64,46,52,34,14,Yes,No,5.2,36
5928,Male,2.1,51,41,44,32,14,Yes,No,4.7,37
5929,Female,2.5,53,34,53,31,12,Yes,No,5.4,41
5930,Female,1.7,52,47,48,38,10,No,No,5.2,34
5931,Female,1.9,55,45,41,41,12,Yes,No,5.0,36
5932,Female,1.8,57,30,41,41,13,Yes,Yes,6.0,41
5933,Female,2.7,61,30,43,34,16,No,Yes,5.8,37
5934,Female,2.3,62,43,41,41,10,Yes,Yes,6.0,42
5935,Male,2.3,64,43,50,45,14,Yes,Yes,5.8,36
5936,Female,2.2,59,45,48,37,13,Yes,Yes,4.3,43
5937,Male,2.7,52,48,52,30,14,No,No,4.2,35
5938,Female,2.0,59,35,48,50,11,Yes,No,4.3,32
5939,Male,1.3,63,34,47,45,13,No,No,4.4,41
5940,Male,1.0,57,33,48,41,11,No,No,4.5,39
5941,Female,1.4,56,35,54,38,15,Yes,No,4.3,38
5942,Male,1.8,51,40,41,31,10,Yes,Yes,5.4,40
5943,Male,2.1,60,45,51,31,10,No,Yes,5.7,35
5944,Male,1.9,53,47,41,45,13,Yes,No,5.2,36
5945,Male,1.7,53,39,48,43,13,No,Yes,4.2,42
5946,Female,1.2,50,43,51,43,16,No,Yes,4.3,39
5947,Female,1.6,60,40,47,50,15,Yes,Yes,4.8,41
5948,Female,2.2,61,49,41,35,15,Yes,Yes,4.5,38
5949,Male,2.7,55,35,52,43,12,No,No,5.0,37
5950,Male,1.2,62,35,47,42,11,No,No,5.4,40
5951,Female,1.4,61,32,46,32,15,Yes,No,6.0,38
5952,Female,2.9,50,35,55,46,12,Yes,No,4.9,37
5953,Female,1.9,55,37,43,45,16,Yes,Yes,4.8,44
5954,Female,1.7,60,46,48,36,10,Yes,Yes,4.4,36
5955,Female,1.6,58,30,54,36,14,Yes,Yes,5.0,42
5956,Male,1.7,60,44,55,48,14,Yes,Yes,5.6,33
5957,Female,2.5,58,34,50,33,10,Yes,No,5.0,41
5958,Male,1.2,54,39,43,41,11,Yes,No,5.0,37
5959,Male,1.0,63,32,54,31,16,Yes,No,5.3,39
5960,Female,1.6,60,36,47,45,15,Yes,Yes,5.9,35
5961,Male,1.8,53,38,53,33,13,Yes,No,5.4,36
5962,Male,1.5,65,43,48,30,15,Yes,No,5.2,36
5963,Female,2.0,50,49,40,45,10,Yes,No,5.1,39
5964,Male,2.8,53,39,51,33,12,Yes,No,5.2,38
5965,Male,2.1,56,42,41,44,11,Yes,No,5.2,38
5966,Male,2.1,57,46,42,42,16,Yes,No,5.1,42
5967,Male,3.0,50,49,41,44,10,No,No,5.6,38
5968,Female,1.5,50,42,40,38,12,Yes,Yes,5.4,32
5969,Male,1.5,51,30,45,45,15,No,No,5.6,35
5970,Male,1.4,56,45,47,43,14,Yes,Yes,5.7,32
5971,Male,2.8,62,31,50,48,10,Yes,Yes,4.5,35
5972,Male,1.3,61,38,46,31,16,No,No,5.6,38
5973,Male,2.8,59,41,43,36,15,Yes,No,5.3,44
5974,Male,1.1,62,31,40,49,14,Yes,Yes,5.2,39
5975,Male,2.4,52,38,47,33,16,Yes,No,4.8,33
5976,Male,2.4,63,41,53,39,15,Yes,Yes,4.1,36
5977,Female,1.9,51,43,44,47,16,Yes,No,5.3,35
5978,Male,1.4,64,49,46,47,15,Yes,No,5.2,43
5979,Female,1.3,52,50,55,38,16,Yes,No,5.0,35
5980,Female,1.7,61,40,43,35,14,Yes,No,5.7,41
5981,Male,2.1,63,45,53,43,12,No,Yes,5.5,32
5982,Male,1.2,54,50,42,37,11,Yes,No,5.3,40
5983,Female,2.3,58,35,42,39,12,Yes,Yes,5.5,34
5984,Female,2.5,64,39,47,49,13,No,No,5.8,36
5985,Male,2.7,56,31,46,40,15,Yes,No,4.5,38
5986,Male,1.1,56,39,52,43,16,Yes,No,4.0,40
5987,Female,1.9,61,45,50,43,10,Yes,Yes,4.0,31
5988,Male,2.6,55,35,43,34,11,Yes,Yes,5.2,37
5989,Male,2.2,57,34,46,34,14,Yes,Yes,4.7,36
5990,Male,2.9,63,37,44,43,15,Yes,No,6.0,35
5991,Male,1.4,65,33,50,50,10,No,No,4.5,32
5992,Female,2.0,51,32,43,50,12,Yes,Yes,5.5,32
5993,Female,1.4,55,42,46,40,12,Yes,No,5.6,38
5994,Male,2.6,56,32,41,40,13,Yes,No,4.2,39
5995,Male,1.7,60,40,44,44,14,Yes,Yes,5.5,39
5996,Male,2.8,56,40,53,39,10,No,No,6.0,42
5997,Male,2.0,52,49,51,30,13,Yes,No,5.4,39
5998,Female,2.1,56,46,43,48,15,Yes,No,4.2,43
5999,Female,1.5,53,35,47,32,14,No,Yes,5.4,31
6000,Male,1.7,53,45,50,46,16,Yes,Yes,4.8,36
